nccl-test-worker-1:153679:153679 [0] NCCL INFO cudaDriverVersion 12020
nccl-test-worker-1:153679:153679 [0] NCCL INFO NCCL version 2.26.5+cuda12.2
nccl-test-worker-1:153679:153745 [0] NCCL INFO NET/Plugin: Failed to find ncclNetPlugin_v10 symbol.
nccl-test-worker-1:153679:153745 [0] NCCL INFO NET/Plugin: Failed to find ncclNetPlugin_v9 symbol.
nccl-test-worker-1:153679:153745 [0] NCCL INFO NET/Plugin: Failed to find ncclNetPlugin_v8 symbol.
nccl-test-worker-1:153679:153745 [0] NCCL INFO NET/Plugin: Failed to find ncclNetPlugin_v7 symbol.
nccl-test-worker-1:153679:153745 [0] NCCL INFO NET/Plugin: Loaded net plugin NCCL RDMA Plugin v6 (v6)
nccl-test-worker-1:153679:153745 [0] NCCL INFO NET/Plugin: Failed to find ncclCollNetPlugin_v10 symbol.
nccl-test-worker-1:153679:153745 [0] NCCL INFO NET/Plugin: Failed to find ncclCollNetPlugin_v9 symbol.
nccl-test-worker-1:153679:153745 [0] NCCL INFO NET/Plugin: Failed to find ncclCollNetPlugin_v8 symbol.
nccl-test-worker-1:153679:153745 [0] NCCL INFO NET/Plugin: Failed to find ncclCollNetPlugin_v7 symbol.
nccl-test-worker-1:153679:153745 [0] NCCL INFO NET/Plugin: Loaded collnet plugin SHARP (v6)
nccl-test-worker-1:153679:153745 [0] NCCL INFO Plugin Path : /opt/hpcx/nccl_rdma_sharp_plugin/lib/libnccl-net.so
nccl-test-worker-1:153679:153745 [0] NCCL INFO P2P plugin IBext
nccl-test-worker-1:153679:153745 [0] NCCL INFO NET/IB : Using [0]mlx5_1:1/RoCE [1]mlx5_2:1/RoCE [2]mlx5_3:1/RoCE [3]mlx5_4:1/RoCE [4]mlx5_5:1/RoCE [5]mlx5_6:1/RoCE [6]mlx5_7:1/RoCE [7]mlx5_8:1/RoCE [RO]; OOB eth0:10.0.50.207<0>
nccl-test-worker-1:153679:153745 [0] NCCL INFO PROFILER/Plugin: Could not find: libnccl-profiler.so. 
nccl-test-worker-1:153679:153745 [0] NCCL INFO Using network NCCL RDMA Plugin v6
nccl-test-worker-1:153679:153745 [0] NCCL INFO ncclCommInitRankMemOpt comm 0x55f30eed7ed0 rank 0 nranks 8 cudaDev 0 nvmlDev 0 busId 4b000 commId 0x3b53bd3592832a31 - Init START
nccl-test-worker-1:153679:153745 [0] NCCL INFO RAS client listening socket at ::1<28028>
nccl-test-worker-1:153679:153745 [0] NCCL INFO Setting affinity for GPU 0 to ffffffff,00000000,ffffffff
nccl-test-worker-1:153679:153745 [0] NCCL INFO NVLS multicast support is not available on dev 0
nccl-test-worker-1:153679:153745 [0] NCCL INFO comm 0x55f30eed7ed0 rank 0 nRanks 8 nNodes 1 localRanks 8 localRank 0 MNNVL 0
nccl-test-worker-1:153679:153745 [0] NCCL INFO Channel 00/16 : 0 1 2 3 4 5 6 7
nccl-test-worker-1:153679:153745 [0] NCCL INFO Channel 01/16 : 0 1 2 3 4 5 6 7
nccl-test-worker-1:153679:153745 [0] NCCL INFO Channel 02/16 : 0 1 2 3 4 5 6 7
nccl-test-worker-1:153679:153745 [0] NCCL INFO Channel 03/16 : 0 1 2 3 4 5 6 7
nccl-test-worker-1:153679:153745 [0] NCCL INFO Channel 04/16 : 0 1 2 3 4 5 6 7
nccl-test-worker-1:153679:153745 [0] NCCL INFO Channel 05/16 : 0 1 2 3 4 5 6 7
nccl-test-worker-1:153679:153745 [0] NCCL INFO Channel 06/16 : 0 1 2 3 4 5 6 7
nccl-test-worker-1:153679:153745 [0] NCCL INFO Channel 07/16 : 0 1 2 3 4 5 6 7
nccl-test-worker-1:153679:153745 [0] NCCL INFO Channel 08/16 : 0 1 2 3 4 5 6 7
nccl-test-worker-1:153679:153745 [0] NCCL INFO Channel 09/16 : 0 1 2 3 4 5 6 7
nccl-test-worker-1:153679:153745 [0] NCCL INFO Channel 10/16 : 0 1 2 3 4 5 6 7
nccl-test-worker-1:153679:153745 [0] NCCL INFO Channel 11/16 : 0 1 2 3 4 5 6 7
nccl-test-worker-1:153679:153745 [0] NCCL INFO Channel 12/16 : 0 1 2 3 4 5 6 7
nccl-test-worker-1:153679:153745 [0] NCCL INFO Channel 13/16 : 0 1 2 3 4 5 6 7
nccl-test-worker-1:153679:153745 [0] NCCL INFO Channel 14/16 : 0 1 2 3 4 5 6 7
nccl-test-worker-1:153679:153745 [0] NCCL INFO Channel 15/16 : 0 1 2 3 4 5 6 7
nccl-test-worker-1:153679:153745 [0] NCCL INFO Trees [0] 1/-1/-1->0->-1 [1] 1/-1/-1->0->-1 [2] 1/-1/-1->0->-1 [3] 1/-1/-1->0->-1 [4] 1/-1/-1->0->-1 [5] 1/-1/-1->0->-1 [6] 1/-1/-1->0->-1 [7] 1/-1/-1->0->-1 [8] 1/-1/-1->0->-1 [9] 1/-1/-1->0->-1 [10] 1/-1/-1->0->-1 [11] 1/-1/-1->0->-1 [12] 1/-1/-1->0->-1 [13] 1/-1/-1->0->-1 [14] 1/-1/-1->0->-1 [15] 1/-1/-1->0->-1
nccl-test-worker-1:153679:153745 [0] NCCL INFO comm 0x55f30eed7ed0 rank 0 nranks 8 cudaDev 0 getCommBuffMemAlloc comm->commType 0 commTypeStr NCCL_TP_COMM_MEM_ALLOC
nccl-test-worker-1:153679:153745 [0] NCCL INFO comm 0x55f30eed7ed0 rank 0 nranks 8 cudaDev 0 comm->commType 0 commTypeStr NCCL_TP_COMM_MEM_ALLOC set LL Buffsize to 524288
nccl-test-worker-1:153679:153745 [0] NCCL INFO comm 0x55f30eed7ed0 rank 0 nranks 8 cudaDev 0 comm->commType 0 commTypeStr NCCL_TP_COMM_MEM_ALLOC set LL128 Buffsize to 65536
nccl-test-worker-1:153679:153745 [0] NCCL INFO comm 0x55f30eed7ed0 rank 0 nranks 8 cudaDev 0 comm->commType 0 commTypeStr NCCL_TP_COMM_MEM_ALLOC set SIMPLE Buffsize to 4194304
nccl-test-worker-1:153679:153745 [0] NCCL INFO P2P Chunksize set to 524288
nccl-test-worker-1:153679:153745 [0] NCCL INFO Check P2P Type intraNodeP2pSupport 1 directMode 0
nccl-test-worker-1:153679:153835 [0] NCCL INFO [Proxy Service] Device 0 CPU core 85
nccl-test-worker-1:153679:153839 [0] NCCL INFO [Proxy Service UDS] Device 0 CPU core 12
nccl-test-worker-1:153679:153745 [0] NCCL INFO   Algorithm   |                            Tree                  |                            Ring                  |                   CollNetDirect                  |
nccl-test-worker-1:153679:153745 [0] NCCL INFO   Protocol    |             LL |          LL128 |         Simple |             LL |          LL128 |         Simple |             LL |          LL128 |         Simple |
nccl-test-worker-1:153679:153745 [0] NCCL INFO  Max NThreads |            512 |            640 |            512 |            512 |            640 |            512 |              0 |              0 |            640 |
nccl-test-worker-1:153679:153745 [0] NCCL INFO     Broadcast |     0.0/   0.0 |     0.0/   0.0 |     0.0/   0.0 |     7.2/  80.0 |    15.9/ 147.2 |    11.8/ 160.0 |     0.0/   0.0 |     0.0/   0.0 |     0.0/   0.0 |
nccl-test-worker-1:153679:153745 [0] NCCL INFO        Reduce |     0.0/   0.0 |     0.0/   0.0 |     0.0/   0.0 |     7.2/  80.0 |    15.9/ 147.2 |    11.8/ 160.0 |     0.0/   0.0 |     0.0/   0.0 |     0.0/   0.0 |
nccl-test-worker-1:153679:153745 [0] NCCL INFO     AllGather |     0.0/   0.0 |     0.0/   0.0 |     0.0/   0.0 |    10.8/  91.4 |    27.3/ 168.2 |    32.2/ 182.9 |     5.6/   0.0 |     5.6/   0.0 |    44.0/   0.0 |
nccl-test-worker-1:153679:153745 [0] NCCL INFO ReduceScatter |     0.0/   0.0 |     0.0/   0.0 |     0.0/   0.0 |    10.8/  91.4 |    27.3/ 168.2 |    32.2/ 182.9 |     5.6/   0.0 |     5.6/   0.0 |    44.0/   0.0 |
nccl-test-worker-1:153679:153745 [0] NCCL INFO     AllReduce |    15.2/  19.4 |    31.5/  57.2 |    64.4/  73.6 |    15.0/  45.7 |    40.6/  84.1 |    56.0/  91.4 |     5.6/   0.0 |     5.6/   0.0 |    44.0/   0.0 |
nccl-test-worker-1:153679:153745 [0] NCCL INFO   Algorithm   |                    CollNetChain                  |                            NVLS                  |                        NVLSTree                  |
nccl-test-worker-1:153679:153745 [0] NCCL INFO   Protocol    |             LL |          LL128 |         Simple |             LL |          LL128 |         Simple |             LL |          LL128 |         Simple |
nccl-test-worker-1:153679:153745 [0] NCCL INFO  Max NThreads |              0 |              0 |            640 |              0 |              0 |            640 |              0 |              0 |            640 |
nccl-test-worker-1:153679:153745 [0] NCCL INFO     Broadcast |     0.0/   0.0 |     0.0/   0.0 |     0.0/   0.0 |     0.0/   0.0 |     0.0/   0.0 |     0.0/   0.0 |     0.0/   0.0 |     0.0/   0.0 |     0.0/   0.0 |
nccl-test-worker-1:153679:153745 [0] NCCL INFO        Reduce |     0.0/   0.0 |     0.0/   0.0 |     0.0/   0.0 |     0.0/   0.0 |     0.0/   0.0 |     0.0/   0.0 |     0.0/   0.0 |     0.0/   0.0 |     0.0/   0.0 |
nccl-test-worker-1:153679:153745 [0] NCCL INFO     AllGather |     0.0/   0.0 |     0.0/   0.0 |     0.0/   0.0 |     0.0/   0.0 |     0.0/   0.0 |     0.0/   0.0 |     0.0/   0.0 |     0.0/   0.0 |     0.0/   0.0 |
nccl-test-worker-1:153679:153745 [0] NCCL INFO ReduceScatter |     0.0/   0.0 |     0.0/   0.0 |     0.0/   0.0 |     0.0/   0.0 |     0.0/   0.0 |     0.0/   0.0 |     0.0/   0.0 |     0.0/   0.0 |     0.0/   0.0 |
nccl-test-worker-1:153679:153745 [0] NCCL INFO     AllReduce |     0.0/   0.0 |     0.0/   0.0 |    69.2/   0.0 |     0.0/   0.0 |     0.0/   0.0 |     0.0/   0.0 |     0.0/   0.0 |     0.0/   0.0 |     0.0/   0.0 |
nccl-test-worker-1:153679:153745 [0] NCCL INFO   Algorithm   |                             PAT                  |
nccl-test-worker-1:153679:153745 [0] NCCL INFO   Protocol    |             LL |          LL128 |         Simple |             LL |          LL128 |         Simple |             LL |          LL128 |         Simple |
nccl-test-worker-1:153679:153745 [0] NCCL INFO  Max NThreads |              0 |              0 |              0 |
nccl-test-worker-1:153679:153745 [0] NCCL INFO     Broadcast |     0.0/   0.0 |     0.0/   0.0 |     0.0/   0.0 |
nccl-test-worker-1:153679:153745 [0] NCCL INFO        Reduce |     0.0/   0.0 |     0.0/   0.0 |     0.0/   0.0 |
nccl-test-worker-1:153679:153745 [0] NCCL INFO     AllGather |     0.0/   0.0 |     0.0/   0.0 |     0.0/   0.0 |
nccl-test-worker-1:153679:153745 [0] NCCL INFO ReduceScatter |     0.0/   0.0 |     0.0/   0.0 |     0.0/   0.0 |
nccl-test-worker-1:153679:153745 [0] NCCL INFO     AllReduce |     0.0/   0.0 |     0.0/   0.0 |     0.0/   0.0 |
nccl-test-worker-1:153679:153745 [0] NCCL INFO threadThresholds 8/8/64 | 64/8/64 | 512 | 512
nccl-test-worker-1:153679:153745 [0] NCCL INFO comm 0x55f30eed7ed0, 16 coll channels, 16 collnet channels, 0 nvls channels, 16 p2p channels, 16 p2p channels per peer
nccl-test-worker-1:153679:153745 [0] NCCL INFO CC Off, workFifoBytes 1048576
nccl-test-worker-1:153679:153745 [0] NCCL INFO TUNER/Plugin: Could not find: libnccl-tuner.so. Using internal tuner plugin.
nccl-test-worker-1:153679:153745 [0] NCCL INFO TUNER/Plugin: Failed to find ncclTunerPlugin_v4 symbol.
nccl-test-worker-1:153679:153745 [0] NCCL INFO TUNER/Plugin: Failed to find ncclTunerPlugin_v3 symbol.
nccl-test-worker-1:153679:153745 [0] NCCL INFO TUNER/Plugin: Failed to find ncclTunerPlugin_v2 symbol, using internal tuner instead.
nccl-test-worker-1:153679:153745 [0] NCCL INFO ncclCommInitRankMemOpt comm 0x55f30eed7ed0 rank 0 nranks 8 cudaDev 0 nvmlDev 0 busId 4b000 commId 0x3b53bd3592832a31 - Init COMPLETE
nccl-test-worker-1:153679:153745 [0] NCCL INFO Init timings - ncclCommInitRankMemOpt: rank 0 nranks 8 total 0.47 (kernels 0.13, alloc 0.14, bootstrap 0.05, allgathers 0.00, topo 0.11, graphs 0.00, connections 0.04, rest 0.00)
nccl-test-worker-1:153679:153843 [0] NCCL INFO Channel 00/1 : 0[0] -> 1[1] via P2P/CUMEM/read
nccl-test-worker-1:153679:153843 [0] NCCL INFO Channel 01/1 : 0[0] -> 1[1] via P2P/CUMEM/read
nccl-test-worker-1:153679:153843 [0] NCCL INFO Channel 02/1 : 0[0] -> 1[1] via P2P/CUMEM/read
nccl-test-worker-1:153679:153843 [0] NCCL INFO Channel 03/1 : 0[0] -> 1[1] via P2P/CUMEM/read
nccl-test-worker-1:153679:153843 [0] NCCL INFO Channel 04/1 : 0[0] -> 1[1] via P2P/CUMEM/read
nccl-test-worker-1:153679:153843 [0] NCCL INFO Channel 05/1 : 0[0] -> 1[1] via P2P/CUMEM/read
nccl-test-worker-1:153679:153843 [0] NCCL INFO Channel 06/1 : 0[0] -> 1[1] via P2P/CUMEM/read
nccl-test-worker-1:153679:153843 [0] NCCL INFO Channel 07/1 : 0[0] -> 1[1] via P2P/CUMEM/read
nccl-test-worker-1:153679:153843 [0] NCCL INFO Channel 08/1 : 0[0] -> 1[1] via P2P/CUMEM/read
nccl-test-worker-1:153679:153843 [0] NCCL INFO Channel 09/1 : 0[0] -> 1[1] via P2P/CUMEM/read
nccl-test-worker-1:153679:153843 [0] NCCL INFO Channel 10/1 : 0[0] -> 1[1] via P2P/CUMEM/read
nccl-test-worker-1:153679:153843 [0] NCCL INFO Channel 11/1 : 0[0] -> 1[1] via P2P/CUMEM/read
nccl-test-worker-1:153679:153843 [0] NCCL INFO Channel 12/1 : 0[0] -> 1[1] via P2P/CUMEM/read
nccl-test-worker-1:153679:153843 [0] NCCL INFO Channel 13/1 : 0[0] -> 1[1] via P2P/CUMEM/read
nccl-test-worker-1:153679:153843 [0] NCCL INFO Channel 14/1 : 0[0] -> 1[1] via P2P/CUMEM/read
nccl-test-worker-1:153679:153843 [0] NCCL INFO Channel 15/1 : 0[0] -> 1[1] via P2P/CUMEM/read
nccl-test-worker-1:153679:153843 [0] NCCL INFO Channel 00/1 : 0[0] -> 2[2] via P2P/CUMEM/read
nccl-test-worker-1:153679:153843 [0] NCCL INFO Channel 01/1 : 0[0] -> 2[2] via P2P/CUMEM/read
nccl-test-worker-1:153679:153843 [0] NCCL INFO Channel 02/1 : 0[0] -> 2[2] via P2P/CUMEM/read
nccl-test-worker-1:153679:153843 [0] NCCL INFO Channel 03/1 : 0[0] -> 2[2] via P2P/CUMEM/read
nccl-test-worker-1:153679:153843 [0] NCCL INFO Channel 04/1 : 0[0] -> 2[2] via P2P/CUMEM/read
nccl-test-worker-1:153679:153843 [0] NCCL INFO Channel 05/1 : 0[0] -> 2[2] via P2P/CUMEM/read
nccl-test-worker-1:153679:153843 [0] NCCL INFO Channel 06/1 : 0[0] -> 2[2] via P2P/CUMEM/read
nccl-test-worker-1:153679:153843 [0] NCCL INFO Channel 07/1 : 0[0] -> 2[2] via P2P/CUMEM/read
nccl-test-worker-1:153679:153843 [0] NCCL INFO Channel 08/1 : 0[0] -> 2[2] via P2P/CUMEM/read
nccl-test-worker-1:153679:153843 [0] NCCL INFO Channel 09/1 : 0[0] -> 2[2] via P2P/CUMEM/read
nccl-test-worker-1:153679:153843 [0] NCCL INFO Channel 10/1 : 0[0] -> 2[2] via P2P/CUMEM/read
nccl-test-worker-1:153679:153843 [0] NCCL INFO Channel 11/1 : 0[0] -> 2[2] via P2P/CUMEM/read
nccl-test-worker-1:153679:153843 [0] NCCL INFO Channel 12/1 : 0[0] -> 2[2] via P2P/CUMEM/read
nccl-test-worker-1:153679:153843 [0] NCCL INFO Channel 13/1 : 0[0] -> 2[2] via P2P/CUMEM/read
nccl-test-worker-1:153679:153843 [0] NCCL INFO Channel 14/1 : 0[0] -> 2[2] via P2P/CUMEM/read
nccl-test-worker-1:153679:153843 [0] NCCL INFO Channel 15/1 : 0[0] -> 2[2] via P2P/CUMEM/read
nccl-test-worker-1:153679:153843 [0] NCCL INFO Channel 00/1 : 0[0] -> 3[3] via P2P/CUMEM/read
nccl-test-worker-1:153679:153843 [0] NCCL INFO Channel 01/1 : 0[0] -> 3[3] via P2P/CUMEM/read
nccl-test-worker-1:153679:153843 [0] NCCL INFO Channel 02/1 : 0[0] -> 3[3] via P2P/CUMEM/read
nccl-test-worker-1:153679:153843 [0] NCCL INFO Channel 03/1 : 0[0] -> 3[3] via P2P/CUMEM/read
nccl-test-worker-1:153679:153843 [0] NCCL INFO Channel 04/1 : 0[0] -> 3[3] via P2P/CUMEM/read
nccl-test-worker-1:153679:153843 [0] NCCL INFO Channel 05/1 : 0[0] -> 3[3] via P2P/CUMEM/read
nccl-test-worker-1:153679:153843 [0] NCCL INFO Channel 06/1 : 0[0] -> 3[3] via P2P/CUMEM/read
nccl-test-worker-1:153679:153843 [0] NCCL INFO Channel 07/1 : 0[0] -> 3[3] via P2P/CUMEM/read
nccl-test-worker-1:153679:153843 [0] NCCL INFO Channel 08/1 : 0[0] -> 3[3] via P2P/CUMEM/read
nccl-test-worker-1:153679:153843 [0] NCCL INFO Channel 09/1 : 0[0] -> 3[3] via P2P/CUMEM/read
nccl-test-worker-1:153679:153843 [0] NCCL INFO Channel 10/1 : 0[0] -> 3[3] via P2P/CUMEM/read
nccl-test-worker-1:153679:153843 [0] NCCL INFO Channel 11/1 : 0[0] -> 3[3] via P2P/CUMEM/read
nccl-test-worker-1:153679:153843 [0] NCCL INFO Channel 12/1 : 0[0] -> 3[3] via P2P/CUMEM/read
nccl-test-worker-1:153679:153843 [0] NCCL INFO Channel 13/1 : 0[0] -> 3[3] via P2P/CUMEM/read
nccl-test-worker-1:153679:153843 [0] NCCL INFO Channel 14/1 : 0[0] -> 3[3] via P2P/CUMEM/read
nccl-test-worker-1:153679:153843 [0] NCCL INFO Channel 15/1 : 0[0] -> 3[3] via P2P/CUMEM/read
nccl-test-worker-1:153679:153843 [0] NCCL INFO Channel 00/1 : 0[0] -> 4[4] via P2P/CUMEM/read
nccl-test-worker-1:153679:153843 [0] NCCL INFO Channel 01/1 : 0[0] -> 4[4] via P2P/CUMEM/read
nccl-test-worker-1:153679:153843 [0] NCCL INFO Channel 02/1 : 0[0] -> 4[4] via P2P/CUMEM/read
nccl-test-worker-1:153679:153843 [0] NCCL INFO Channel 03/1 : 0[0] -> 4[4] via P2P/CUMEM/read
nccl-test-worker-1:153679:153843 [0] NCCL INFO Channel 04/1 : 0[0] -> 4[4] via P2P/CUMEM/read
nccl-test-worker-1:153679:153843 [0] NCCL INFO Channel 05/1 : 0[0] -> 4[4] via P2P/CUMEM/read
nccl-test-worker-1:153679:153843 [0] NCCL INFO Channel 06/1 : 0[0] -> 4[4] via P2P/CUMEM/read
nccl-test-worker-1:153679:153843 [0] NCCL INFO Channel 07/1 : 0[0] -> 4[4] via P2P/CUMEM/read
nccl-test-worker-1:153679:153843 [0] NCCL INFO Channel 08/1 : 0[0] -> 4[4] via P2P/CUMEM/read
nccl-test-worker-1:153679:153843 [0] NCCL INFO Channel 09/1 : 0[0] -> 4[4] via P2P/CUMEM/read
nccl-test-worker-1:153679:153843 [0] NCCL INFO Channel 10/1 : 0[0] -> 4[4] via P2P/CUMEM/read
nccl-test-worker-1:153679:153843 [0] NCCL INFO Channel 11/1 : 0[0] -> 4[4] via P2P/CUMEM/read
nccl-test-worker-1:153679:153843 [0] NCCL INFO Channel 12/1 : 0[0] -> 4[4] via P2P/CUMEM/read
nccl-test-worker-1:153679:153843 [0] NCCL INFO Channel 13/1 : 0[0] -> 4[4] via P2P/CUMEM/read
nccl-test-worker-1:153679:153843 [0] NCCL INFO Channel 14/1 : 0[0] -> 4[4] via P2P/CUMEM/read
nccl-test-worker-1:153679:153843 [0] NCCL INFO Channel 15/1 : 0[0] -> 4[4] via P2P/CUMEM/read
nccl-test-worker-1:153679:153843 [0] NCCL INFO Channel 00/1 : 0[0] -> 5[5] via P2P/CUMEM/read
nccl-test-worker-1:153679:153843 [0] NCCL INFO Channel 01/1 : 0[0] -> 5[5] via P2P/CUMEM/read
nccl-test-worker-1:153679:153843 [0] NCCL INFO Channel 02/1 : 0[0] -> 5[5] via P2P/CUMEM/read
nccl-test-worker-1:153679:153843 [0] NCCL INFO Channel 03/1 : 0[0] -> 5[5] via P2P/CUMEM/read
nccl-test-worker-1:153679:153843 [0] NCCL INFO Channel 04/1 : 0[0] -> 5[5] via P2P/CUMEM/read
nccl-test-worker-1:153679:153843 [0] NCCL INFO Channel 05/1 : 0[0] -> 5[5] via P2P/CUMEM/read
nccl-test-worker-1:153679:153843 [0] NCCL INFO Channel 06/1 : 0[0] -> 5[5] via P2P/CUMEM/read
nccl-test-worker-1:153679:153843 [0] NCCL INFO Channel 07/1 : 0[0] -> 5[5] via P2P/CUMEM/read
nccl-test-worker-1:153679:153843 [0] NCCL INFO Channel 08/1 : 0[0] -> 5[5] via P2P/CUMEM/read
nccl-test-worker-1:153679:153843 [0] NCCL INFO Channel 09/1 : 0[0] -> 5[5] via P2P/CUMEM/read
nccl-test-worker-1:153679:153843 [0] NCCL INFO Channel 10/1 : 0[0] -> 5[5] via P2P/CUMEM/read
nccl-test-worker-1:153679:153843 [0] NCCL INFO Channel 11/1 : 0[0] -> 5[5] via P2P/CUMEM/read
nccl-test-worker-1:153679:153843 [0] NCCL INFO Channel 12/1 : 0[0] -> 5[5] via P2P/CUMEM/read
nccl-test-worker-1:153679:153843 [0] NCCL INFO Channel 13/1 : 0[0] -> 5[5] via P2P/CUMEM/read
nccl-test-worker-1:153679:153843 [0] NCCL INFO Channel 14/1 : 0[0] -> 5[5] via P2P/CUMEM/read
nccl-test-worker-1:153679:153843 [0] NCCL INFO Channel 15/1 : 0[0] -> 5[5] via P2P/CUMEM/read
nccl-test-worker-1:153679:153843 [0] NCCL INFO Channel 00/1 : 0[0] -> 6[6] via P2P/CUMEM/read
nccl-test-worker-1:153679:153843 [0] NCCL INFO Channel 01/1 : 0[0] -> 6[6] via P2P/CUMEM/read
nccl-test-worker-1:153679:153843 [0] NCCL INFO Channel 02/1 : 0[0] -> 6[6] via P2P/CUMEM/read
nccl-test-worker-1:153679:153843 [0] NCCL INFO Channel 03/1 : 0[0] -> 6[6] via P2P/CUMEM/read
nccl-test-worker-1:153679:153843 [0] NCCL INFO Channel 04/1 : 0[0] -> 6[6] via P2P/CUMEM/read
nccl-test-worker-1:153679:153843 [0] NCCL INFO Channel 05/1 : 0[0] -> 6[6] via P2P/CUMEM/read
nccl-test-worker-1:153679:153843 [0] NCCL INFO Channel 06/1 : 0[0] -> 6[6] via P2P/CUMEM/read
nccl-test-worker-1:153679:153843 [0] NCCL INFO Channel 07/1 : 0[0] -> 6[6] via P2P/CUMEM/read
nccl-test-worker-1:153679:153843 [0] NCCL INFO Channel 08/1 : 0[0] -> 6[6] via P2P/CUMEM/read
nccl-test-worker-1:153679:153843 [0] NCCL INFO Channel 09/1 : 0[0] -> 6[6] via P2P/CUMEM/read
nccl-test-worker-1:153679:153843 [0] NCCL INFO Channel 10/1 : 0[0] -> 6[6] via P2P/CUMEM/read
nccl-test-worker-1:153679:153843 [0] NCCL INFO Channel 11/1 : 0[0] -> 6[6] via P2P/CUMEM/read
nccl-test-worker-1:153679:153843 [0] NCCL INFO Channel 12/1 : 0[0] -> 6[6] via P2P/CUMEM/read
nccl-test-worker-1:153679:153843 [0] NCCL INFO Channel 13/1 : 0[0] -> 6[6] via P2P/CUMEM/read
nccl-test-worker-1:153679:153843 [0] NCCL INFO Channel 14/1 : 0[0] -> 6[6] via P2P/CUMEM/read
nccl-test-worker-1:153679:153843 [0] NCCL INFO Channel 15/1 : 0[0] -> 6[6] via P2P/CUMEM/read
nccl-test-worker-1:153679:153843 [0] NCCL INFO Channel 00/1 : 0[0] -> 7[7] via P2P/CUMEM/read
nccl-test-worker-1:153679:153843 [0] NCCL INFO Channel 01/1 : 0[0] -> 7[7] via P2P/CUMEM/read
nccl-test-worker-1:153679:153843 [0] NCCL INFO Channel 02/1 : 0[0] -> 7[7] via P2P/CUMEM/read
nccl-test-worker-1:153679:153843 [0] NCCL INFO Channel 03/1 : 0[0] -> 7[7] via P2P/CUMEM/read
nccl-test-worker-1:153679:153843 [0] NCCL INFO Channel 04/1 : 0[0] -> 7[7] via P2P/CUMEM/read
nccl-test-worker-1:153679:153843 [0] NCCL INFO Channel 05/1 : 0[0] -> 7[7] via P2P/CUMEM/read
nccl-test-worker-1:153679:153843 [0] NCCL INFO Channel 06/1 : 0[0] -> 7[7] via P2P/CUMEM/read
nccl-test-worker-1:153679:153843 [0] NCCL INFO Channel 07/1 : 0[0] -> 7[7] via P2P/CUMEM/read
nccl-test-worker-1:153679:153843 [0] NCCL INFO Channel 08/1 : 0[0] -> 7[7] via P2P/CUMEM/read
nccl-test-worker-1:153679:153843 [0] NCCL INFO Channel 09/1 : 0[0] -> 7[7] via P2P/CUMEM/read
nccl-test-worker-1:153679:153843 [0] NCCL INFO Channel 10/1 : 0[0] -> 7[7] via P2P/CUMEM/read
nccl-test-worker-1:153679:153843 [0] NCCL INFO Channel 11/1 : 0[0] -> 7[7] via P2P/CUMEM/read
nccl-test-worker-1:153679:153843 [0] NCCL INFO Channel 12/1 : 0[0] -> 7[7] via P2P/CUMEM/read
nccl-test-worker-1:153679:153843 [0] NCCL INFO Channel 13/1 : 0[0] -> 7[7] via P2P/CUMEM/read
nccl-test-worker-1:153679:153843 [0] NCCL INFO Channel 14/1 : 0[0] -> 7[7] via P2P/CUMEM/read
nccl-test-worker-1:153679:153843 [0] NCCL INFO Channel 15/1 : 0[0] -> 7[7] via P2P/CUMEM/read
nccl-test-worker-1:153679:153679 [0] NCCL INFO Recv: 0 Bytes -> Algo Unknown proto SIMPLE channel{Lo..Hi}={0..0} comm 0x55f30eed7ed0
nccl-test-worker-1:153679:153679 [0] NCCL INFO Send: 0 Bytes -> Algo Unknown proto SIMPLE channel{Lo..Hi}={0..0} comm 0x55f30eed7ed0
nccl-test-worker-1:153679:153679 [0] NCCL INFO Recv: 0 Bytes -> Algo Unknown proto LL channel{Lo..Hi}={0..0} comm 0x55f30eed7ed0
nccl-test-worker-1:153679:153679 [0] NCCL INFO Send: 0 Bytes -> Algo Unknown proto LL channel{Lo..Hi}={0..0} comm 0x55f30eed7ed0
nccl-test-worker-1:153679:153679 [0] NCCL INFO Recv: 0 Bytes -> Algo Unknown proto LL channel{Lo..Hi}={0..0} comm 0x55f30eed7ed0
nccl-test-worker-1:153679:153679 [0] NCCL INFO Send: 0 Bytes -> Algo Unknown proto LL channel{Lo..Hi}={0..0} comm 0x55f30eed7ed0
nccl-test-worker-1:153679:153679 [0] NCCL INFO Recv: 0 Bytes -> Algo Unknown proto LL channel{Lo..Hi}={0..0} comm 0x55f30eed7ed0
nccl-test-worker-1:153679:153679 [0] NCCL INFO Send: 0 Bytes -> Algo Unknown proto LL channel{Lo..Hi}={0..0} comm 0x55f30eed7ed0
nccl-test-worker-1:153679:153679 [0] NCCL INFO Recv: 0 Bytes -> Algo Unknown proto LL channel{Lo..Hi}={0..0} comm 0x55f30eed7ed0
nccl-test-worker-1:153679:153679 [0] NCCL INFO Send: 0 Bytes -> Algo Unknown proto LL channel{Lo..Hi}={0..0} comm 0x55f30eed7ed0
nccl-test-worker-1:153679:153679 [0] NCCL INFO Recv: 0 Bytes -> Algo Unknown proto LL channel{Lo..Hi}={0..0} comm 0x55f30eed7ed0
nccl-test-worker-1:153679:153679 [0] NCCL INFO Send: 0 Bytes -> Algo Unknown proto LL channel{Lo..Hi}={0..0} comm 0x55f30eed7ed0
nccl-test-worker-1:153679:153679 [0] NCCL INFO Recv: 0 Bytes -> Algo Unknown proto LL channel{Lo..Hi}={0..0} comm 0x55f30eed7ed0
nccl-test-worker-1:153679:153679 [0] NCCL INFO Send: 0 Bytes -> Algo Unknown proto LL channel{Lo..Hi}={0..0} comm 0x55f30eed7ed0
nccl-test-worker-1:153679:153679 [0] NCCL INFO Recv: 0 Bytes -> Algo Unknown proto LL channel{Lo..Hi}={0..0} comm 0x55f30eed7ed0
nccl-test-worker-1:153679:153679 [0] NCCL INFO Send: 0 Bytes -> Algo Unknown proto LL channel{Lo..Hi}={0..0} comm 0x55f30eed7ed0
nccl-test-worker-1:153679:153679 [0] NCCL INFO Recv: 0 Bytes -> Algo Unknown proto SIMPLE channel{Lo..Hi}={0..0} comm 0x55f30eed7ed0
nccl-test-worker-1:153679:153679 [0] NCCL INFO Send: 0 Bytes -> Algo Unknown proto SIMPLE channel{Lo..Hi}={0..0} comm 0x55f30eed7ed0
nccl-test-worker-1:153679:153679 [0] NCCL INFO Recv: 0 Bytes -> Algo Unknown proto LL channel{Lo..Hi}={0..0} comm 0x55f30eed7ed0
nccl-test-worker-1:153679:153679 [0] NCCL INFO Send: 0 Bytes -> Algo Unknown proto LL channel{Lo..Hi}={0..0} comm 0x55f30eed7ed0
nccl-test-worker-1:153679:153679 [0] NCCL INFO Recv: 0 Bytes -> Algo Unknown proto LL channel{Lo..Hi}={0..0} comm 0x55f30eed7ed0
nccl-test-worker-1:153679:153679 [0] NCCL INFO Send: 0 Bytes -> Algo Unknown proto LL channel{Lo..Hi}={0..0} comm 0x55f30eed7ed0
nccl-test-worker-1:153679:153679 [0] NCCL INFO Recv: 0 Bytes -> Algo Unknown proto LL channel{Lo..Hi}={0..0} comm 0x55f30eed7ed0
nccl-test-worker-1:153679:153679 [0] NCCL INFO Send: 0 Bytes -> Algo Unknown proto LL channel{Lo..Hi}={0..0} comm 0x55f30eed7ed0
nccl-test-worker-1:153679:153679 [0] NCCL INFO Recv: 0 Bytes -> Algo Unknown proto LL channel{Lo..Hi}={0..0} comm 0x55f30eed7ed0
nccl-test-worker-1:153679:153679 [0] NCCL INFO Send: 0 Bytes -> Algo Unknown proto LL channel{Lo..Hi}={0..0} comm 0x55f30eed7ed0
nccl-test-worker-1:153679:153679 [0] NCCL INFO Recv: 0 Bytes -> Algo Unknown proto LL channel{Lo..Hi}={0..0} comm 0x55f30eed7ed0
nccl-test-worker-1:153679:153679 [0] NCCL INFO Send: 0 Bytes -> Algo Unknown proto LL channel{Lo..Hi}={0..0} comm 0x55f30eed7ed0
nccl-test-worker-1:153679:153679 [0] NCCL INFO Recv: 0 Bytes -> Algo Unknown proto LL channel{Lo..Hi}={0..0} comm 0x55f30eed7ed0
nccl-test-worker-1:153679:153679 [0] NCCL INFO Send: 0 Bytes -> Algo Unknown proto LL channel{Lo..Hi}={0..0} comm 0x55f30eed7ed0
nccl-test-worker-1:153679:153679 [0] NCCL INFO Recv: 0 Bytes -> Algo Unknown proto LL channel{Lo..Hi}={0..0} comm 0x55f30eed7ed0
nccl-test-worker-1:153679:153679 [0] NCCL INFO Send: 0 Bytes -> Algo Unknown proto LL channel{Lo..Hi}={0..0} comm 0x55f30eed7ed0
nccl-test-worker-1:153679:153679 [0] NCCL INFO Recv: 0 Bytes -> Algo Unknown proto SIMPLE channel{Lo..Hi}={0..0} comm 0x55f30eed7ed0
nccl-test-worker-1:153679:153679 [0] NCCL INFO Send: 0 Bytes -> Algo Unknown proto SIMPLE channel{Lo..Hi}={0..0} comm 0x55f30eed7ed0
nccl-test-worker-1:153679:153679 [0] NCCL INFO Recv: 0 Bytes -> Algo Unknown proto LL channel{Lo..Hi}={0..0} comm 0x55f30eed7ed0
nccl-test-worker-1:153679:153679 [0] NCCL INFO Send: 0 Bytes -> Algo Unknown proto LL channel{Lo..Hi}={0..0} comm 0x55f30eed7ed0
nccl-test-worker-1:153679:153679 [0] NCCL INFO Recv: 0 Bytes -> Algo Unknown proto LL channel{Lo..Hi}={0..0} comm 0x55f30eed7ed0
nccl-test-worker-1:153679:153679 [0] NCCL INFO Send: 0 Bytes -> Algo Unknown proto LL channel{Lo..Hi}={0..0} comm 0x55f30eed7ed0
nccl-test-worker-1:153679:153679 [0] NCCL INFO Recv: 0 Bytes -> Algo Unknown proto LL channel{Lo..Hi}={0..0} comm 0x55f30eed7ed0
nccl-test-worker-1:153679:153679 [0] NCCL INFO Send: 0 Bytes -> Algo Unknown proto LL channel{Lo..Hi}={0..0} comm 0x55f30eed7ed0
nccl-test-worker-1:153679:153679 [0] NCCL INFO Recv: 0 Bytes -> Algo Unknown proto LL channel{Lo..Hi}={0..0} comm 0x55f30eed7ed0
nccl-test-worker-1:153679:153679 [0] NCCL INFO Send: 0 Bytes -> Algo Unknown proto LL channel{Lo..Hi}={0..0} comm 0x55f30eed7ed0
nccl-test-worker-1:153679:153679 [0] NCCL INFO Recv: 0 Bytes -> Algo Unknown proto LL channel{Lo..Hi}={0..0} comm 0x55f30eed7ed0
nccl-test-worker-1:153679:153679 [0] NCCL INFO Send: 0 Bytes -> Algo Unknown proto LL channel{Lo..Hi}={0..0} comm 0x55f30eed7ed0
nccl-test-worker-1:153679:153679 [0] NCCL INFO Recv: 0 Bytes -> Algo Unknown proto LL channel{Lo..Hi}={0..0} comm 0x55f30eed7ed0
nccl-test-worker-1:153679:153679 [0] NCCL INFO Send: 0 Bytes -> Algo Unknown proto LL channel{Lo..Hi}={0..0} comm 0x55f30eed7ed0
nccl-test-worker-1:153679:153679 [0] NCCL INFO Recv: 0 Bytes -> Algo Unknown proto LL channel{Lo..Hi}={0..0} comm 0x55f30eed7ed0
nccl-test-worker-1:153679:153679 [0] NCCL INFO Send: 0 Bytes -> Algo Unknown proto LL channel{Lo..Hi}={0..0} comm 0x55f30eed7ed0
nccl-test-worker-1:153679:153679 [0] NCCL INFO Recv: 0 Bytes -> Algo Unknown proto LL channel{Lo..Hi}={0..0} comm 0x55f30eed7ed0
nccl-test-worker-1:153679:153679 [0] NCCL INFO Send: 0 Bytes -> Algo Unknown proto LL channel{Lo..Hi}={0..0} comm 0x55f30eed7ed0
nccl-test-worker-1:153679:153679 [0] NCCL INFO Recv: 0 Bytes -> Algo Unknown proto LL channel{Lo..Hi}={0..0} comm 0x55f30eed7ed0
nccl-test-worker-1:153679:153679 [0] NCCL INFO Send: 0 Bytes -> Algo Unknown proto LL channel{Lo..Hi}={0..0} comm 0x55f30eed7ed0
nccl-test-worker-1:153679:153679 [0] NCCL INFO Recv: 0 Bytes -> Algo Unknown proto LL channel{Lo..Hi}={0..0} comm 0x55f30eed7ed0
nccl-test-worker-1:153679:153679 [0] NCCL INFO Send: 0 Bytes -> Algo Unknown proto LL channel{Lo..Hi}={0..0} comm 0x55f30eed7ed0
nccl-test-worker-1:153679:153679 [0] NCCL INFO Recv: 0 Bytes -> Algo Unknown proto LL channel{Lo..Hi}={0..0} comm 0x55f30eed7ed0
nccl-test-worker-1:153679:153679 [0] NCCL INFO Send: 0 Bytes -> Algo Unknown proto LL channel{Lo..Hi}={0..0} comm 0x55f30eed7ed0
nccl-test-worker-1:153679:153679 [0] NCCL INFO Recv: 0 Bytes -> Algo Unknown proto LL channel{Lo..Hi}={0..0} comm 0x55f30eed7ed0
nccl-test-worker-1:153679:153679 [0] NCCL INFO Send: 0 Bytes -> Algo Unknown proto LL channel{Lo..Hi}={0..0} comm 0x55f30eed7ed0
nccl-test-worker-1:153679:153679 [0] NCCL INFO Recv: 0 Bytes -> Algo Unknown proto LL channel{Lo..Hi}={0..0} comm 0x55f30eed7ed0
nccl-test-worker-1:153679:153679 [0] NCCL INFO Send: 0 Bytes -> Algo Unknown proto LL channel{Lo..Hi}={0..0} comm 0x55f30eed7ed0
nccl-test-worker-1:153679:153679 [0] NCCL INFO Recv: 0 Bytes -> Algo Unknown proto LL channel{Lo..Hi}={0..0} comm 0x55f30eed7ed0
nccl-test-worker-1:153679:153679 [0] NCCL INFO Send: 0 Bytes -> Algo Unknown proto LL channel{Lo..Hi}={0..0} comm 0x55f30eed7ed0
nccl-test-worker-1:153679:153679 [0] NCCL INFO Recv: 0 Bytes -> Algo Unknown proto LL channel{Lo..Hi}={0..0} comm 0x55f30eed7ed0
nccl-test-worker-1:153679:153679 [0] NCCL INFO Send: 0 Bytes -> Algo Unknown proto LL channel{Lo..Hi}={0..0} comm 0x55f30eed7ed0
nccl-test-worker-1:153679:153679 [0] NCCL INFO Recv: 0 Bytes -> Algo Unknown proto LL channel{Lo..Hi}={0..0} comm 0x55f30eed7ed0
nccl-test-worker-1:153679:153679 [0] NCCL INFO Send: 0 Bytes -> Algo Unknown proto LL channel{Lo..Hi}={0..0} comm 0x55f30eed7ed0
nccl-test-worker-1:153679:153679 [0] NCCL INFO Recv: 0 Bytes -> Algo Unknown proto LL channel{Lo..Hi}={0..0} comm 0x55f30eed7ed0
nccl-test-worker-1:153679:153679 [0] NCCL INFO Send: 0 Bytes -> Algo Unknown proto LL channel{Lo..Hi}={0..0} comm 0x55f30eed7ed0
nccl-test-worker-1:153679:153679 [0] NCCL INFO Recv: 0 Bytes -> Algo Unknown proto LL channel{Lo..Hi}={0..0} comm 0x55f30eed7ed0
nccl-test-worker-1:153679:153679 [0] NCCL INFO Send: 0 Bytes -> Algo Unknown proto LL channel{Lo..Hi}={0..0} comm 0x55f30eed7ed0
nccl-test-worker-1:153679:153679 [0] NCCL INFO Recv: 0 Bytes -> Algo Unknown proto LL channel{Lo..Hi}={0..0} comm 0x55f30eed7ed0
nccl-test-worker-1:153679:153679 [0] NCCL INFO Send: 0 Bytes -> Algo Unknown proto LL channel{Lo..Hi}={0..0} comm 0x55f30eed7ed0
nccl-test-worker-1:153679:153679 [0] NCCL INFO Recv: 0 Bytes -> Algo Unknown proto LL channel{Lo..Hi}={0..0} comm 0x55f30eed7ed0
nccl-test-worker-1:153679:153679 [0] NCCL INFO Send: 0 Bytes -> Algo Unknown proto LL channel{Lo..Hi}={0..0} comm 0x55f30eed7ed0
nccl-test-worker-1:153679:153679 [0] NCCL INFO Recv: 0 Bytes -> Algo Unknown proto LL channel{Lo..Hi}={0..0} comm 0x55f30eed7ed0
nccl-test-worker-1:153679:153679 [0] NCCL INFO Send: 0 Bytes -> Algo Unknown proto LL channel{Lo..Hi}={0..0} comm 0x55f30eed7ed0
nccl-test-worker-1:153679:153679 [0] NCCL INFO Recv: 0 Bytes -> Algo Unknown proto LL channel{Lo..Hi}={0..0} comm 0x55f30eed7ed0
nccl-test-worker-1:153679:153679 [0] NCCL INFO Send: 0 Bytes -> Algo Unknown proto LL channel{Lo..Hi}={0..0} comm 0x55f30eed7ed0
nccl-test-worker-1:153679:153679 [0] NCCL INFO Recv: 0 Bytes -> Algo Unknown proto LL channel{Lo..Hi}={0..0} comm 0x55f30eed7ed0
nccl-test-worker-1:153679:153679 [0] NCCL INFO Send: 0 Bytes -> Algo Unknown proto LL channel{Lo..Hi}={0..0} comm 0x55f30eed7ed0
nccl-test-worker-1:153679:153679 [0] NCCL INFO Recv: 0 Bytes -> Algo Unknown proto LL channel{Lo..Hi}={0..0} comm 0x55f30eed7ed0
nccl-test-worker-1:153679:153679 [0] NCCL INFO Send: 0 Bytes -> Algo Unknown proto LL channel{Lo..Hi}={0..0} comm 0x55f30eed7ed0
nccl-test-worker-1:153679:153679 [0] NCCL INFO Recv: 0 Bytes -> Algo Unknown proto LL channel{Lo..Hi}={0..0} comm 0x55f30eed7ed0
nccl-test-worker-1:153679:153679 [0] NCCL INFO Send: 0 Bytes -> Algo Unknown proto LL channel{Lo..Hi}={0..0} comm 0x55f30eed7ed0
nccl-test-worker-1:153679:153679 [0] NCCL INFO Recv: 0 Bytes -> Algo Unknown proto LL channel{Lo..Hi}={0..0} comm 0x55f30eed7ed0
nccl-test-worker-1:153679:153679 [0] NCCL INFO Send: 0 Bytes -> Algo Unknown proto LL channel{Lo..Hi}={0..0} comm 0x55f30eed7ed0
nccl-test-worker-1:153679:153679 [0] NCCL INFO Recv: 0 Bytes -> Algo Unknown proto LL channel{Lo..Hi}={0..0} comm 0x55f30eed7ed0
nccl-test-worker-1:153679:153679 [0] NCCL INFO Send: 0 Bytes -> Algo Unknown proto LL channel{Lo..Hi}={0..0} comm 0x55f30eed7ed0
nccl-test-worker-1:153679:153679 [0] NCCL INFO Recv: 0 Bytes -> Algo Unknown proto LL channel{Lo..Hi}={0..0} comm 0x55f30eed7ed0
nccl-test-worker-1:153679:153679 [0] NCCL INFO Send: 0 Bytes -> Algo Unknown proto LL channel{Lo..Hi}={0..0} comm 0x55f30eed7ed0
nccl-test-worker-1:153679:153679 [0] NCCL INFO Recv: 0 Bytes -> Algo Unknown proto SIMPLE channel{Lo..Hi}={0..0} comm 0x55f30eed7ed0
nccl-test-worker-1:153679:153679 [0] NCCL INFO Send: 0 Bytes -> Algo Unknown proto SIMPLE channel{Lo..Hi}={0..0} comm 0x55f30eed7ed0
nccl-test-worker-1:153679:153679 [0] NCCL INFO Recv: 0 Bytes -> Algo Unknown proto LL channel{Lo..Hi}={0..0} comm 0x55f30eed7ed0
nccl-test-worker-1:153679:153679 [0] NCCL INFO Send: 0 Bytes -> Algo Unknown proto LL channel{Lo..Hi}={0..0} comm 0x55f30eed7ed0
nccl-test-worker-1:153679:153679 [0] NCCL INFO Recv: 0 Bytes -> Algo Unknown proto LL channel{Lo..Hi}={0..0} comm 0x55f30eed7ed0
nccl-test-worker-1:153679:153679 [0] NCCL INFO Send: 0 Bytes -> Algo Unknown proto LL channel{Lo..Hi}={0..0} comm 0x55f30eed7ed0
nccl-test-worker-1:153679:153679 [0] NCCL INFO Recv: 0 Bytes -> Algo Unknown proto LL channel{Lo..Hi}={0..0} comm 0x55f30eed7ed0
nccl-test-worker-1:153679:153679 [0] NCCL INFO Send: 0 Bytes -> Algo Unknown proto LL channel{Lo..Hi}={0..0} comm 0x55f30eed7ed0
nccl-test-worker-1:153679:153679 [0] NCCL INFO Recv: 0 Bytes -> Algo Unknown proto LL channel{Lo..Hi}={0..0} comm 0x55f30eed7ed0
nccl-test-worker-1:153679:153679 [0] NCCL INFO Send: 0 Bytes -> Algo Unknown proto LL channel{Lo..Hi}={0..0} comm 0x55f30eed7ed0
nccl-test-worker-1:153679:153679 [0] NCCL INFO Recv: 0 Bytes -> Algo Unknown proto LL channel{Lo..Hi}={0..0} comm 0x55f30eed7ed0
nccl-test-worker-1:153679:153679 [0] NCCL INFO Send: 0 Bytes -> Algo Unknown proto LL channel{Lo..Hi}={0..0} comm 0x55f30eed7ed0
nccl-test-worker-1:153679:153679 [0] NCCL INFO Recv: 0 Bytes -> Algo Unknown proto LL channel{Lo..Hi}={0..0} comm 0x55f30eed7ed0
nccl-test-worker-1:153679:153679 [0] NCCL INFO Send: 0 Bytes -> Algo Unknown proto LL channel{Lo..Hi}={0..0} comm 0x55f30eed7ed0
nccl-test-worker-1:153679:153679 [0] NCCL INFO Recv: 0 Bytes -> Algo Unknown proto LL channel{Lo..Hi}={0..0} comm 0x55f30eed7ed0
nccl-test-worker-1:153679:153679 [0] NCCL INFO Send: 0 Bytes -> Algo Unknown proto LL channel{Lo..Hi}={0..0} comm 0x55f30eed7ed0
nccl-test-worker-1:153679:153679 [0] NCCL INFO Recv: 0 Bytes -> Algo Unknown proto SIMPLE channel{Lo..Hi}={0..0} comm 0x55f30eed7ed0
nccl-test-worker-1:153679:153679 [0] NCCL INFO Send: 0 Bytes -> Algo Unknown proto SIMPLE channel{Lo..Hi}={0..0} comm 0x55f30eed7ed0
nccl-test-worker-1:153679:153679 [0] NCCL INFO Recv: 0 Bytes -> Algo Unknown proto LL channel{Lo..Hi}={0..0} comm 0x55f30eed7ed0
nccl-test-worker-1:153679:153679 [0] NCCL INFO Send: 0 Bytes -> Algo Unknown proto LL channel{Lo..Hi}={0..0} comm 0x55f30eed7ed0
nccl-test-worker-1:153679:153679 [0] NCCL INFO Recv: 0 Bytes -> Algo Unknown proto LL channel{Lo..Hi}={0..0} comm 0x55f30eed7ed0
nccl-test-worker-1:153679:153679 [0] NCCL INFO Send: 0 Bytes -> Algo Unknown proto LL channel{Lo..Hi}={0..0} comm 0x55f30eed7ed0
nccl-test-worker-1:153679:153679 [0] NCCL INFO Recv: 0 Bytes -> Algo Unknown proto LL channel{Lo..Hi}={0..0} comm 0x55f30eed7ed0
nccl-test-worker-1:153679:153679 [0] NCCL INFO Send: 0 Bytes -> Algo Unknown proto LL channel{Lo..Hi}={0..0} comm 0x55f30eed7ed0
nccl-test-worker-1:153679:153679 [0] NCCL INFO Recv: 0 Bytes -> Algo Unknown proto LL channel{Lo..Hi}={0..0} comm 0x55f30eed7ed0
nccl-test-worker-1:153679:153679 [0] NCCL INFO Send: 0 Bytes -> Algo Unknown proto LL channel{Lo..Hi}={0..0} comm 0x55f30eed7ed0
nccl-test-worker-1:153679:153679 [0] NCCL INFO Recv: 0 Bytes -> Algo Unknown proto LL channel{Lo..Hi}={0..0} comm 0x55f30eed7ed0
nccl-test-worker-1:153679:153679 [0] NCCL INFO Send: 0 Bytes -> Algo Unknown proto LL channel{Lo..Hi}={0..0} comm 0x55f30eed7ed0
nccl-test-worker-1:153679:153679 [0] NCCL INFO Recv: 0 Bytes -> Algo Unknown proto LL channel{Lo..Hi}={0..0} comm 0x55f30eed7ed0
nccl-test-worker-1:153679:153679 [0] NCCL INFO Send: 0 Bytes -> Algo Unknown proto LL channel{Lo..Hi}={0..0} comm 0x55f30eed7ed0
nccl-test-worker-1:153679:153679 [0] NCCL INFO Recv: 0 Bytes -> Algo Unknown proto LL channel{Lo..Hi}={0..0} comm 0x55f30eed7ed0
nccl-test-worker-1:153679:153679 [0] NCCL INFO Send: 0 Bytes -> Algo Unknown proto LL channel{Lo..Hi}={0..0} comm 0x55f30eed7ed0
nccl-test-worker-1:153679:153679 [0] NCCL INFO Recv: 0 Bytes -> Algo Unknown proto SIMPLE channel{Lo..Hi}={0..0} comm 0x55f30eed7ed0
nccl-test-worker-1:153679:153679 [0] NCCL INFO Send: 0 Bytes -> Algo Unknown proto SIMPLE channel{Lo..Hi}={0..0} comm 0x55f30eed7ed0
nccl-test-worker-1:153679:153679 [0] NCCL INFO Recv: 0 Bytes -> Algo Unknown proto LL channel{Lo..Hi}={0..0} comm 0x55f30eed7ed0
nccl-test-worker-1:153679:153679 [0] NCCL INFO Send: 0 Bytes -> Algo Unknown proto LL channel{Lo..Hi}={0..0} comm 0x55f30eed7ed0
nccl-test-worker-1:153679:153679 [0] NCCL INFO Recv: 0 Bytes -> Algo Unknown proto LL channel{Lo..Hi}={0..0} comm 0x55f30eed7ed0
nccl-test-worker-1:153679:153679 [0] NCCL INFO Send: 0 Bytes -> Algo Unknown proto LL channel{Lo..Hi}={0..0} comm 0x55f30eed7ed0
nccl-test-worker-1:153679:153679 [0] NCCL INFO Recv: 0 Bytes -> Algo Unknown proto LL channel{Lo..Hi}={0..0} comm 0x55f30eed7ed0
nccl-test-worker-1:153679:153679 [0] NCCL INFO Send: 0 Bytes -> Algo Unknown proto LL channel{Lo..Hi}={0..0} comm 0x55f30eed7ed0
nccl-test-worker-1:153679:153679 [0] NCCL INFO Recv: 0 Bytes -> Algo Unknown proto LL channel{Lo..Hi}={0..0} comm 0x55f30eed7ed0
nccl-test-worker-1:153679:153679 [0] NCCL INFO Send: 0 Bytes -> Algo Unknown proto LL channel{Lo..Hi}={0..0} comm 0x55f30eed7ed0
nccl-test-worker-1:153679:153679 [0] NCCL INFO Recv: 0 Bytes -> Algo Unknown proto LL channel{Lo..Hi}={0..0} comm 0x55f30eed7ed0
nccl-test-worker-1:153679:153679 [0] NCCL INFO Send: 0 Bytes -> Algo Unknown proto LL channel{Lo..Hi}={0..0} comm 0x55f30eed7ed0
nccl-test-worker-1:153679:153679 [0] NCCL INFO Recv: 0 Bytes -> Algo Unknown proto LL channel{Lo..Hi}={0..0} comm 0x55f30eed7ed0
nccl-test-worker-1:153679:153679 [0] NCCL INFO Send: 0 Bytes -> Algo Unknown proto LL channel{Lo..Hi}={0..0} comm 0x55f30eed7ed0
nccl-test-worker-1:153679:153679 [0] NCCL INFO Recv: 0 Bytes -> Algo Unknown proto LL channel{Lo..Hi}={0..0} comm 0x55f30eed7ed0
nccl-test-worker-1:153679:153679 [0] NCCL INFO Send: 0 Bytes -> Algo Unknown proto LL channel{Lo..Hi}={0..0} comm 0x55f30eed7ed0
nccl-test-worker-1:153679:153679 [0] NCCL INFO Recv: 0 Bytes -> Algo Unknown proto LL channel{Lo..Hi}={0..0} comm 0x55f30eed7ed0
nccl-test-worker-1:153679:153679 [0] NCCL INFO Send: 0 Bytes -> Algo Unknown proto LL channel{Lo..Hi}={0..0} comm 0x55f30eed7ed0
nccl-test-worker-1:153679:153679 [0] NCCL INFO Recv: 0 Bytes -> Algo Unknown proto LL channel{Lo..Hi}={0..0} comm 0x55f30eed7ed0
nccl-test-worker-1:153679:153679 [0] NCCL INFO Send: 0 Bytes -> Algo Unknown proto LL channel{Lo..Hi}={0..0} comm 0x55f30eed7ed0
nccl-test-worker-1:153679:153679 [0] NCCL INFO Recv: 0 Bytes -> Algo Unknown proto LL channel{Lo..Hi}={0..0} comm 0x55f30eed7ed0
nccl-test-worker-1:153679:153679 [0] NCCL INFO Send: 0 Bytes -> Algo Unknown proto LL channel{Lo..Hi}={0..0} comm 0x55f30eed7ed0
nccl-test-worker-1:153679:153679 [0] NCCL INFO Recv: 0 Bytes -> Algo Unknown proto LL channel{Lo..Hi}={0..0} comm 0x55f30eed7ed0
nccl-test-worker-1:153679:153679 [0] NCCL INFO Send: 0 Bytes -> Algo Unknown proto LL channel{Lo..Hi}={0..0} comm 0x55f30eed7ed0
nccl-test-worker-1:153679:153679 [0] NCCL INFO Recv: 0 Bytes -> Algo Unknown proto LL channel{Lo..Hi}={0..0} comm 0x55f30eed7ed0
nccl-test-worker-1:153679:153679 [0] NCCL INFO Send: 0 Bytes -> Algo Unknown proto LL channel{Lo..Hi}={0..0} comm 0x55f30eed7ed0
nccl-test-worker-1:153679:153679 [0] NCCL INFO Recv: 0 Bytes -> Algo Unknown proto LL channel{Lo..Hi}={0..0} comm 0x55f30eed7ed0
nccl-test-worker-1:153679:153679 [0] NCCL INFO Send: 0 Bytes -> Algo Unknown proto LL channel{Lo..Hi}={0..0} comm 0x55f30eed7ed0
nccl-test-worker-1:153679:153679 [0] NCCL INFO Recv: 0 Bytes -> Algo Unknown proto LL channel{Lo..Hi}={0..0} comm 0x55f30eed7ed0
nccl-test-worker-1:153679:153679 [0] NCCL INFO Send: 0 Bytes -> Algo Unknown proto LL channel{Lo..Hi}={0..0} comm 0x55f30eed7ed0
nccl-test-worker-1:153679:153679 [0] NCCL INFO Recv: 0 Bytes -> Algo Unknown proto LL channel{Lo..Hi}={0..0} comm 0x55f30eed7ed0
nccl-test-worker-1:153679:153679 [0] NCCL INFO Send: 0 Bytes -> Algo Unknown proto LL channel{Lo..Hi}={0..0} comm 0x55f30eed7ed0
nccl-test-worker-1:153679:153679 [0] NCCL INFO Recv: 0 Bytes -> Algo Unknown proto LL channel{Lo..Hi}={0..0} comm 0x55f30eed7ed0
nccl-test-worker-1:153679:153679 [0] NCCL INFO Send: 0 Bytes -> Algo Unknown proto LL channel{Lo..Hi}={0..0} comm 0x55f30eed7ed0
nccl-test-worker-1:153679:153679 [0] NCCL INFO Recv: 0 Bytes -> Algo Unknown proto LL channel{Lo..Hi}={0..0} comm 0x55f30eed7ed0
nccl-test-worker-1:153679:153679 [0] NCCL INFO Send: 0 Bytes -> Algo Unknown proto LL channel{Lo..Hi}={0..0} comm 0x55f30eed7ed0
nccl-test-worker-1:153679:153679 [0] NCCL INFO Recv: 0 Bytes -> Algo Unknown proto LL channel{Lo..Hi}={0..0} comm 0x55f30eed7ed0
nccl-test-worker-1:153679:153679 [0] NCCL INFO Send: 0 Bytes -> Algo Unknown proto LL channel{Lo..Hi}={0..0} comm 0x55f30eed7ed0
nccl-test-worker-1:153679:153679 [0] NCCL INFO Recv: 0 Bytes -> Algo Unknown proto LL channel{Lo..Hi}={0..0} comm 0x55f30eed7ed0
nccl-test-worker-1:153679:153679 [0] NCCL INFO Send: 0 Bytes -> Algo Unknown proto LL channel{Lo..Hi}={0..0} comm 0x55f30eed7ed0
nccl-test-worker-1:153679:153679 [0] NCCL INFO Recv: 0 Bytes -> Algo Unknown proto LL channel{Lo..Hi}={0..0} comm 0x55f30eed7ed0
nccl-test-worker-1:153679:153679 [0] NCCL INFO Send: 0 Bytes -> Algo Unknown proto LL channel{Lo..Hi}={0..0} comm 0x55f30eed7ed0
nccl-test-worker-1:153679:153679 [0] NCCL INFO Recv: 0 Bytes -> Algo Unknown proto LL channel{Lo..Hi}={0..0} comm 0x55f30eed7ed0
nccl-test-worker-1:153679:153679 [0] NCCL INFO Send: 0 Bytes -> Algo Unknown proto LL channel{Lo..Hi}={0..0} comm 0x55f30eed7ed0
nccl-test-worker-1:153679:153679 [0] NCCL INFO Recv: 0 Bytes -> Algo Unknown proto LL channel{Lo..Hi}={0..0} comm 0x55f30eed7ed0
nccl-test-worker-1:153679:153679 [0] NCCL INFO Send: 0 Bytes -> Algo Unknown proto LL channel{Lo..Hi}={0..0} comm 0x55f30eed7ed0
nccl-test-worker-1:153679:153679 [0] NCCL INFO Recv: 0 Bytes -> Algo Unknown proto LL channel{Lo..Hi}={0..0} comm 0x55f30eed7ed0
nccl-test-worker-1:153679:153679 [0] NCCL INFO Send: 0 Bytes -> Algo Unknown proto LL channel{Lo..Hi}={0..0} comm 0x55f30eed7ed0
nccl-test-worker-1:153679:153679 [0] NCCL INFO Recv: 0 Bytes -> Algo Unknown proto LL channel{Lo..Hi}={0..0} comm 0x55f30eed7ed0
nccl-test-worker-1:153679:153679 [0] NCCL INFO Send: 0 Bytes -> Algo Unknown proto LL channel{Lo..Hi}={0..0} comm 0x55f30eed7ed0
nccl-test-worker-1:153679:153679 [0] NCCL INFO Recv: 0 Bytes -> Algo Unknown proto LL channel{Lo..Hi}={0..0} comm 0x55f30eed7ed0
nccl-test-worker-1:153679:153679 [0] NCCL INFO Send: 0 Bytes -> Algo Unknown proto LL channel{Lo..Hi}={0..0} comm 0x55f30eed7ed0
nccl-test-worker-1:153679:153679 [0] NCCL INFO Recv: 0 Bytes -> Algo Unknown proto LL channel{Lo..Hi}={0..0} comm 0x55f30eed7ed0
nccl-test-worker-1:153679:153679 [0] NCCL INFO Send: 0 Bytes -> Algo Unknown proto LL channel{Lo..Hi}={0..0} comm 0x55f30eed7ed0
nccl-test-worker-1:153679:153679 [0] NCCL INFO Recv: 0 Bytes -> Algo Unknown proto LL channel{Lo..Hi}={0..0} comm 0x55f30eed7ed0
nccl-test-worker-1:153679:153679 [0] NCCL INFO Send: 0 Bytes -> Algo Unknown proto LL channel{Lo..Hi}={0..0} comm 0x55f30eed7ed0
nccl-test-worker-1:153679:153679 [0] NCCL INFO Recv: 0 Bytes -> Algo Unknown proto LL channel{Lo..Hi}={0..0} comm 0x55f30eed7ed0
nccl-test-worker-1:153679:153679 [0] NCCL INFO Send: 0 Bytes -> Algo Unknown proto LL channel{Lo..Hi}={0..0} comm 0x55f30eed7ed0
nccl-test-worker-1:153679:153679 [0] NCCL INFO Recv: 0 Bytes -> Algo Unknown proto SIMPLE channel{Lo..Hi}={0..0} comm 0x55f30eed7ed0
nccl-test-worker-1:153679:153679 [0] NCCL INFO Send: 0 Bytes -> Algo Unknown proto SIMPLE channel{Lo..Hi}={0..0} comm 0x55f30eed7ed0
nccl-test-worker-1:153679:153679 [0] NCCL INFO Recv: 0 Bytes -> Algo Unknown proto LL channel{Lo..Hi}={0..0} comm 0x55f30eed7ed0
nccl-test-worker-1:153679:153679 [0] NCCL INFO Send: 0 Bytes -> Algo Unknown proto LL channel{Lo..Hi}={0..0} comm 0x55f30eed7ed0
nccl-test-worker-1:153679:153679 [0] NCCL INFO Recv: 0 Bytes -> Algo Unknown proto LL channel{Lo..Hi}={0..0} comm 0x55f30eed7ed0
nccl-test-worker-1:153679:153679 [0] NCCL INFO Send: 0 Bytes -> Algo Unknown proto LL channel{Lo..Hi}={0..0} comm 0x55f30eed7ed0
nccl-test-worker-1:153679:153679 [0] NCCL INFO Recv: 0 Bytes -> Algo Unknown proto LL channel{Lo..Hi}={0..0} comm 0x55f30eed7ed0
nccl-test-worker-1:153679:153679 [0] NCCL INFO Send: 0 Bytes -> Algo Unknown proto LL channel{Lo..Hi}={0..0} comm 0x55f30eed7ed0
nccl-test-worker-1:153679:153679 [0] NCCL INFO Recv: 0 Bytes -> Algo Unknown proto LL channel{Lo..Hi}={0..0} comm 0x55f30eed7ed0
nccl-test-worker-1:153679:153679 [0] NCCL INFO Send: 0 Bytes -> Algo Unknown proto LL channel{Lo..Hi}={0..0} comm 0x55f30eed7ed0
nccl-test-worker-1:153679:153679 [0] NCCL INFO Recv: 0 Bytes -> Algo Unknown proto LL channel{Lo..Hi}={0..0} comm 0x55f30eed7ed0
nccl-test-worker-1:153679:153679 [0] NCCL INFO Send: 0 Bytes -> Algo Unknown proto LL channel{Lo..Hi}={0..0} comm 0x55f30eed7ed0
nccl-test-worker-1:153679:153679 [0] NCCL INFO Recv: 0 Bytes -> Algo Unknown proto LL channel{Lo..Hi}={0..0} comm 0x55f30eed7ed0
nccl-test-worker-1:153679:153679 [0] NCCL INFO Send: 0 Bytes -> Algo Unknown proto LL channel{Lo..Hi}={0..0} comm 0x55f30eed7ed0
nccl-test-worker-1:153679:153679 [0] NCCL INFO Recv: 0 Bytes -> Algo Unknown proto LL channel{Lo..Hi}={0..0} comm 0x55f30eed7ed0
nccl-test-worker-1:153679:153679 [0] NCCL INFO Send: 0 Bytes -> Algo Unknown proto LL channel{Lo..Hi}={0..0} comm 0x55f30eed7ed0
nccl-test-worker-1:153679:153679 [0] NCCL INFO Recv: 0 Bytes -> Algo Unknown proto SIMPLE channel{Lo..Hi}={0..0} comm 0x55f30eed7ed0
nccl-test-worker-1:153679:153679 [0] NCCL INFO Send: 0 Bytes -> Algo Unknown proto SIMPLE channel{Lo..Hi}={0..0} comm 0x55f30eed7ed0
nccl-test-worker-1:153679:153679 [0] NCCL INFO Recv: 0 Bytes -> Algo Unknown proto LL channel{Lo..Hi}={0..0} comm 0x55f30eed7ed0
nccl-test-worker-1:153679:153679 [0] NCCL INFO Send: 0 Bytes -> Algo Unknown proto LL channel{Lo..Hi}={0..0} comm 0x55f30eed7ed0
nccl-test-worker-1:153679:153679 [0] NCCL INFO Recv: 0 Bytes -> Algo Unknown proto LL channel{Lo..Hi}={0..0} comm 0x55f30eed7ed0
nccl-test-worker-1:153679:153679 [0] NCCL INFO Send: 0 Bytes -> Algo Unknown proto LL channel{Lo..Hi}={0..0} comm 0x55f30eed7ed0
nccl-test-worker-1:153679:153679 [0] NCCL INFO Recv: 0 Bytes -> Algo Unknown proto LL channel{Lo..Hi}={0..0} comm 0x55f30eed7ed0
nccl-test-worker-1:153679:153679 [0] NCCL INFO Send: 0 Bytes -> Algo Unknown proto LL channel{Lo..Hi}={0..0} comm 0x55f30eed7ed0
nccl-test-worker-1:153679:153679 [0] NCCL INFO Recv: 0 Bytes -> Algo Unknown proto LL channel{Lo..Hi}={0..0} comm 0x55f30eed7ed0
nccl-test-worker-1:153679:153679 [0] NCCL INFO Send: 0 Bytes -> Algo Unknown proto LL channel{Lo..Hi}={0..0} comm 0x55f30eed7ed0
nccl-test-worker-1:153679:153679 [0] NCCL INFO Recv: 0 Bytes -> Algo Unknown proto LL channel{Lo..Hi}={0..0} comm 0x55f30eed7ed0
nccl-test-worker-1:153679:153679 [0] NCCL INFO Send: 0 Bytes -> Algo Unknown proto LL channel{Lo..Hi}={0..0} comm 0x55f30eed7ed0
nccl-test-worker-1:153679:153679 [0] NCCL INFO Recv: 0 Bytes -> Algo Unknown proto LL channel{Lo..Hi}={0..0} comm 0x55f30eed7ed0
nccl-test-worker-1:153679:153679 [0] NCCL INFO Send: 0 Bytes -> Algo Unknown proto LL channel{Lo..Hi}={0..0} comm 0x55f30eed7ed0
nccl-test-worker-1:153679:153679 [0] NCCL INFO Recv: 0 Bytes -> Algo Unknown proto LL channel{Lo..Hi}={0..0} comm 0x55f30eed7ed0
nccl-test-worker-1:153679:153679 [0] NCCL INFO Send: 0 Bytes -> Algo Unknown proto LL channel{Lo..Hi}={0..0} comm 0x55f30eed7ed0
nccl-test-worker-1:153679:153679 [0] NCCL INFO Recv: 0 Bytes -> Algo Unknown proto SIMPLE channel{Lo..Hi}={0..0} comm 0x55f30eed7ed0
nccl-test-worker-1:153679:153679 [0] NCCL INFO Send: 0 Bytes -> Algo Unknown proto SIMPLE channel{Lo..Hi}={0..0} comm 0x55f30eed7ed0
nccl-test-worker-1:153679:153679 [0] NCCL INFO Recv: 0 Bytes -> Algo Unknown proto LL channel{Lo..Hi}={0..0} comm 0x55f30eed7ed0
nccl-test-worker-1:153679:153679 [0] NCCL INFO Send: 0 Bytes -> Algo Unknown proto LL channel{Lo..Hi}={0..0} comm 0x55f30eed7ed0
nccl-test-worker-1:153679:153679 [0] NCCL INFO Recv: 0 Bytes -> Algo Unknown proto LL channel{Lo..Hi}={0..0} comm 0x55f30eed7ed0
nccl-test-worker-1:153679:153679 [0] NCCL INFO Send: 0 Bytes -> Algo Unknown proto LL channel{Lo..Hi}={0..0} comm 0x55f30eed7ed0
nccl-test-worker-1:153679:153679 [0] NCCL INFO Recv: 0 Bytes -> Algo Unknown proto LL channel{Lo..Hi}={0..0} comm 0x55f30eed7ed0
nccl-test-worker-1:153679:153679 [0] NCCL INFO Send: 0 Bytes -> Algo Unknown proto LL channel{Lo..Hi}={0..0} comm 0x55f30eed7ed0
nccl-test-worker-1:153679:153679 [0] NCCL INFO Recv: 0 Bytes -> Algo Unknown proto LL channel{Lo..Hi}={0..0} comm 0x55f30eed7ed0
nccl-test-worker-1:153679:153679 [0] NCCL INFO Send: 0 Bytes -> Algo Unknown proto LL channel{Lo..Hi}={0..0} comm 0x55f30eed7ed0
nccl-test-worker-1:153679:153679 [0] NCCL INFO Recv: 0 Bytes -> Algo Unknown proto LL channel{Lo..Hi}={0..0} comm 0x55f30eed7ed0
nccl-test-worker-1:153679:153679 [0] NCCL INFO Send: 0 Bytes -> Algo Unknown proto LL channel{Lo..Hi}={0..0} comm 0x55f30eed7ed0
nccl-test-worker-1:153679:153679 [0] NCCL INFO Recv: 0 Bytes -> Algo Unknown proto LL channel{Lo..Hi}={0..0} comm 0x55f30eed7ed0
nccl-test-worker-1:153679:153679 [0] NCCL INFO Send: 0 Bytes -> Algo Unknown proto LL channel{Lo..Hi}={0..0} comm 0x55f30eed7ed0
nccl-test-worker-1:153679:153679 [0] NCCL INFO Recv: 0 Bytes -> Algo Unknown proto LL channel{Lo..Hi}={0..0} comm 0x55f30eed7ed0
nccl-test-worker-1:153679:153679 [0] NCCL INFO Send: 0 Bytes -> Algo Unknown proto LL channel{Lo..Hi}={0..0} comm 0x55f30eed7ed0
nccl-test-worker-1:153679:153679 [0] NCCL INFO Recv: 0 Bytes -> Algo Unknown proto LL channel{Lo..Hi}={0..0} comm 0x55f30eed7ed0
nccl-test-worker-1:153679:153679 [0] NCCL INFO Send: 0 Bytes -> Algo Unknown proto LL channel{Lo..Hi}={0..0} comm 0x55f30eed7ed0
nccl-test-worker-1:153679:153679 [0] NCCL INFO Recv: 0 Bytes -> Algo Unknown proto LL channel{Lo..Hi}={0..0} comm 0x55f30eed7ed0
nccl-test-worker-1:153679:153679 [0] NCCL INFO Send: 0 Bytes -> Algo Unknown proto LL channel{Lo..Hi}={0..0} comm 0x55f30eed7ed0
nccl-test-worker-1:153679:153679 [0] NCCL INFO Recv: 0 Bytes -> Algo Unknown proto LL channel{Lo..Hi}={0..0} comm 0x55f30eed7ed0
nccl-test-worker-1:153679:153679 [0] NCCL INFO Send: 0 Bytes -> Algo Unknown proto LL channel{Lo..Hi}={0..0} comm 0x55f30eed7ed0
nccl-test-worker-1:153679:153679 [0] NCCL INFO Recv: 0 Bytes -> Algo Unknown proto LL channel{Lo..Hi}={0..0} comm 0x55f30eed7ed0
nccl-test-worker-1:153679:153679 [0] NCCL INFO Send: 0 Bytes -> Algo Unknown proto LL channel{Lo..Hi}={0..0} comm 0x55f30eed7ed0
nccl-test-worker-1:153679:153679 [0] NCCL INFO Recv: 0 Bytes -> Algo Unknown proto LL channel{Lo..Hi}={0..0} comm 0x55f30eed7ed0
nccl-test-worker-1:153679:153679 [0] NCCL INFO Send: 0 Bytes -> Algo Unknown proto LL channel{Lo..Hi}={0..0} comm 0x55f30eed7ed0
nccl-test-worker-1:153679:153679 [0] NCCL INFO Recv: 0 Bytes -> Algo Unknown proto LL channel{Lo..Hi}={0..0} comm 0x55f30eed7ed0
nccl-test-worker-1:153679:153679 [0] NCCL INFO Send: 0 Bytes -> Algo Unknown proto LL channel{Lo..Hi}={0..0} comm 0x55f30eed7ed0
nccl-test-worker-1:153679:153679 [0] NCCL INFO Recv: 0 Bytes -> Algo Unknown proto LL channel{Lo..Hi}={0..0} comm 0x55f30eed7ed0
nccl-test-worker-1:153679:153679 [0] NCCL INFO Send: 0 Bytes -> Algo Unknown proto LL channel{Lo..Hi}={0..0} comm 0x55f30eed7ed0
nccl-test-worker-1:153679:153679 [0] NCCL INFO Recv: 0 Bytes -> Algo Unknown proto LL channel{Lo..Hi}={0..0} comm 0x55f30eed7ed0
nccl-test-worker-1:153679:153679 [0] NCCL INFO Send: 0 Bytes -> Algo Unknown proto LL channel{Lo..Hi}={0..0} comm 0x55f30eed7ed0
nccl-test-worker-1:153679:153679 [0] NCCL INFO Recv: 0 Bytes -> Algo Unknown proto LL channel{Lo..Hi}={0..0} comm 0x55f30eed7ed0
nccl-test-worker-1:153679:153679 [0] NCCL INFO Send: 0 Bytes -> Algo Unknown proto LL channel{Lo..Hi}={0..0} comm 0x55f30eed7ed0
nccl-test-worker-1:153679:153679 [0] NCCL INFO Recv: 0 Bytes -> Algo Unknown proto LL channel{Lo..Hi}={0..0} comm 0x55f30eed7ed0
nccl-test-worker-1:153679:153679 [0] NCCL INFO Send: 0 Bytes -> Algo Unknown proto LL channel{Lo..Hi}={0..0} comm 0x55f30eed7ed0
nccl-test-worker-1:153679:153679 [0] NCCL INFO Recv: 0 Bytes -> Algo Unknown proto LL channel{Lo..Hi}={0..0} comm 0x55f30eed7ed0
nccl-test-worker-1:153679:153679 [0] NCCL INFO Send: 0 Bytes -> Algo Unknown proto LL channel{Lo..Hi}={0..0} comm 0x55f30eed7ed0
nccl-test-worker-1:153679:153679 [0] NCCL INFO Recv: 0 Bytes -> Algo Unknown proto LL channel{Lo..Hi}={0..0} comm 0x55f30eed7ed0
nccl-test-worker-1:153679:153679 [0] NCCL INFO Send: 0 Bytes -> Algo Unknown proto LL channel{Lo..Hi}={0..0} comm 0x55f30eed7ed0
nccl-test-worker-1:153679:153679 [0] NCCL INFO Recv: 0 Bytes -> Algo Unknown proto LL channel{Lo..Hi}={0..0} comm 0x55f30eed7ed0
nccl-test-worker-1:153679:153679 [0] NCCL INFO Send: 0 Bytes -> Algo Unknown proto LL channel{Lo..Hi}={0..0} comm 0x55f30eed7ed0
nccl-test-worker-1:153679:153679 [0] NCCL INFO Recv: 0 Bytes -> Algo Unknown proto LL channel{Lo..Hi}={0..0} comm 0x55f30eed7ed0
nccl-test-worker-1:153679:153679 [0] NCCL INFO Send: 0 Bytes -> Algo Unknown proto LL channel{Lo..Hi}={0..0} comm 0x55f30eed7ed0
nccl-test-worker-1:153679:153679 [0] NCCL INFO Recv: 0 Bytes -> Algo Unknown proto LL channel{Lo..Hi}={0..0} comm 0x55f30eed7ed0
nccl-test-worker-1:153679:153679 [0] NCCL INFO Send: 0 Bytes -> Algo Unknown proto LL channel{Lo..Hi}={0..0} comm 0x55f30eed7ed0
nccl-test-worker-1:153679:153679 [0] NCCL INFO Recv: 0 Bytes -> Algo Unknown proto LL channel{Lo..Hi}={0..0} comm 0x55f30eed7ed0
nccl-test-worker-1:153679:153679 [0] NCCL INFO Send: 0 Bytes -> Algo Unknown proto LL channel{Lo..Hi}={0..0} comm 0x55f30eed7ed0
nccl-test-worker-1:153679:153679 [0] NCCL INFO Recv: 0 Bytes -> Algo Unknown proto LL channel{Lo..Hi}={0..0} comm 0x55f30eed7ed0
nccl-test-worker-1:153679:153679 [0] NCCL INFO Send: 0 Bytes -> Algo Unknown proto LL channel{Lo..Hi}={0..0} comm 0x55f30eed7ed0
nccl-test-worker-1:153679:153679 [0] NCCL INFO Recv: 0 Bytes -> Algo Unknown proto LL channel{Lo..Hi}={0..0} comm 0x55f30eed7ed0
nccl-test-worker-1:153679:153679 [0] NCCL INFO Send: 0 Bytes -> Algo Unknown proto LL channel{Lo..Hi}={0..0} comm 0x55f30eed7ed0
nccl-test-worker-1:153679:153679 [0] NCCL INFO Recv: 0 Bytes -> Algo Unknown proto LL channel{Lo..Hi}={0..0} comm 0x55f30eed7ed0
nccl-test-worker-1:153679:153679 [0] NCCL INFO Send: 0 Bytes -> Algo Unknown proto LL channel{Lo..Hi}={0..0} comm 0x55f30eed7ed0
nccl-test-worker-1:153679:153679 [0] NCCL INFO Recv: 0 Bytes -> Algo Unknown proto LL channel{Lo..Hi}={0..0} comm 0x55f30eed7ed0
nccl-test-worker-1:153679:153679 [0] NCCL INFO Send: 0 Bytes -> Algo Unknown proto LL channel{Lo..Hi}={0..0} comm 0x55f30eed7ed0
nccl-test-worker-1:153679:153679 [0] NCCL INFO Recv: 0 Bytes -> Algo Unknown proto LL channel{Lo..Hi}={0..0} comm 0x55f30eed7ed0
nccl-test-worker-1:153679:153679 [0] NCCL INFO Send: 0 Bytes -> Algo Unknown proto LL channel{Lo..Hi}={0..0} comm 0x55f30eed7ed0
nccl-test-worker-1:153679:153679 [0] NCCL INFO Recv: 4 Bytes -> Algo Unknown proto SIMPLE channel{Lo..Hi}={0..0} comm 0x55f30eed7ed0
nccl-test-worker-1:153679:153679 [0] NCCL INFO Send: 4 Bytes -> Algo Unknown proto SIMPLE channel{Lo..Hi}={0..0} comm 0x55f30eed7ed0
nccl-test-worker-1:153679:153679 [0] NCCL INFO Recv: 4 Bytes -> Algo Unknown proto LL channel{Lo..Hi}={0..0} comm 0x55f30eed7ed0
nccl-test-worker-1:153679:153679 [0] NCCL INFO Send: 4 Bytes -> Algo Unknown proto LL channel{Lo..Hi}={0..0} comm 0x55f30eed7ed0
nccl-test-worker-1:153679:153679 [0] NCCL INFO Recv: 4 Bytes -> Algo Unknown proto LL channel{Lo..Hi}={0..0} comm 0x55f30eed7ed0
nccl-test-worker-1:153679:153679 [0] NCCL INFO Send: 4 Bytes -> Algo Unknown proto LL channel{Lo..Hi}={0..0} comm 0x55f30eed7ed0
nccl-test-worker-1:153679:153679 [0] NCCL INFO Recv: 4 Bytes -> Algo Unknown proto LL channel{Lo..Hi}={0..0} comm 0x55f30eed7ed0
nccl-test-worker-1:153679:153679 [0] NCCL INFO Send: 4 Bytes -> Algo Unknown proto LL channel{Lo..Hi}={0..0} comm 0x55f30eed7ed0
nccl-test-worker-1:153679:153679 [0] NCCL INFO Recv: 4 Bytes -> Algo Unknown proto LL channel{Lo..Hi}={0..0} comm 0x55f30eed7ed0
nccl-test-worker-1:153679:153679 [0] NCCL INFO Send: 4 Bytes -> Algo Unknown proto LL channel{Lo..Hi}={0..0} comm 0x55f30eed7ed0
nccl-test-worker-1:153679:153679 [0] NCCL INFO Recv: 4 Bytes -> Algo Unknown proto LL channel{Lo..Hi}={0..0} comm 0x55f30eed7ed0
nccl-test-worker-1:153679:153679 [0] NCCL INFO Send: 4 Bytes -> Algo Unknown proto LL channel{Lo..Hi}={0..0} comm 0x55f30eed7ed0
nccl-test-worker-1:153679:153679 [0] NCCL INFO Recv: 4 Bytes -> Algo Unknown proto LL channel{Lo..Hi}={0..0} comm 0x55f30eed7ed0
nccl-test-worker-1:153679:153679 [0] NCCL INFO Send: 4 Bytes -> Algo Unknown proto LL channel{Lo..Hi}={0..0} comm 0x55f30eed7ed0
nccl-test-worker-1:153679:153679 [0] NCCL INFO Recv: 4 Bytes -> Algo Unknown proto LL channel{Lo..Hi}={0..0} comm 0x55f30eed7ed0
nccl-test-worker-1:153679:153679 [0] NCCL INFO Send: 4 Bytes -> Algo Unknown proto LL channel{Lo..Hi}={0..0} comm 0x55f30eed7ed0
nccl-test-worker-1:153679:153679 [0] NCCL INFO Recv: 4 Bytes -> Algo Unknown proto SIMPLE channel{Lo..Hi}={0..0} comm 0x55f30eed7ed0
nccl-test-worker-1:153679:153679 [0] NCCL INFO Send: 4 Bytes -> Algo Unknown proto SIMPLE channel{Lo..Hi}={0..0} comm 0x55f30eed7ed0
nccl-test-worker-1:153679:153679 [0] NCCL INFO Recv: 4 Bytes -> Algo Unknown proto LL channel{Lo..Hi}={0..0} comm 0x55f30eed7ed0
nccl-test-worker-1:153679:153679 [0] NCCL INFO Send: 4 Bytes -> Algo Unknown proto LL channel{Lo..Hi}={0..0} comm 0x55f30eed7ed0
nccl-test-worker-1:153679:153679 [0] NCCL INFO Recv: 4 Bytes -> Algo Unknown proto LL channel{Lo..Hi}={0..0} comm 0x55f30eed7ed0
nccl-test-worker-1:153679:153679 [0] NCCL INFO Send: 4 Bytes -> Algo Unknown proto LL channel{Lo..Hi}={0..0} comm 0x55f30eed7ed0
nccl-test-worker-1:153679:153679 [0] NCCL INFO Recv: 4 Bytes -> Algo Unknown proto LL channel{Lo..Hi}={0..0} comm 0x55f30eed7ed0
nccl-test-worker-1:153679:153679 [0] NCCL INFO Send: 4 Bytes -> Algo Unknown proto LL channel{Lo..Hi}={0..0} comm 0x55f30eed7ed0
nccl-test-worker-1:153679:153679 [0] NCCL INFO Recv: 4 Bytes -> Algo Unknown proto LL channel{Lo..Hi}={0..0} comm 0x55f30eed7ed0
nccl-test-worker-1:153679:153679 [0] NCCL INFO Send: 4 Bytes -> Algo Unknown proto LL channel{Lo..Hi}={0..0} comm 0x55f30eed7ed0
nccl-test-worker-1:153679:153679 [0] NCCL INFO Recv: 4 Bytes -> Algo Unknown proto LL channel{Lo..Hi}={0..0} comm 0x55f30eed7ed0
nccl-test-worker-1:153679:153679 [0] NCCL INFO Send: 4 Bytes -> Algo Unknown proto LL channel{Lo..Hi}={0..0} comm 0x55f30eed7ed0
nccl-test-worker-1:153679:153679 [0] NCCL INFO Recv: 4 Bytes -> Algo Unknown proto LL channel{Lo..Hi}={0..0} comm 0x55f30eed7ed0
nccl-test-worker-1:153679:153679 [0] NCCL INFO Send: 4 Bytes -> Algo Unknown proto LL channel{Lo..Hi}={0..0} comm 0x55f30eed7ed0
nccl-test-worker-1:153679:153679 [0] NCCL INFO Recv: 4 Bytes -> Algo Unknown proto LL channel{Lo..Hi}={0..0} comm 0x55f30eed7ed0
nccl-test-worker-1:153679:153679 [0] NCCL INFO Send: 4 Bytes -> Algo Unknown proto LL channel{Lo..Hi}={0..0} comm 0x55f30eed7ed0
nccl-test-worker-1:153679:153679 [0] NCCL INFO Recv: 4 Bytes -> Algo Unknown proto SIMPLE channel{Lo..Hi}={0..0} comm 0x55f30eed7ed0
nccl-test-worker-1:153679:153679 [0] NCCL INFO Send: 4 Bytes -> Algo Unknown proto SIMPLE channel{Lo..Hi}={0..0} comm 0x55f30eed7ed0
nccl-test-worker-1:153679:153679 [0] NCCL INFO Recv: 4 Bytes -> Algo Unknown proto LL channel{Lo..Hi}={0..0} comm 0x55f30eed7ed0
nccl-test-worker-1:153679:153679 [0] NCCL INFO Send: 4 Bytes -> Algo Unknown proto LL channel{Lo..Hi}={0..0} comm 0x55f30eed7ed0
nccl-test-worker-1:153679:153679 [0] NCCL INFO Recv: 4 Bytes -> Algo Unknown proto LL channel{Lo..Hi}={0..0} comm 0x55f30eed7ed0
nccl-test-worker-1:153679:153679 [0] NCCL INFO Send: 4 Bytes -> Algo Unknown proto LL channel{Lo..Hi}={0..0} comm 0x55f30eed7ed0
nccl-test-worker-1:153679:153679 [0] NCCL INFO Recv: 4 Bytes -> Algo Unknown proto LL channel{Lo..Hi}={0..0} comm 0x55f30eed7ed0
nccl-test-worker-1:153679:153679 [0] NCCL INFO Send: 4 Bytes -> Algo Unknown proto LL channel{Lo..Hi}={0..0} comm 0x55f30eed7ed0
nccl-test-worker-1:153679:153679 [0] NCCL INFO Recv: 4 Bytes -> Algo Unknown proto LL channel{Lo..Hi}={0..0} comm 0x55f30eed7ed0
nccl-test-worker-1:153679:153679 [0] NCCL INFO Send: 4 Bytes -> Algo Unknown proto LL channel{Lo..Hi}={0..0} comm 0x55f30eed7ed0
nccl-test-worker-1:153679:153679 [0] NCCL INFO Recv: 4 Bytes -> Algo Unknown proto LL channel{Lo..Hi}={0..0} comm 0x55f30eed7ed0
nccl-test-worker-1:153679:153679 [0] NCCL INFO Send: 4 Bytes -> Algo Unknown proto LL channel{Lo..Hi}={0..0} comm 0x55f30eed7ed0
nccl-test-worker-1:153679:153679 [0] NCCL INFO Recv: 4 Bytes -> Algo Unknown proto LL channel{Lo..Hi}={0..0} comm 0x55f30eed7ed0
nccl-test-worker-1:153679:153679 [0] NCCL INFO Send: 4 Bytes -> Algo Unknown proto LL channel{Lo..Hi}={0..0} comm 0x55f30eed7ed0
nccl-test-worker-1:153679:153679 [0] NCCL INFO Recv: 4 Bytes -> Algo Unknown proto LL channel{Lo..Hi}={0..0} comm 0x55f30eed7ed0
nccl-test-worker-1:153679:153679 [0] NCCL INFO Send: 4 Bytes -> Algo Unknown proto LL channel{Lo..Hi}={0..0} comm 0x55f30eed7ed0
nccl-test-worker-1:153679:153679 [0] NCCL INFO Recv: 4 Bytes -> Algo Unknown proto LL channel{Lo..Hi}={0..0} comm 0x55f30eed7ed0
nccl-test-worker-1:153679:153679 [0] NCCL INFO Send: 4 Bytes -> Algo Unknown proto LL channel{Lo..Hi}={0..0} comm 0x55f30eed7ed0
nccl-test-worker-1:153679:153679 [0] NCCL INFO Recv: 4 Bytes -> Algo Unknown proto LL channel{Lo..Hi}={0..0} comm 0x55f30eed7ed0
nccl-test-worker-1:153679:153679 [0] NCCL INFO Send: 4 Bytes -> Algo Unknown proto LL channel{Lo..Hi}={0..0} comm 0x55f30eed7ed0
nccl-test-worker-1:153679:153679 [0] NCCL INFO Recv: 4 Bytes -> Algo Unknown proto LL channel{Lo..Hi}={0..0} comm 0x55f30eed7ed0
nccl-test-worker-1:153679:153679 [0] NCCL INFO Send: 4 Bytes -> Algo Unknown proto LL channel{Lo..Hi}={0..0} comm 0x55f30eed7ed0
nccl-test-worker-1:153679:153679 [0] NCCL INFO Recv: 4 Bytes -> Algo Unknown proto LL channel{Lo..Hi}={0..0} comm 0x55f30eed7ed0
nccl-test-worker-1:153679:153679 [0] NCCL INFO Send: 4 Bytes -> Algo Unknown proto LL channel{Lo..Hi}={0..0} comm 0x55f30eed7ed0
nccl-test-worker-1:153679:153679 [0] NCCL INFO Recv: 4 Bytes -> Algo Unknown proto LL channel{Lo..Hi}={0..0} comm 0x55f30eed7ed0
nccl-test-worker-1:153679:153679 [0] NCCL INFO Send: 4 Bytes -> Algo Unknown proto LL channel{Lo..Hi}={0..0} comm 0x55f30eed7ed0
nccl-test-worker-1:153679:153679 [0] NCCL INFO Recv: 4 Bytes -> Algo Unknown proto LL channel{Lo..Hi}={0..0} comm 0x55f30eed7ed0
nccl-test-worker-1:153679:153679 [0] NCCL INFO Send: 4 Bytes -> Algo Unknown proto LL channel{Lo..Hi}={0..0} comm 0x55f30eed7ed0
nccl-test-worker-1:153679:153679 [0] NCCL INFO Recv: 4 Bytes -> Algo Unknown proto LL channel{Lo..Hi}={0..0} comm 0x55f30eed7ed0
nccl-test-worker-1:153679:153679 [0] NCCL INFO Send: 4 Bytes -> Algo Unknown proto LL channel{Lo..Hi}={0..0} comm 0x55f30eed7ed0
nccl-test-worker-1:153679:153679 [0] NCCL INFO Recv: 4 Bytes -> Algo Unknown proto LL channel{Lo..Hi}={0..0} comm 0x55f30eed7ed0
nccl-test-worker-1:153679:153679 [0] NCCL INFO Send: 4 Bytes -> Algo Unknown proto LL channel{Lo..Hi}={0..0} comm 0x55f30eed7ed0
nccl-test-worker-1:153679:153679 [0] NCCL INFO Recv: 4 Bytes -> Algo Unknown proto LL channel{Lo..Hi}={0..0} comm 0x55f30eed7ed0
nccl-test-worker-1:153679:153679 [0] NCCL INFO Send: 4 Bytes -> Algo Unknown proto LL channel{Lo..Hi}={0..0} comm 0x55f30eed7ed0
nccl-test-worker-1:153679:153679 [0] NCCL INFO Recv: 4 Bytes -> Algo Unknown proto LL channel{Lo..Hi}={0..0} comm 0x55f30eed7ed0
nccl-test-worker-1:153679:153679 [0] NCCL INFO Send: 4 Bytes -> Algo Unknown proto LL channel{Lo..Hi}={0..0} comm 0x55f30eed7ed0
nccl-test-worker-1:153679:153679 [0] NCCL INFO Recv: 4 Bytes -> Algo Unknown proto LL channel{Lo..Hi}={0..0} comm 0x55f30eed7ed0
nccl-test-worker-1:153679:153679 [0] NCCL INFO Send: 4 Bytes -> Algo Unknown proto LL channel{Lo..Hi}={0..0} comm 0x55f30eed7ed0
nccl-test-worker-1:153679:153679 [0] NCCL INFO Recv: 4 Bytes -> Algo Unknown proto LL channel{Lo..Hi}={0..0} comm 0x55f30eed7ed0
nccl-test-worker-1:153679:153679 [0] NCCL INFO Send: 4 Bytes -> Algo Unknown proto LL channel{Lo..Hi}={0..0} comm 0x55f30eed7ed0
nccl-test-worker-1:153679:153679 [0] NCCL INFO Recv: 4 Bytes -> Algo Unknown proto LL channel{Lo..Hi}={0..0} comm 0x55f30eed7ed0
nccl-test-worker-1:153679:153679 [0] NCCL INFO Send: 4 Bytes -> Algo Unknown proto LL channel{Lo..Hi}={0..0} comm 0x55f30eed7ed0
nccl-test-worker-1:153679:153679 [0] NCCL INFO Recv: 4 Bytes -> Algo Unknown proto LL channel{Lo..Hi}={0..0} comm 0x55f30eed7ed0
nccl-test-worker-1:153679:153679 [0] NCCL INFO Send: 4 Bytes -> Algo Unknown proto LL channel{Lo..Hi}={0..0} comm 0x55f30eed7ed0
nccl-test-worker-1:153679:153679 [0] NCCL INFO Recv: 4 Bytes -> Algo Unknown proto LL channel{Lo..Hi}={0..0} comm 0x55f30eed7ed0
nccl-test-worker-1:153679:153679 [0] NCCL INFO Send: 4 Bytes -> Algo Unknown proto LL channel{Lo..Hi}={0..0} comm 0x55f30eed7ed0
nccl-test-worker-1:153679:153679 [0] NCCL INFO Recv: 4 Bytes -> Algo Unknown proto LL channel{Lo..Hi}={0..0} comm 0x55f30eed7ed0
nccl-test-worker-1:153679:153679 [0] NCCL INFO Send: 4 Bytes -> Algo Unknown proto LL channel{Lo..Hi}={0..0} comm 0x55f30eed7ed0
nccl-test-worker-1:153679:153679 [0] NCCL INFO Recv: 4 Bytes -> Algo Unknown proto LL channel{Lo..Hi}={0..0} comm 0x55f30eed7ed0
nccl-test-worker-1:153679:153679 [0] NCCL INFO Send: 4 Bytes -> Algo Unknown proto LL channel{Lo..Hi}={0..0} comm 0x55f30eed7ed0
nccl-test-worker-1:153679:153679 [0] NCCL INFO Recv: 4 Bytes -> Algo Unknown proto LL channel{Lo..Hi}={0..0} comm 0x55f30eed7ed0
nccl-test-worker-1:153679:153679 [0] NCCL INFO Send: 4 Bytes -> Algo Unknown proto LL channel{Lo..Hi}={0..0} comm 0x55f30eed7ed0
nccl-test-worker-1:153679:153679 [0] NCCL INFO Recv: 4 Bytes -> Algo Unknown proto LL channel{Lo..Hi}={0..0} comm 0x55f30eed7ed0
nccl-test-worker-1:153679:153679 [0] NCCL INFO Send: 4 Bytes -> Algo Unknown proto LL channel{Lo..Hi}={0..0} comm 0x55f30eed7ed0
nccl-test-worker-1:153679:153679 [0] NCCL INFO Recv: 4 Bytes -> Algo Unknown proto LL channel{Lo..Hi}={0..0} comm 0x55f30eed7ed0
nccl-test-worker-1:153679:153679 [0] NCCL INFO Send: 4 Bytes -> Algo Unknown proto LL channel{Lo..Hi}={0..0} comm 0x55f30eed7ed0
nccl-test-worker-1:153679:153679 [0] NCCL INFO Recv: 4 Bytes -> Algo Unknown proto LL channel{Lo..Hi}={0..0} comm 0x55f30eed7ed0
nccl-test-worker-1:153679:153679 [0] NCCL INFO Send: 4 Bytes -> Algo Unknown proto LL channel{Lo..Hi}={0..0} comm 0x55f30eed7ed0
nccl-test-worker-1:153679:153679 [0] NCCL INFO Recv: 8 Bytes -> Algo Unknown proto SIMPLE channel{Lo..Hi}={0..0} comm 0x55f30eed7ed0
nccl-test-worker-1:153679:153679 [0] NCCL INFO Send: 8 Bytes -> Algo Unknown proto SIMPLE channel{Lo..Hi}={0..0} comm 0x55f30eed7ed0
nccl-test-worker-1:153679:153679 [0] NCCL INFO Recv: 8 Bytes -> Algo Unknown proto LL channel{Lo..Hi}={0..0} comm 0x55f30eed7ed0
nccl-test-worker-1:153679:153679 [0] NCCL INFO Send: 8 Bytes -> Algo Unknown proto LL channel{Lo..Hi}={0..0} comm 0x55f30eed7ed0
nccl-test-worker-1:153679:153679 [0] NCCL INFO Recv: 8 Bytes -> Algo Unknown proto LL channel{Lo..Hi}={0..0} comm 0x55f30eed7ed0
nccl-test-worker-1:153679:153679 [0] NCCL INFO Send: 8 Bytes -> Algo Unknown proto LL channel{Lo..Hi}={0..0} comm 0x55f30eed7ed0
nccl-test-worker-1:153679:153679 [0] NCCL INFO Recv: 8 Bytes -> Algo Unknown proto LL channel{Lo..Hi}={0..0} comm 0x55f30eed7ed0
nccl-test-worker-1:153679:153679 [0] NCCL INFO Send: 8 Bytes -> Algo Unknown proto LL channel{Lo..Hi}={0..0} comm 0x55f30eed7ed0
nccl-test-worker-1:153679:153679 [0] NCCL INFO Recv: 8 Bytes -> Algo Unknown proto LL channel{Lo..Hi}={0..0} comm 0x55f30eed7ed0
nccl-test-worker-1:153679:153679 [0] NCCL INFO Send: 8 Bytes -> Algo Unknown proto LL channel{Lo..Hi}={0..0} comm 0x55f30eed7ed0
nccl-test-worker-1:153679:153679 [0] NCCL INFO Recv: 8 Bytes -> Algo Unknown proto LL channel{Lo..Hi}={0..0} comm 0x55f30eed7ed0
nccl-test-worker-1:153679:153679 [0] NCCL INFO Send: 8 Bytes -> Algo Unknown proto LL channel{Lo..Hi}={0..0} comm 0x55f30eed7ed0
nccl-test-worker-1:153679:153679 [0] NCCL INFO Recv: 8 Bytes -> Algo Unknown proto LL channel{Lo..Hi}={0..0} comm 0x55f30eed7ed0
nccl-test-worker-1:153679:153679 [0] NCCL INFO Send: 8 Bytes -> Algo Unknown proto LL channel{Lo..Hi}={0..0} comm 0x55f30eed7ed0
nccl-test-worker-1:153679:153679 [0] NCCL INFO Recv: 8 Bytes -> Algo Unknown proto LL channel{Lo..Hi}={0..0} comm 0x55f30eed7ed0
nccl-test-worker-1:153679:153679 [0] NCCL INFO Send: 8 Bytes -> Algo Unknown proto LL channel{Lo..Hi}={0..0} comm 0x55f30eed7ed0
nccl-test-worker-1:153679:153679 [0] NCCL INFO Recv: 8 Bytes -> Algo Unknown proto SIMPLE channel{Lo..Hi}={0..0} comm 0x55f30eed7ed0
nccl-test-worker-1:153679:153679 [0] NCCL INFO Send: 8 Bytes -> Algo Unknown proto SIMPLE channel{Lo..Hi}={0..0} comm 0x55f30eed7ed0
nccl-test-worker-1:153679:153679 [0] NCCL INFO Recv: 8 Bytes -> Algo Unknown proto LL channel{Lo..Hi}={0..0} comm 0x55f30eed7ed0
nccl-test-worker-1:153679:153679 [0] NCCL INFO Send: 8 Bytes -> Algo Unknown proto LL channel{Lo..Hi}={0..0} comm 0x55f30eed7ed0
nccl-test-worker-1:153679:153679 [0] NCCL INFO Recv: 8 Bytes -> Algo Unknown proto LL channel{Lo..Hi}={0..0} comm 0x55f30eed7ed0
nccl-test-worker-1:153679:153679 [0] NCCL INFO Send: 8 Bytes -> Algo Unknown proto LL channel{Lo..Hi}={0..0} comm 0x55f30eed7ed0
nccl-test-worker-1:153679:153679 [0] NCCL INFO Recv: 8 Bytes -> Algo Unknown proto LL channel{Lo..Hi}={0..0} comm 0x55f30eed7ed0
nccl-test-worker-1:153679:153679 [0] NCCL INFO Send: 8 Bytes -> Algo Unknown proto LL channel{Lo..Hi}={0..0} comm 0x55f30eed7ed0
nccl-test-worker-1:153679:153679 [0] NCCL INFO Recv: 8 Bytes -> Algo Unknown proto LL channel{Lo..Hi}={0..0} comm 0x55f30eed7ed0
nccl-test-worker-1:153679:153679 [0] NCCL INFO Send: 8 Bytes -> Algo Unknown proto LL channel{Lo..Hi}={0..0} comm 0x55f30eed7ed0
nccl-test-worker-1:153679:153679 [0] NCCL INFO Recv: 8 Bytes -> Algo Unknown proto LL channel{Lo..Hi}={0..0} comm 0x55f30eed7ed0
nccl-test-worker-1:153679:153679 [0] NCCL INFO Send: 8 Bytes -> Algo Unknown proto LL channel{Lo..Hi}={0..0} comm 0x55f30eed7ed0
nccl-test-worker-1:153679:153679 [0] NCCL INFO Recv: 8 Bytes -> Algo Unknown proto LL channel{Lo..Hi}={0..0} comm 0x55f30eed7ed0
nccl-test-worker-1:153679:153679 [0] NCCL INFO Send: 8 Bytes -> Algo Unknown proto LL channel{Lo..Hi}={0..0} comm 0x55f30eed7ed0
nccl-test-worker-1:153679:153679 [0] NCCL INFO Recv: 8 Bytes -> Algo Unknown proto LL channel{Lo..Hi}={0..0} comm 0x55f30eed7ed0
nccl-test-worker-1:153679:153679 [0] NCCL INFO Send: 8 Bytes -> Algo Unknown proto LL channel{Lo..Hi}={0..0} comm 0x55f30eed7ed0
nccl-test-worker-1:153679:153679 [0] NCCL INFO Recv: 8 Bytes -> Algo Unknown proto SIMPLE channel{Lo..Hi}={0..0} comm 0x55f30eed7ed0
nccl-test-worker-1:153679:153679 [0] NCCL INFO Send: 8 Bytes -> Algo Unknown proto SIMPLE channel{Lo..Hi}={0..0} comm 0x55f30eed7ed0
nccl-test-worker-1:153679:153679 [0] NCCL INFO Recv: 8 Bytes -> Algo Unknown proto LL channel{Lo..Hi}={0..0} comm 0x55f30eed7ed0
nccl-test-worker-1:153679:153679 [0] NCCL INFO Send: 8 Bytes -> Algo Unknown proto LL channel{Lo..Hi}={0..0} comm 0x55f30eed7ed0
nccl-test-worker-1:153679:153679 [0] NCCL INFO Recv: 8 Bytes -> Algo Unknown proto LL channel{Lo..Hi}={0..0} comm 0x55f30eed7ed0
nccl-test-worker-1:153679:153679 [0] NCCL INFO Send: 8 Bytes -> Algo Unknown proto LL channel{Lo..Hi}={0..0} comm 0x55f30eed7ed0
nccl-test-worker-1:153679:153679 [0] NCCL INFO Recv: 8 Bytes -> Algo Unknown proto LL channel{Lo..Hi}={0..0} comm 0x55f30eed7ed0
nccl-test-worker-1:153679:153679 [0] NCCL INFO Send: 8 Bytes -> Algo Unknown proto LL channel{Lo..Hi}={0..0} comm 0x55f30eed7ed0
nccl-test-worker-1:153679:153679 [0] NCCL INFO Recv: 8 Bytes -> Algo Unknown proto LL channel{Lo..Hi}={0..0} comm 0x55f30eed7ed0
nccl-test-worker-1:153679:153679 [0] NCCL INFO Send: 8 Bytes -> Algo Unknown proto LL channel{Lo..Hi}={0..0} comm 0x55f30eed7ed0
nccl-test-worker-1:153679:153679 [0] NCCL INFO Recv: 8 Bytes -> Algo Unknown proto LL channel{Lo..Hi}={0..0} comm 0x55f30eed7ed0
nccl-test-worker-1:153679:153679 [0] NCCL INFO Send: 8 Bytes -> Algo Unknown proto LL channel{Lo..Hi}={0..0} comm 0x55f30eed7ed0
nccl-test-worker-1:153679:153679 [0] NCCL INFO Recv: 8 Bytes -> Algo Unknown proto LL channel{Lo..Hi}={0..0} comm 0x55f30eed7ed0
nccl-test-worker-1:153679:153679 [0] NCCL INFO Send: 8 Bytes -> Algo Unknown proto LL channel{Lo..Hi}={0..0} comm 0x55f30eed7ed0
nccl-test-worker-1:153679:153679 [0] NCCL INFO Recv: 8 Bytes -> Algo Unknown proto LL channel{Lo..Hi}={0..0} comm 0x55f30eed7ed0
nccl-test-worker-1:153679:153679 [0] NCCL INFO Send: 8 Bytes -> Algo Unknown proto LL channel{Lo..Hi}={0..0} comm 0x55f30eed7ed0
nccl-test-worker-1:153679:153679 [0] NCCL INFO Recv: 8 Bytes -> Algo Unknown proto LL channel{Lo..Hi}={0..0} comm 0x55f30eed7ed0
nccl-test-worker-1:153679:153679 [0] NCCL INFO Send: 8 Bytes -> Algo Unknown proto LL channel{Lo..Hi}={0..0} comm 0x55f30eed7ed0
nccl-test-worker-1:153679:153679 [0] NCCL INFO Recv: 8 Bytes -> Algo Unknown proto LL channel{Lo..Hi}={0..0} comm 0x55f30eed7ed0
nccl-test-worker-1:153679:153679 [0] NCCL INFO Send: 8 Bytes -> Algo Unknown proto LL channel{Lo..Hi}={0..0} comm 0x55f30eed7ed0
nccl-test-worker-1:153679:153679 [0] NCCL INFO Recv: 8 Bytes -> Algo Unknown proto LL channel{Lo..Hi}={0..0} comm 0x55f30eed7ed0
nccl-test-worker-1:153679:153679 [0] NCCL INFO Send: 8 Bytes -> Algo Unknown proto LL channel{Lo..Hi}={0..0} comm 0x55f30eed7ed0
nccl-test-worker-1:153679:153679 [0] NCCL INFO Recv: 8 Bytes -> Algo Unknown proto LL channel{Lo..Hi}={0..0} comm 0x55f30eed7ed0
nccl-test-worker-1:153679:153679 [0] NCCL INFO Send: 8 Bytes -> Algo Unknown proto LL channel{Lo..Hi}={0..0} comm 0x55f30eed7ed0
nccl-test-worker-1:153679:153679 [0] NCCL INFO Recv: 8 Bytes -> Algo Unknown proto LL channel{Lo..Hi}={0..0} comm 0x55f30eed7ed0
nccl-test-worker-1:153679:153679 [0] NCCL INFO Send: 8 Bytes -> Algo Unknown proto LL channel{Lo..Hi}={0..0} comm 0x55f30eed7ed0
nccl-test-worker-1:153679:153679 [0] NCCL INFO Recv: 8 Bytes -> Algo Unknown proto LL channel{Lo..Hi}={0..0} comm 0x55f30eed7ed0
nccl-test-worker-1:153679:153679 [0] NCCL INFO Send: 8 Bytes -> Algo Unknown proto LL channel{Lo..Hi}={0..0} comm 0x55f30eed7ed0
nccl-test-worker-1:153679:153679 [0] NCCL INFO Recv: 8 Bytes -> Algo Unknown proto LL channel{Lo..Hi}={0..0} comm 0x55f30eed7ed0
nccl-test-worker-1:153679:153679 [0] NCCL INFO Send: 8 Bytes -> Algo Unknown proto LL channel{Lo..Hi}={0..0} comm 0x55f30eed7ed0
nccl-test-worker-1:153679:153679 [0] NCCL INFO Recv: 8 Bytes -> Algo Unknown proto LL channel{Lo..Hi}={0..0} comm 0x55f30eed7ed0
nccl-test-worker-1:153679:153679 [0] NCCL INFO Send: 8 Bytes -> Algo Unknown proto LL channel{Lo..Hi}={0..0} comm 0x55f30eed7ed0
nccl-test-worker-1:153679:153679 [0] NCCL INFO Recv: 8 Bytes -> Algo Unknown proto LL channel{Lo..Hi}={0..0} comm 0x55f30eed7ed0
nccl-test-worker-1:153679:153679 [0] NCCL INFO Send: 8 Bytes -> Algo Unknown proto LL channel{Lo..Hi}={0..0} comm 0x55f30eed7ed0
nccl-test-worker-1:153679:153679 [0] NCCL INFO Recv: 8 Bytes -> Algo Unknown proto LL channel{Lo..Hi}={0..0} comm 0x55f30eed7ed0
nccl-test-worker-1:153679:153679 [0] NCCL INFO Send: 8 Bytes -> Algo Unknown proto LL channel{Lo..Hi}={0..0} comm 0x55f30eed7ed0
nccl-test-worker-1:153679:153679 [0] NCCL INFO Recv: 8 Bytes -> Algo Unknown proto LL channel{Lo..Hi}={0..0} comm 0x55f30eed7ed0
nccl-test-worker-1:153679:153679 [0] NCCL INFO Send: 8 Bytes -> Algo Unknown proto LL channel{Lo..Hi}={0..0} comm 0x55f30eed7ed0
nccl-test-worker-1:153679:153679 [0] NCCL INFO Recv: 8 Bytes -> Algo Unknown proto LL channel{Lo..Hi}={0..0} comm 0x55f30eed7ed0
nccl-test-worker-1:153679:153679 [0] NCCL INFO Send: 8 Bytes -> Algo Unknown proto LL channel{Lo..Hi}={0..0} comm 0x55f30eed7ed0
nccl-test-worker-1:153679:153679 [0] NCCL INFO Recv: 8 Bytes -> Algo Unknown proto LL channel{Lo..Hi}={0..0} comm 0x55f30eed7ed0
nccl-test-worker-1:153679:153679 [0] NCCL INFO Send: 8 Bytes -> Algo Unknown proto LL channel{Lo..Hi}={0..0} comm 0x55f30eed7ed0
nccl-test-worker-1:153679:153679 [0] NCCL INFO Recv: 8 Bytes -> Algo Unknown proto LL channel{Lo..Hi}={0..0} comm 0x55f30eed7ed0
nccl-test-worker-1:153679:153679 [0] NCCL INFO Send: 8 Bytes -> Algo Unknown proto LL channel{Lo..Hi}={0..0} comm 0x55f30eed7ed0
nccl-test-worker-1:153679:153679 [0] NCCL INFO Recv: 8 Bytes -> Algo Unknown proto LL channel{Lo..Hi}={0..0} comm 0x55f30eed7ed0
nccl-test-worker-1:153679:153679 [0] NCCL INFO Send: 8 Bytes -> Algo Unknown proto LL channel{Lo..Hi}={0..0} comm 0x55f30eed7ed0
nccl-test-worker-1:153679:153679 [0] NCCL INFO Recv: 8 Bytes -> Algo Unknown proto LL channel{Lo..Hi}={0..0} comm 0x55f30eed7ed0
nccl-test-worker-1:153679:153679 [0] NCCL INFO Send: 8 Bytes -> Algo Unknown proto LL channel{Lo..Hi}={0..0} comm 0x55f30eed7ed0
nccl-test-worker-1:153679:153679 [0] NCCL INFO Recv: 8 Bytes -> Algo Unknown proto LL channel{Lo..Hi}={0..0} comm 0x55f30eed7ed0
nccl-test-worker-1:153679:153679 [0] NCCL INFO Send: 8 Bytes -> Algo Unknown proto LL channel{Lo..Hi}={0..0} comm 0x55f30eed7ed0
nccl-test-worker-1:153679:153679 [0] NCCL INFO Recv: 8 Bytes -> Algo Unknown proto LL channel{Lo..Hi}={0..0} comm 0x55f30eed7ed0
nccl-test-worker-1:153679:153679 [0] NCCL INFO Send: 8 Bytes -> Algo Unknown proto LL channel{Lo..Hi}={0..0} comm 0x55f30eed7ed0
nccl-test-worker-1:153679:153679 [0] NCCL INFO Recv: 8 Bytes -> Algo Unknown proto LL channel{Lo..Hi}={0..0} comm 0x55f30eed7ed0
nccl-test-worker-1:153679:153679 [0] NCCL INFO Send: 8 Bytes -> Algo Unknown proto LL channel{Lo..Hi}={0..0} comm 0x55f30eed7ed0
nccl-test-worker-1:153679:153679 [0] NCCL INFO Recv: 8 Bytes -> Algo Unknown proto LL channel{Lo..Hi}={0..0} comm 0x55f30eed7ed0
nccl-test-worker-1:153679:153679 [0] NCCL INFO Send: 8 Bytes -> Algo Unknown proto LL channel{Lo..Hi}={0..0} comm 0x55f30eed7ed0
nccl-test-worker-1:153679:153679 [0] NCCL INFO Recv: 8 Bytes -> Algo Unknown proto LL channel{Lo..Hi}={0..0} comm 0x55f30eed7ed0
nccl-test-worker-1:153679:153679 [0] NCCL INFO Send: 8 Bytes -> Algo Unknown proto LL channel{Lo..Hi}={0..0} comm 0x55f30eed7ed0
nccl-test-worker-1:153679:153679 [0] NCCL INFO Recv: 16 Bytes -> Algo Unknown proto SIMPLE channel{Lo..Hi}={0..0} comm 0x55f30eed7ed0
nccl-test-worker-1:153679:153679 [0] NCCL INFO Send: 16 Bytes -> Algo Unknown proto SIMPLE channel{Lo..Hi}={0..0} comm 0x55f30eed7ed0
nccl-test-worker-1:153679:153679 [0] NCCL INFO Recv: 16 Bytes -> Algo Unknown proto LL channel{Lo..Hi}={0..0} comm 0x55f30eed7ed0
nccl-test-worker-1:153679:153679 [0] NCCL INFO Send: 16 Bytes -> Algo Unknown proto LL channel{Lo..Hi}={0..0} comm 0x55f30eed7ed0
nccl-test-worker-1:153679:153679 [0] NCCL INFO Recv: 16 Bytes -> Algo Unknown proto LL channel{Lo..Hi}={0..0} comm 0x55f30eed7ed0
nccl-test-worker-1:153679:153679 [0] NCCL INFO Send: 16 Bytes -> Algo Unknown proto LL channel{Lo..Hi}={0..0} comm 0x55f30eed7ed0
nccl-test-worker-1:153679:153679 [0] NCCL INFO Recv: 16 Bytes -> Algo Unknown proto LL channel{Lo..Hi}={0..0} comm 0x55f30eed7ed0
nccl-test-worker-1:153679:153679 [0] NCCL INFO Send: 16 Bytes -> Algo Unknown proto LL channel{Lo..Hi}={0..0} comm 0x55f30eed7ed0
nccl-test-worker-1:153679:153679 [0] NCCL INFO Recv: 16 Bytes -> Algo Unknown proto LL channel{Lo..Hi}={0..0} comm 0x55f30eed7ed0
nccl-test-worker-1:153679:153679 [0] NCCL INFO Send: 16 Bytes -> Algo Unknown proto LL channel{Lo..Hi}={0..0} comm 0x55f30eed7ed0
nccl-test-worker-1:153679:153679 [0] NCCL INFO Recv: 16 Bytes -> Algo Unknown proto LL channel{Lo..Hi}={0..0} comm 0x55f30eed7ed0
nccl-test-worker-1:153679:153679 [0] NCCL INFO Send: 16 Bytes -> Algo Unknown proto LL channel{Lo..Hi}={0..0} comm 0x55f30eed7ed0
nccl-test-worker-1:153679:153679 [0] NCCL INFO Recv: 16 Bytes -> Algo Unknown proto LL channel{Lo..Hi}={0..0} comm 0x55f30eed7ed0
nccl-test-worker-1:153679:153679 [0] NCCL INFO Send: 16 Bytes -> Algo Unknown proto LL channel{Lo..Hi}={0..0} comm 0x55f30eed7ed0
nccl-test-worker-1:153679:153679 [0] NCCL INFO Recv: 16 Bytes -> Algo Unknown proto LL channel{Lo..Hi}={0..0} comm 0x55f30eed7ed0
nccl-test-worker-1:153679:153679 [0] NCCL INFO Send: 16 Bytes -> Algo Unknown proto LL channel{Lo..Hi}={0..0} comm 0x55f30eed7ed0
nccl-test-worker-1:153679:153679 [0] NCCL INFO Recv: 16 Bytes -> Algo Unknown proto SIMPLE channel{Lo..Hi}={0..0} comm 0x55f30eed7ed0
nccl-test-worker-1:153679:153679 [0] NCCL INFO Send: 16 Bytes -> Algo Unknown proto SIMPLE channel{Lo..Hi}={0..0} comm 0x55f30eed7ed0
nccl-test-worker-1:153679:153679 [0] NCCL INFO Recv: 16 Bytes -> Algo Unknown proto LL channel{Lo..Hi}={0..0} comm 0x55f30eed7ed0
nccl-test-worker-1:153679:153679 [0] NCCL INFO Send: 16 Bytes -> Algo Unknown proto LL channel{Lo..Hi}={0..0} comm 0x55f30eed7ed0
nccl-test-worker-1:153679:153679 [0] NCCL INFO Recv: 16 Bytes -> Algo Unknown proto LL channel{Lo..Hi}={0..0} comm 0x55f30eed7ed0
nccl-test-worker-1:153679:153679 [0] NCCL INFO Send: 16 Bytes -> Algo Unknown proto LL channel{Lo..Hi}={0..0} comm 0x55f30eed7ed0
nccl-test-worker-1:153679:153679 [0] NCCL INFO Recv: 16 Bytes -> Algo Unknown proto LL channel{Lo..Hi}={0..0} comm 0x55f30eed7ed0
nccl-test-worker-1:153679:153679 [0] NCCL INFO Send: 16 Bytes -> Algo Unknown proto LL channel{Lo..Hi}={0..0} comm 0x55f30eed7ed0
nccl-test-worker-1:153679:153679 [0] NCCL INFO Recv: 16 Bytes -> Algo Unknown proto LL channel{Lo..Hi}={0..0} comm 0x55f30eed7ed0
nccl-test-worker-1:153679:153679 [0] NCCL INFO Send: 16 Bytes -> Algo Unknown proto LL channel{Lo..Hi}={0..0} comm 0x55f30eed7ed0
nccl-test-worker-1:153679:153679 [0] NCCL INFO Recv: 16 Bytes -> Algo Unknown proto LL channel{Lo..Hi}={0..0} comm 0x55f30eed7ed0
nccl-test-worker-1:153679:153679 [0] NCCL INFO Send: 16 Bytes -> Algo Unknown proto LL channel{Lo..Hi}={0..0} comm 0x55f30eed7ed0
nccl-test-worker-1:153679:153679 [0] NCCL INFO Recv: 16 Bytes -> Algo Unknown proto LL channel{Lo..Hi}={0..0} comm 0x55f30eed7ed0
nccl-test-worker-1:153679:153679 [0] NCCL INFO Send: 16 Bytes -> Algo Unknown proto LL channel{Lo..Hi}={0..0} comm 0x55f30eed7ed0
nccl-test-worker-1:153679:153679 [0] NCCL INFO Recv: 16 Bytes -> Algo Unknown proto LL channel{Lo..Hi}={0..0} comm 0x55f30eed7ed0
nccl-test-worker-1:153679:153679 [0] NCCL INFO Send: 16 Bytes -> Algo Unknown proto LL channel{Lo..Hi}={0..0} comm 0x55f30eed7ed0
nccl-test-worker-1:153679:153679 [0] NCCL INFO Recv: 16 Bytes -> Algo Unknown proto SIMPLE channel{Lo..Hi}={0..0} comm 0x55f30eed7ed0
nccl-test-worker-1:153679:153679 [0] NCCL INFO Send: 16 Bytes -> Algo Unknown proto SIMPLE channel{Lo..Hi}={0..0} comm 0x55f30eed7ed0
nccl-test-worker-1:153679:153679 [0] NCCL INFO Recv: 16 Bytes -> Algo Unknown proto LL channel{Lo..Hi}={0..0} comm 0x55f30eed7ed0
nccl-test-worker-1:153679:153679 [0] NCCL INFO Send: 16 Bytes -> Algo Unknown proto LL channel{Lo..Hi}={0..0} comm 0x55f30eed7ed0
nccl-test-worker-1:153679:153679 [0] NCCL INFO Recv: 16 Bytes -> Algo Unknown proto LL channel{Lo..Hi}={0..0} comm 0x55f30eed7ed0
nccl-test-worker-1:153679:153679 [0] NCCL INFO Send: 16 Bytes -> Algo Unknown proto LL channel{Lo..Hi}={0..0} comm 0x55f30eed7ed0
nccl-test-worker-1:153679:153679 [0] NCCL INFO Recv: 16 Bytes -> Algo Unknown proto LL channel{Lo..Hi}={0..0} comm 0x55f30eed7ed0
nccl-test-worker-1:153679:153679 [0] NCCL INFO Send: 16 Bytes -> Algo Unknown proto LL channel{Lo..Hi}={0..0} comm 0x55f30eed7ed0
nccl-test-worker-1:153679:153679 [0] NCCL INFO Recv: 16 Bytes -> Algo Unknown proto LL channel{Lo..Hi}={0..0} comm 0x55f30eed7ed0
nccl-test-worker-1:153679:153679 [0] NCCL INFO Send: 16 Bytes -> Algo Unknown proto LL channel{Lo..Hi}={0..0} comm 0x55f30eed7ed0
nccl-test-worker-1:153679:153679 [0] NCCL INFO Recv: 16 Bytes -> Algo Unknown proto LL channel{Lo..Hi}={0..0} comm 0x55f30eed7ed0
nccl-test-worker-1:153679:153679 [0] NCCL INFO Send: 16 Bytes -> Algo Unknown proto LL channel{Lo..Hi}={0..0} comm 0x55f30eed7ed0
nccl-test-worker-1:153679:153679 [0] NCCL INFO Recv: 16 Bytes -> Algo Unknown proto LL channel{Lo..Hi}={0..0} comm 0x55f30eed7ed0
nccl-test-worker-1:153679:153679 [0] NCCL INFO Send: 16 Bytes -> Algo Unknown proto LL channel{Lo..Hi}={0..0} comm 0x55f30eed7ed0
nccl-test-worker-1:153679:153679 [0] NCCL INFO Recv: 16 Bytes -> Algo Unknown proto LL channel{Lo..Hi}={0..0} comm 0x55f30eed7ed0
nccl-test-worker-1:153679:153679 [0] NCCL INFO Send: 16 Bytes -> Algo Unknown proto LL channel{Lo..Hi}={0..0} comm 0x55f30eed7ed0
nccl-test-worker-1:153679:153679 [0] NCCL INFO Recv: 16 Bytes -> Algo Unknown proto LL channel{Lo..Hi}={0..0} comm 0x55f30eed7ed0
nccl-test-worker-1:153679:153679 [0] NCCL INFO Send: 16 Bytes -> Algo Unknown proto LL channel{Lo..Hi}={0..0} comm 0x55f30eed7ed0
nccl-test-worker-1:153679:153679 [0] NCCL INFO Recv: 16 Bytes -> Algo Unknown proto LL channel{Lo..Hi}={0..0} comm 0x55f30eed7ed0
nccl-test-worker-1:153679:153679 [0] NCCL INFO Send: 16 Bytes -> Algo Unknown proto LL channel{Lo..Hi}={0..0} comm 0x55f30eed7ed0
nccl-test-worker-1:153679:153679 [0] NCCL INFO Recv: 16 Bytes -> Algo Unknown proto LL channel{Lo..Hi}={0..0} comm 0x55f30eed7ed0
nccl-test-worker-1:153679:153679 [0] NCCL INFO Send: 16 Bytes -> Algo Unknown proto LL channel{Lo..Hi}={0..0} comm 0x55f30eed7ed0
nccl-test-worker-1:153679:153679 [0] NCCL INFO Recv: 16 Bytes -> Algo Unknown proto LL channel{Lo..Hi}={0..0} comm 0x55f30eed7ed0
nccl-test-worker-1:153679:153679 [0] NCCL INFO Send: 16 Bytes -> Algo Unknown proto LL channel{Lo..Hi}={0..0} comm 0x55f30eed7ed0
nccl-test-worker-1:153679:153679 [0] NCCL INFO Recv: 16 Bytes -> Algo Unknown proto LL channel{Lo..Hi}={0..0} comm 0x55f30eed7ed0
nccl-test-worker-1:153679:153679 [0] NCCL INFO Send: 16 Bytes -> Algo Unknown proto LL channel{Lo..Hi}={0..0} comm 0x55f30eed7ed0
nccl-test-worker-1:153679:153679 [0] NCCL INFO Recv: 16 Bytes -> Algo Unknown proto LL channel{Lo..Hi}={0..0} comm 0x55f30eed7ed0
nccl-test-worker-1:153679:153679 [0] NCCL INFO Send: 16 Bytes -> Algo Unknown proto LL channel{Lo..Hi}={0..0} comm 0x55f30eed7ed0
nccl-test-worker-1:153679:153679 [0] NCCL INFO Recv: 16 Bytes -> Algo Unknown proto LL channel{Lo..Hi}={0..0} comm 0x55f30eed7ed0
nccl-test-worker-1:153679:153679 [0] NCCL INFO Send: 16 Bytes -> Algo Unknown proto LL channel{Lo..Hi}={0..0} comm 0x55f30eed7ed0
nccl-test-worker-1:153679:153679 [0] NCCL INFO Recv: 16 Bytes -> Algo Unknown proto LL channel{Lo..Hi}={0..0} comm 0x55f30eed7ed0
nccl-test-worker-1:153679:153679 [0] NCCL INFO Send: 16 Bytes -> Algo Unknown proto LL channel{Lo..Hi}={0..0} comm 0x55f30eed7ed0
nccl-test-worker-1:153679:153679 [0] NCCL INFO Recv: 16 Bytes -> Algo Unknown proto LL channel{Lo..Hi}={0..0} comm 0x55f30eed7ed0
nccl-test-worker-1:153679:153679 [0] NCCL INFO Send: 16 Bytes -> Algo Unknown proto LL channel{Lo..Hi}={0..0} comm 0x55f30eed7ed0
nccl-test-worker-1:153679:153679 [0] NCCL INFO Recv: 16 Bytes -> Algo Unknown proto LL channel{Lo..Hi}={0..0} comm 0x55f30eed7ed0
nccl-test-worker-1:153679:153679 [0] NCCL INFO Send: 16 Bytes -> Algo Unknown proto LL channel{Lo..Hi}={0..0} comm 0x55f30eed7ed0
nccl-test-worker-1:153679:153679 [0] NCCL INFO Recv: 16 Bytes -> Algo Unknown proto LL channel{Lo..Hi}={0..0} comm 0x55f30eed7ed0
nccl-test-worker-1:153679:153679 [0] NCCL INFO Send: 16 Bytes -> Algo Unknown proto LL channel{Lo..Hi}={0..0} comm 0x55f30eed7ed0
nccl-test-worker-1:153679:153679 [0] NCCL INFO Recv: 16 Bytes -> Algo Unknown proto LL channel{Lo..Hi}={0..0} comm 0x55f30eed7ed0
nccl-test-worker-1:153679:153679 [0] NCCL INFO Send: 16 Bytes -> Algo Unknown proto LL channel{Lo..Hi}={0..0} comm 0x55f30eed7ed0
nccl-test-worker-1:153679:153679 [0] NCCL INFO Recv: 16 Bytes -> Algo Unknown proto LL channel{Lo..Hi}={0..0} comm 0x55f30eed7ed0
nccl-test-worker-1:153679:153679 [0] NCCL INFO Send: 16 Bytes -> Algo Unknown proto LL channel{Lo..Hi}={0..0} comm 0x55f30eed7ed0
nccl-test-worker-1:153679:153679 [0] NCCL INFO Recv: 16 Bytes -> Algo Unknown proto LL channel{Lo..Hi}={0..0} comm 0x55f30eed7ed0
nccl-test-worker-1:153679:153679 [0] NCCL INFO Send: 16 Bytes -> Algo Unknown proto LL channel{Lo..Hi}={0..0} comm 0x55f30eed7ed0
nccl-test-worker-1:153679:153679 [0] NCCL INFO Recv: 16 Bytes -> Algo Unknown proto LL channel{Lo..Hi}={0..0} comm 0x55f30eed7ed0
nccl-test-worker-1:153679:153679 [0] NCCL INFO Send: 16 Bytes -> Algo Unknown proto LL channel{Lo..Hi}={0..0} comm 0x55f30eed7ed0
nccl-test-worker-1:153679:153679 [0] NCCL INFO Recv: 16 Bytes -> Algo Unknown proto LL channel{Lo..Hi}={0..0} comm 0x55f30eed7ed0
nccl-test-worker-1:153679:153679 [0] NCCL INFO Send: 16 Bytes -> Algo Unknown proto LL channel{Lo..Hi}={0..0} comm 0x55f30eed7ed0
nccl-test-worker-1:153679:153679 [0] NCCL INFO Recv: 16 Bytes -> Algo Unknown proto LL channel{Lo..Hi}={0..0} comm 0x55f30eed7ed0
nccl-test-worker-1:153679:153679 [0] NCCL INFO Send: 16 Bytes -> Algo Unknown proto LL channel{Lo..Hi}={0..0} comm 0x55f30eed7ed0
nccl-test-worker-1:153679:153679 [0] NCCL INFO Recv: 16 Bytes -> Algo Unknown proto LL channel{Lo..Hi}={0..0} comm 0x55f30eed7ed0
nccl-test-worker-1:153679:153679 [0] NCCL INFO Send: 16 Bytes -> Algo Unknown proto LL channel{Lo..Hi}={0..0} comm 0x55f30eed7ed0
nccl-test-worker-1:153679:153679 [0] NCCL INFO Recv: 16 Bytes -> Algo Unknown proto LL channel{Lo..Hi}={0..0} comm 0x55f30eed7ed0
nccl-test-worker-1:153679:153679 [0] NCCL INFO Send: 16 Bytes -> Algo Unknown proto LL channel{Lo..Hi}={0..0} comm 0x55f30eed7ed0
nccl-test-worker-1:153679:153679 [0] NCCL INFO Recv: 16 Bytes -> Algo Unknown proto LL channel{Lo..Hi}={0..0} comm 0x55f30eed7ed0
nccl-test-worker-1:153679:153679 [0] NCCL INFO Send: 16 Bytes -> Algo Unknown proto LL channel{Lo..Hi}={0..0} comm 0x55f30eed7ed0
nccl-test-worker-1:153679:153679 [0] NCCL INFO Recv: 16 Bytes -> Algo Unknown proto LL channel{Lo..Hi}={0..0} comm 0x55f30eed7ed0
nccl-test-worker-1:153679:153679 [0] NCCL INFO Send: 16 Bytes -> Algo Unknown proto LL channel{Lo..Hi}={0..0} comm 0x55f30eed7ed0
nccl-test-worker-1:153679:153679 [0] NCCL INFO Recv: 32 Bytes -> Algo Unknown proto SIMPLE channel{Lo..Hi}={0..0} comm 0x55f30eed7ed0
nccl-test-worker-1:153679:153679 [0] NCCL INFO Send: 32 Bytes -> Algo Unknown proto SIMPLE channel{Lo..Hi}={0..0} comm 0x55f30eed7ed0
nccl-test-worker-1:153679:153679 [0] NCCL INFO Recv: 32 Bytes -> Algo Unknown proto LL channel{Lo..Hi}={0..0} comm 0x55f30eed7ed0
nccl-test-worker-1:153679:153679 [0] NCCL INFO Send: 32 Bytes -> Algo Unknown proto LL channel{Lo..Hi}={0..0} comm 0x55f30eed7ed0
nccl-test-worker-1:153679:153679 [0] NCCL INFO Recv: 32 Bytes -> Algo Unknown proto LL channel{Lo..Hi}={0..0} comm 0x55f30eed7ed0
nccl-test-worker-1:153679:153679 [0] NCCL INFO Send: 32 Bytes -> Algo Unknown proto LL channel{Lo..Hi}={0..0} comm 0x55f30eed7ed0
nccl-test-worker-1:153679:153679 [0] NCCL INFO Recv: 32 Bytes -> Algo Unknown proto LL channel{Lo..Hi}={0..0} comm 0x55f30eed7ed0
nccl-test-worker-1:153679:153679 [0] NCCL INFO Send: 32 Bytes -> Algo Unknown proto LL channel{Lo..Hi}={0..0} comm 0x55f30eed7ed0
nccl-test-worker-1:153679:153679 [0] NCCL INFO Recv: 32 Bytes -> Algo Unknown proto LL channel{Lo..Hi}={0..0} comm 0x55f30eed7ed0
nccl-test-worker-1:153679:153679 [0] NCCL INFO Send: 32 Bytes -> Algo Unknown proto LL channel{Lo..Hi}={0..0} comm 0x55f30eed7ed0
nccl-test-worker-1:153679:153679 [0] NCCL INFO Recv: 32 Bytes -> Algo Unknown proto LL channel{Lo..Hi}={0..0} comm 0x55f30eed7ed0
nccl-test-worker-1:153679:153679 [0] NCCL INFO Send: 32 Bytes -> Algo Unknown proto LL channel{Lo..Hi}={0..0} comm 0x55f30eed7ed0
nccl-test-worker-1:153679:153679 [0] NCCL INFO Recv: 32 Bytes -> Algo Unknown proto LL channel{Lo..Hi}={0..0} comm 0x55f30eed7ed0
nccl-test-worker-1:153679:153679 [0] NCCL INFO Send: 32 Bytes -> Algo Unknown proto LL channel{Lo..Hi}={0..0} comm 0x55f30eed7ed0
nccl-test-worker-1:153679:153679 [0] NCCL INFO Recv: 32 Bytes -> Algo Unknown proto LL channel{Lo..Hi}={0..0} comm 0x55f30eed7ed0
nccl-test-worker-1:153679:153679 [0] NCCL INFO Send: 32 Bytes -> Algo Unknown proto LL channel{Lo..Hi}={0..0} comm 0x55f30eed7ed0
nccl-test-worker-1:153679:153679 [0] NCCL INFO Recv: 32 Bytes -> Algo Unknown proto SIMPLE channel{Lo..Hi}={0..0} comm 0x55f30eed7ed0
nccl-test-worker-1:153679:153679 [0] NCCL INFO Send: 32 Bytes -> Algo Unknown proto SIMPLE channel{Lo..Hi}={0..0} comm 0x55f30eed7ed0
nccl-test-worker-1:153679:153679 [0] NCCL INFO Recv: 32 Bytes -> Algo Unknown proto LL channel{Lo..Hi}={0..0} comm 0x55f30eed7ed0
nccl-test-worker-1:153679:153679 [0] NCCL INFO Send: 32 Bytes -> Algo Unknown proto LL channel{Lo..Hi}={0..0} comm 0x55f30eed7ed0
nccl-test-worker-1:153679:153679 [0] NCCL INFO Recv: 32 Bytes -> Algo Unknown proto LL channel{Lo..Hi}={0..0} comm 0x55f30eed7ed0
nccl-test-worker-1:153679:153679 [0] NCCL INFO Send: 32 Bytes -> Algo Unknown proto LL channel{Lo..Hi}={0..0} comm 0x55f30eed7ed0
nccl-test-worker-1:153679:153679 [0] NCCL INFO Recv: 32 Bytes -> Algo Unknown proto LL channel{Lo..Hi}={0..0} comm 0x55f30eed7ed0
nccl-test-worker-1:153679:153679 [0] NCCL INFO Send: 32 Bytes -> Algo Unknown proto LL channel{Lo..Hi}={0..0} comm 0x55f30eed7ed0
nccl-test-worker-1:153679:153679 [0] NCCL INFO Recv: 32 Bytes -> Algo Unknown proto LL channel{Lo..Hi}={0..0} comm 0x55f30eed7ed0
nccl-test-worker-1:153679:153679 [0] NCCL INFO Send: 32 Bytes -> Algo Unknown proto LL channel{Lo..Hi}={0..0} comm 0x55f30eed7ed0
nccl-test-worker-1:153679:153679 [0] NCCL INFO Recv: 32 Bytes -> Algo Unknown proto LL channel{Lo..Hi}={0..0} comm 0x55f30eed7ed0
nccl-test-worker-1:153679:153679 [0] NCCL INFO Send: 32 Bytes -> Algo Unknown proto LL channel{Lo..Hi}={0..0} comm 0x55f30eed7ed0
nccl-test-worker-1:153679:153679 [0] NCCL INFO Recv: 32 Bytes -> Algo Unknown proto LL channel{Lo..Hi}={0..0} comm 0x55f30eed7ed0
nccl-test-worker-1:153679:153679 [0] NCCL INFO Send: 32 Bytes -> Algo Unknown proto LL channel{Lo..Hi}={0..0} comm 0x55f30eed7ed0
nccl-test-worker-1:153679:153679 [0] NCCL INFO Recv: 32 Bytes -> Algo Unknown proto LL channel{Lo..Hi}={0..0} comm 0x55f30eed7ed0
nccl-test-worker-1:153679:153679 [0] NCCL INFO Send: 32 Bytes -> Algo Unknown proto LL channel{Lo..Hi}={0..0} comm 0x55f30eed7ed0
nccl-test-worker-1:153679:153679 [0] NCCL INFO Recv: 32 Bytes -> Algo Unknown proto SIMPLE channel{Lo..Hi}={0..0} comm 0x55f30eed7ed0
nccl-test-worker-1:153679:153679 [0] NCCL INFO Send: 32 Bytes -> Algo Unknown proto SIMPLE channel{Lo..Hi}={0..0} comm 0x55f30eed7ed0
nccl-test-worker-1:153679:153679 [0] NCCL INFO Recv: 32 Bytes -> Algo Unknown proto LL channel{Lo..Hi}={0..0} comm 0x55f30eed7ed0
nccl-test-worker-1:153679:153679 [0] NCCL INFO Send: 32 Bytes -> Algo Unknown proto LL channel{Lo..Hi}={0..0} comm 0x55f30eed7ed0
nccl-test-worker-1:153679:153679 [0] NCCL INFO Recv: 32 Bytes -> Algo Unknown proto LL channel{Lo..Hi}={0..0} comm 0x55f30eed7ed0
nccl-test-worker-1:153679:153679 [0] NCCL INFO Send: 32 Bytes -> Algo Unknown proto LL channel{Lo..Hi}={0..0} comm 0x55f30eed7ed0
nccl-test-worker-1:153679:153679 [0] NCCL INFO Recv: 32 Bytes -> Algo Unknown proto LL channel{Lo..Hi}={0..0} comm 0x55f30eed7ed0
nccl-test-worker-1:153679:153679 [0] NCCL INFO Send: 32 Bytes -> Algo Unknown proto LL channel{Lo..Hi}={0..0} comm 0x55f30eed7ed0
nccl-test-worker-1:153679:153679 [0] NCCL INFO Recv: 32 Bytes -> Algo Unknown proto LL channel{Lo..Hi}={0..0} comm 0x55f30eed7ed0
nccl-test-worker-1:153679:153679 [0] NCCL INFO Send: 32 Bytes -> Algo Unknown proto LL channel{Lo..Hi}={0..0} comm 0x55f30eed7ed0
nccl-test-worker-1:153679:153679 [0] NCCL INFO Recv: 32 Bytes -> Algo Unknown proto LL channel{Lo..Hi}={0..0} comm 0x55f30eed7ed0
nccl-test-worker-1:153679:153679 [0] NCCL INFO Send: 32 Bytes -> Algo Unknown proto LL channel{Lo..Hi}={0..0} comm 0x55f30eed7ed0
nccl-test-worker-1:153679:153679 [0] NCCL INFO Recv: 32 Bytes -> Algo Unknown proto LL channel{Lo..Hi}={0..0} comm 0x55f30eed7ed0
nccl-test-worker-1:153679:153679 [0] NCCL INFO Send: 32 Bytes -> Algo Unknown proto LL channel{Lo..Hi}={0..0} comm 0x55f30eed7ed0
nccl-test-worker-1:153679:153679 [0] NCCL INFO Recv: 32 Bytes -> Algo Unknown proto LL channel{Lo..Hi}={0..0} comm 0x55f30eed7ed0
nccl-test-worker-1:153679:153679 [0] NCCL INFO Send: 32 Bytes -> Algo Unknown proto LL channel{Lo..Hi}={0..0} comm 0x55f30eed7ed0
nccl-test-worker-1:153679:153679 [0] NCCL INFO Recv: 32 Bytes -> Algo Unknown proto LL channel{Lo..Hi}={0..0} comm 0x55f30eed7ed0
nccl-test-worker-1:153679:153679 [0] NCCL INFO Send: 32 Bytes -> Algo Unknown proto LL channel{Lo..Hi}={0..0} comm 0x55f30eed7ed0
nccl-test-worker-1:153679:153679 [0] NCCL INFO Recv: 32 Bytes -> Algo Unknown proto LL channel{Lo..Hi}={0..0} comm 0x55f30eed7ed0
nccl-test-worker-1:153679:153679 [0] NCCL INFO Send: 32 Bytes -> Algo Unknown proto LL channel{Lo..Hi}={0..0} comm 0x55f30eed7ed0
nccl-test-worker-1:153679:153679 [0] NCCL INFO Recv: 32 Bytes -> Algo Unknown proto LL channel{Lo..Hi}={0..0} comm 0x55f30eed7ed0
nccl-test-worker-1:153679:153679 [0] NCCL INFO Send: 32 Bytes -> Algo Unknown proto LL channel{Lo..Hi}={0..0} comm 0x55f30eed7ed0
nccl-test-worker-1:153679:153679 [0] NCCL INFO Recv: 32 Bytes -> Algo Unknown proto LL channel{Lo..Hi}={0..0} comm 0x55f30eed7ed0
nccl-test-worker-1:153679:153679 [0] NCCL INFO Send: 32 Bytes -> Algo Unknown proto LL channel{Lo..Hi}={0..0} comm 0x55f30eed7ed0
nccl-test-worker-1:153679:153679 [0] NCCL INFO Recv: 32 Bytes -> Algo Unknown proto LL channel{Lo..Hi}={0..0} comm 0x55f30eed7ed0
nccl-test-worker-1:153679:153679 [0] NCCL INFO Send: 32 Bytes -> Algo Unknown proto LL channel{Lo..Hi}={0..0} comm 0x55f30eed7ed0
nccl-test-worker-1:153679:153679 [0] NCCL INFO Recv: 32 Bytes -> Algo Unknown proto LL channel{Lo..Hi}={0..0} comm 0x55f30eed7ed0
nccl-test-worker-1:153679:153679 [0] NCCL INFO Send: 32 Bytes -> Algo Unknown proto LL channel{Lo..Hi}={0..0} comm 0x55f30eed7ed0
nccl-test-worker-1:153679:153679 [0] NCCL INFO Recv: 32 Bytes -> Algo Unknown proto LL channel{Lo..Hi}={0..0} comm 0x55f30eed7ed0
nccl-test-worker-1:153679:153679 [0] NCCL INFO Send: 32 Bytes -> Algo Unknown proto LL channel{Lo..Hi}={0..0} comm 0x55f30eed7ed0
nccl-test-worker-1:153679:153679 [0] NCCL INFO Recv: 32 Bytes -> Algo Unknown proto LL channel{Lo..Hi}={0..0} comm 0x55f30eed7ed0
nccl-test-worker-1:153679:153679 [0] NCCL INFO Send: 32 Bytes -> Algo Unknown proto LL channel{Lo..Hi}={0..0} comm 0x55f30eed7ed0
nccl-test-worker-1:153679:153679 [0] NCCL INFO Recv: 32 Bytes -> Algo Unknown proto LL channel{Lo..Hi}={0..0} comm 0x55f30eed7ed0
nccl-test-worker-1:153679:153679 [0] NCCL INFO Send: 32 Bytes -> Algo Unknown proto LL channel{Lo..Hi}={0..0} comm 0x55f30eed7ed0
nccl-test-worker-1:153679:153679 [0] NCCL INFO Recv: 32 Bytes -> Algo Unknown proto LL channel{Lo..Hi}={0..0} comm 0x55f30eed7ed0
nccl-test-worker-1:153679:153679 [0] NCCL INFO Send: 32 Bytes -> Algo Unknown proto LL channel{Lo..Hi}={0..0} comm 0x55f30eed7ed0
nccl-test-worker-1:153679:153679 [0] NCCL INFO Recv: 32 Bytes -> Algo Unknown proto LL channel{Lo..Hi}={0..0} comm 0x55f30eed7ed0
nccl-test-worker-1:153679:153679 [0] NCCL INFO Send: 32 Bytes -> Algo Unknown proto LL channel{Lo..Hi}={0..0} comm 0x55f30eed7ed0
nccl-test-worker-1:153679:153679 [0] NCCL INFO Recv: 32 Bytes -> Algo Unknown proto LL channel{Lo..Hi}={0..0} comm 0x55f30eed7ed0
nccl-test-worker-1:153679:153679 [0] NCCL INFO Send: 32 Bytes -> Algo Unknown proto LL channel{Lo..Hi}={0..0} comm 0x55f30eed7ed0
nccl-test-worker-1:153679:153679 [0] NCCL INFO Recv: 32 Bytes -> Algo Unknown proto LL channel{Lo..Hi}={0..0} comm 0x55f30eed7ed0
nccl-test-worker-1:153679:153679 [0] NCCL INFO Send: 32 Bytes -> Algo Unknown proto LL channel{Lo..Hi}={0..0} comm 0x55f30eed7ed0
nccl-test-worker-1:153679:153679 [0] NCCL INFO Recv: 32 Bytes -> Algo Unknown proto LL channel{Lo..Hi}={0..0} comm 0x55f30eed7ed0
nccl-test-worker-1:153679:153679 [0] NCCL INFO Send: 32 Bytes -> Algo Unknown proto LL channel{Lo..Hi}={0..0} comm 0x55f30eed7ed0
nccl-test-worker-1:153679:153679 [0] NCCL INFO Recv: 32 Bytes -> Algo Unknown proto LL channel{Lo..Hi}={0..0} comm 0x55f30eed7ed0
nccl-test-worker-1:153679:153679 [0] NCCL INFO Send: 32 Bytes -> Algo Unknown proto LL channel{Lo..Hi}={0..0} comm 0x55f30eed7ed0
nccl-test-worker-1:153679:153679 [0] NCCL INFO Recv: 32 Bytes -> Algo Unknown proto LL channel{Lo..Hi}={0..0} comm 0x55f30eed7ed0
nccl-test-worker-1:153679:153679 [0] NCCL INFO Send: 32 Bytes -> Algo Unknown proto LL channel{Lo..Hi}={0..0} comm 0x55f30eed7ed0
nccl-test-worker-1:153679:153679 [0] NCCL INFO Recv: 32 Bytes -> Algo Unknown proto LL channel{Lo..Hi}={0..0} comm 0x55f30eed7ed0
nccl-test-worker-1:153679:153679 [0] NCCL INFO Send: 32 Bytes -> Algo Unknown proto LL channel{Lo..Hi}={0..0} comm 0x55f30eed7ed0
nccl-test-worker-1:153679:153679 [0] NCCL INFO Recv: 32 Bytes -> Algo Unknown proto LL channel{Lo..Hi}={0..0} comm 0x55f30eed7ed0
nccl-test-worker-1:153679:153679 [0] NCCL INFO Send: 32 Bytes -> Algo Unknown proto LL channel{Lo..Hi}={0..0} comm 0x55f30eed7ed0
nccl-test-worker-1:153679:153679 [0] NCCL INFO Recv: 32 Bytes -> Algo Unknown proto LL channel{Lo..Hi}={0..0} comm 0x55f30eed7ed0
nccl-test-worker-1:153679:153679 [0] NCCL INFO Send: 32 Bytes -> Algo Unknown proto LL channel{Lo..Hi}={0..0} comm 0x55f30eed7ed0
nccl-test-worker-1:153679:153679 [0] NCCL INFO Recv: 32 Bytes -> Algo Unknown proto LL channel{Lo..Hi}={0..0} comm 0x55f30eed7ed0
nccl-test-worker-1:153679:153679 [0] NCCL INFO Send: 32 Bytes -> Algo Unknown proto LL channel{Lo..Hi}={0..0} comm 0x55f30eed7ed0
nccl-test-worker-1:153679:153679 [0] NCCL INFO Recv: 32 Bytes -> Algo Unknown proto LL channel{Lo..Hi}={0..0} comm 0x55f30eed7ed0
nccl-test-worker-1:153679:153679 [0] NCCL INFO Send: 32 Bytes -> Algo Unknown proto LL channel{Lo..Hi}={0..0} comm 0x55f30eed7ed0
nccl-test-worker-1:153679:153679 [0] NCCL INFO Recv: 64 Bytes -> Algo Unknown proto SIMPLE channel{Lo..Hi}={0..0} comm 0x55f30eed7ed0
nccl-test-worker-1:153679:153679 [0] NCCL INFO Send: 64 Bytes -> Algo Unknown proto SIMPLE channel{Lo..Hi}={0..0} comm 0x55f30eed7ed0
nccl-test-worker-1:153679:153679 [0] NCCL INFO Recv: 64 Bytes -> Algo Unknown proto LL channel{Lo..Hi}={0..0} comm 0x55f30eed7ed0
nccl-test-worker-1:153679:153679 [0] NCCL INFO Send: 64 Bytes -> Algo Unknown proto LL channel{Lo..Hi}={0..0} comm 0x55f30eed7ed0
nccl-test-worker-1:153679:153679 [0] NCCL INFO Recv: 64 Bytes -> Algo Unknown proto LL channel{Lo..Hi}={0..0} comm 0x55f30eed7ed0
nccl-test-worker-1:153679:153679 [0] NCCL INFO Send: 64 Bytes -> Algo Unknown proto LL channel{Lo..Hi}={0..0} comm 0x55f30eed7ed0
nccl-test-worker-1:153679:153679 [0] NCCL INFO Recv: 64 Bytes -> Algo Unknown proto LL channel{Lo..Hi}={0..0} comm 0x55f30eed7ed0
nccl-test-worker-1:153679:153679 [0] NCCL INFO Send: 64 Bytes -> Algo Unknown proto LL channel{Lo..Hi}={0..0} comm 0x55f30eed7ed0
nccl-test-worker-1:153679:153679 [0] NCCL INFO Recv: 64 Bytes -> Algo Unknown proto LL channel{Lo..Hi}={0..0} comm 0x55f30eed7ed0
nccl-test-worker-1:153679:153679 [0] NCCL INFO Send: 64 Bytes -> Algo Unknown proto LL channel{Lo..Hi}={0..0} comm 0x55f30eed7ed0
nccl-test-worker-1:153679:153679 [0] NCCL INFO Recv: 64 Bytes -> Algo Unknown proto LL channel{Lo..Hi}={0..0} comm 0x55f30eed7ed0
nccl-test-worker-1:153679:153679 [0] NCCL INFO Send: 64 Bytes -> Algo Unknown proto LL channel{Lo..Hi}={0..0} comm 0x55f30eed7ed0
nccl-test-worker-1:153679:153679 [0] NCCL INFO Recv: 64 Bytes -> Algo Unknown proto LL channel{Lo..Hi}={0..0} comm 0x55f30eed7ed0
nccl-test-worker-1:153679:153679 [0] NCCL INFO Send: 64 Bytes -> Algo Unknown proto LL channel{Lo..Hi}={0..0} comm 0x55f30eed7ed0
nccl-test-worker-1:153679:153679 [0] NCCL INFO Recv: 64 Bytes -> Algo Unknown proto LL channel{Lo..Hi}={0..0} comm 0x55f30eed7ed0
nccl-test-worker-1:153679:153679 [0] NCCL INFO Send: 64 Bytes -> Algo Unknown proto LL channel{Lo..Hi}={0..0} comm 0x55f30eed7ed0
nccl-test-worker-1:153679:153679 [0] NCCL INFO Recv: 64 Bytes -> Algo Unknown proto SIMPLE channel{Lo..Hi}={0..0} comm 0x55f30eed7ed0
nccl-test-worker-1:153679:153679 [0] NCCL INFO Send: 64 Bytes -> Algo Unknown proto SIMPLE channel{Lo..Hi}={0..0} comm 0x55f30eed7ed0
nccl-test-worker-1:153679:153679 [0] NCCL INFO Recv: 64 Bytes -> Algo Unknown proto LL channel{Lo..Hi}={0..0} comm 0x55f30eed7ed0
nccl-test-worker-1:153679:153679 [0] NCCL INFO Send: 64 Bytes -> Algo Unknown proto LL channel{Lo..Hi}={0..0} comm 0x55f30eed7ed0
nccl-test-worker-1:153679:153679 [0] NCCL INFO Recv: 64 Bytes -> Algo Unknown proto LL channel{Lo..Hi}={0..0} comm 0x55f30eed7ed0
nccl-test-worker-1:153679:153679 [0] NCCL INFO Send: 64 Bytes -> Algo Unknown proto LL channel{Lo..Hi}={0..0} comm 0x55f30eed7ed0
nccl-test-worker-1:153679:153679 [0] NCCL INFO Recv: 64 Bytes -> Algo Unknown proto LL channel{Lo..Hi}={0..0} comm 0x55f30eed7ed0
nccl-test-worker-1:153679:153679 [0] NCCL INFO Send: 64 Bytes -> Algo Unknown proto LL channel{Lo..Hi}={0..0} comm 0x55f30eed7ed0
nccl-test-worker-1:153679:153679 [0] NCCL INFO Recv: 64 Bytes -> Algo Unknown proto LL channel{Lo..Hi}={0..0} comm 0x55f30eed7ed0
nccl-test-worker-1:153679:153679 [0] NCCL INFO Send: 64 Bytes -> Algo Unknown proto LL channel{Lo..Hi}={0..0} comm 0x55f30eed7ed0
nccl-test-worker-1:153679:153679 [0] NCCL INFO Recv: 64 Bytes -> Algo Unknown proto LL channel{Lo..Hi}={0..0} comm 0x55f30eed7ed0
nccl-test-worker-1:153679:153679 [0] NCCL INFO Send: 64 Bytes -> Algo Unknown proto LL channel{Lo..Hi}={0..0} comm 0x55f30eed7ed0
nccl-test-worker-1:153679:153679 [0] NCCL INFO Recv: 64 Bytes -> Algo Unknown proto LL channel{Lo..Hi}={0..0} comm 0x55f30eed7ed0
nccl-test-worker-1:153679:153679 [0] NCCL INFO Send: 64 Bytes -> Algo Unknown proto LL channel{Lo..Hi}={0..0} comm 0x55f30eed7ed0
nccl-test-worker-1:153679:153679 [0] NCCL INFO Recv: 64 Bytes -> Algo Unknown proto LL channel{Lo..Hi}={0..0} comm 0x55f30eed7ed0
nccl-test-worker-1:153679:153679 [0] NCCL INFO Send: 64 Bytes -> Algo Unknown proto LL channel{Lo..Hi}={0..0} comm 0x55f30eed7ed0
nccl-test-worker-1:153679:153679 [0] NCCL INFO Recv: 64 Bytes -> Algo Unknown proto SIMPLE channel{Lo..Hi}={0..0} comm 0x55f30eed7ed0
nccl-test-worker-1:153679:153679 [0] NCCL INFO Send: 64 Bytes -> Algo Unknown proto SIMPLE channel{Lo..Hi}={0..0} comm 0x55f30eed7ed0
nccl-test-worker-1:153679:153679 [0] NCCL INFO Recv: 64 Bytes -> Algo Unknown proto LL channel{Lo..Hi}={0..0} comm 0x55f30eed7ed0
nccl-test-worker-1:153679:153679 [0] NCCL INFO Send: 64 Bytes -> Algo Unknown proto LL channel{Lo..Hi}={0..0} comm 0x55f30eed7ed0
nccl-test-worker-1:153679:153679 [0] NCCL INFO Recv: 64 Bytes -> Algo Unknown proto LL channel{Lo..Hi}={0..0} comm 0x55f30eed7ed0
nccl-test-worker-1:153679:153679 [0] NCCL INFO Send: 64 Bytes -> Algo Unknown proto LL channel{Lo..Hi}={0..0} comm 0x55f30eed7ed0
nccl-test-worker-1:153679:153679 [0] NCCL INFO Recv: 64 Bytes -> Algo Unknown proto LL channel{Lo..Hi}={0..0} comm 0x55f30eed7ed0
nccl-test-worker-1:153679:153679 [0] NCCL INFO Send: 64 Bytes -> Algo Unknown proto LL channel{Lo..Hi}={0..0} comm 0x55f30eed7ed0
nccl-test-worker-1:153679:153679 [0] NCCL INFO Recv: 64 Bytes -> Algo Unknown proto LL channel{Lo..Hi}={0..0} comm 0x55f30eed7ed0
nccl-test-worker-1:153679:153679 [0] NCCL INFO Send: 64 Bytes -> Algo Unknown proto LL channel{Lo..Hi}={0..0} comm 0x55f30eed7ed0
nccl-test-worker-1:153679:153679 [0] NCCL INFO Recv: 64 Bytes -> Algo Unknown proto LL channel{Lo..Hi}={0..0} comm 0x55f30eed7ed0
nccl-test-worker-1:153679:153679 [0] NCCL INFO Send: 64 Bytes -> Algo Unknown proto LL channel{Lo..Hi}={0..0} comm 0x55f30eed7ed0
nccl-test-worker-1:153679:153679 [0] NCCL INFO Recv: 64 Bytes -> Algo Unknown proto LL channel{Lo..Hi}={0..0} comm 0x55f30eed7ed0
nccl-test-worker-1:153679:153679 [0] NCCL INFO Send: 64 Bytes -> Algo Unknown proto LL channel{Lo..Hi}={0..0} comm 0x55f30eed7ed0
nccl-test-worker-1:153679:153679 [0] NCCL INFO Recv: 64 Bytes -> Algo Unknown proto LL channel{Lo..Hi}={0..0} comm 0x55f30eed7ed0
nccl-test-worker-1:153679:153679 [0] NCCL INFO Send: 64 Bytes -> Algo Unknown proto LL channel{Lo..Hi}={0..0} comm 0x55f30eed7ed0
nccl-test-worker-1:153679:153679 [0] NCCL INFO Recv: 64 Bytes -> Algo Unknown proto LL channel{Lo..Hi}={0..0} comm 0x55f30eed7ed0
nccl-test-worker-1:153679:153679 [0] NCCL INFO Send: 64 Bytes -> Algo Unknown proto LL channel{Lo..Hi}={0..0} comm 0x55f30eed7ed0
nccl-test-worker-1:153679:153679 [0] NCCL INFO Recv: 64 Bytes -> Algo Unknown proto LL channel{Lo..Hi}={0..0} comm 0x55f30eed7ed0
nccl-test-worker-1:153679:153679 [0] NCCL INFO Send: 64 Bytes -> Algo Unknown proto LL channel{Lo..Hi}={0..0} comm 0x55f30eed7ed0
nccl-test-worker-1:153679:153679 [0] NCCL INFO Recv: 64 Bytes -> Algo Unknown proto LL channel{Lo..Hi}={0..0} comm 0x55f30eed7ed0
nccl-test-worker-1:153679:153679 [0] NCCL INFO Send: 64 Bytes -> Algo Unknown proto LL channel{Lo..Hi}={0..0} comm 0x55f30eed7ed0
nccl-test-worker-1:153679:153679 [0] NCCL INFO Recv: 64 Bytes -> Algo Unknown proto LL channel{Lo..Hi}={0..0} comm 0x55f30eed7ed0
nccl-test-worker-1:153679:153679 [0] NCCL INFO Send: 64 Bytes -> Algo Unknown proto LL channel{Lo..Hi}={0..0} comm 0x55f30eed7ed0
nccl-test-worker-1:153679:153679 [0] NCCL INFO Recv: 64 Bytes -> Algo Unknown proto LL channel{Lo..Hi}={0..0} comm 0x55f30eed7ed0
nccl-test-worker-1:153679:153679 [0] NCCL INFO Send: 64 Bytes -> Algo Unknown proto LL channel{Lo..Hi}={0..0} comm 0x55f30eed7ed0
nccl-test-worker-1:153679:153679 [0] NCCL INFO Recv: 64 Bytes -> Algo Unknown proto LL channel{Lo..Hi}={0..0} comm 0x55f30eed7ed0
nccl-test-worker-1:153679:153679 [0] NCCL INFO Send: 64 Bytes -> Algo Unknown proto LL channel{Lo..Hi}={0..0} comm 0x55f30eed7ed0
nccl-test-worker-1:153679:153679 [0] NCCL INFO Recv: 64 Bytes -> Algo Unknown proto LL channel{Lo..Hi}={0..0} comm 0x55f30eed7ed0
nccl-test-worker-1:153679:153679 [0] NCCL INFO Send: 64 Bytes -> Algo Unknown proto LL channel{Lo..Hi}={0..0} comm 0x55f30eed7ed0
nccl-test-worker-1:153679:153679 [0] NCCL INFO Recv: 64 Bytes -> Algo Unknown proto LL channel{Lo..Hi}={0..0} comm 0x55f30eed7ed0
nccl-test-worker-1:153679:153679 [0] NCCL INFO Send: 64 Bytes -> Algo Unknown proto LL channel{Lo..Hi}={0..0} comm 0x55f30eed7ed0
nccl-test-worker-1:153679:153679 [0] NCCL INFO Recv: 64 Bytes -> Algo Unknown proto LL channel{Lo..Hi}={0..0} comm 0x55f30eed7ed0
nccl-test-worker-1:153679:153679 [0] NCCL INFO Send: 64 Bytes -> Algo Unknown proto LL channel{Lo..Hi}={0..0} comm 0x55f30eed7ed0
nccl-test-worker-1:153679:153679 [0] NCCL INFO Recv: 64 Bytes -> Algo Unknown proto LL channel{Lo..Hi}={0..0} comm 0x55f30eed7ed0
nccl-test-worker-1:153679:153679 [0] NCCL INFO Send: 64 Bytes -> Algo Unknown proto LL channel{Lo..Hi}={0..0} comm 0x55f30eed7ed0
nccl-test-worker-1:153679:153679 [0] NCCL INFO Recv: 64 Bytes -> Algo Unknown proto LL channel{Lo..Hi}={0..0} comm 0x55f30eed7ed0
nccl-test-worker-1:153679:153679 [0] NCCL INFO Send: 64 Bytes -> Algo Unknown proto LL channel{Lo..Hi}={0..0} comm 0x55f30eed7ed0
nccl-test-worker-1:153679:153679 [0] NCCL INFO Recv: 64 Bytes -> Algo Unknown proto LL channel{Lo..Hi}={0..0} comm 0x55f30eed7ed0
nccl-test-worker-1:153679:153679 [0] NCCL INFO Send: 64 Bytes -> Algo Unknown proto LL channel{Lo..Hi}={0..0} comm 0x55f30eed7ed0
nccl-test-worker-1:153679:153679 [0] NCCL INFO Recv: 64 Bytes -> Algo Unknown proto LL channel{Lo..Hi}={0..0} comm 0x55f30eed7ed0
nccl-test-worker-1:153679:153679 [0] NCCL INFO Send: 64 Bytes -> Algo Unknown proto LL channel{Lo..Hi}={0..0} comm 0x55f30eed7ed0
nccl-test-worker-1:153679:153679 [0] NCCL INFO Recv: 64 Bytes -> Algo Unknown proto LL channel{Lo..Hi}={0..0} comm 0x55f30eed7ed0
nccl-test-worker-1:153679:153679 [0] NCCL INFO Send: 64 Bytes -> Algo Unknown proto LL channel{Lo..Hi}={0..0} comm 0x55f30eed7ed0
nccl-test-worker-1:153679:153679 [0] NCCL INFO Recv: 64 Bytes -> Algo Unknown proto LL channel{Lo..Hi}={0..0} comm 0x55f30eed7ed0
nccl-test-worker-1:153679:153679 [0] NCCL INFO Send: 64 Bytes -> Algo Unknown proto LL channel{Lo..Hi}={0..0} comm 0x55f30eed7ed0
nccl-test-worker-1:153679:153679 [0] NCCL INFO Recv: 64 Bytes -> Algo Unknown proto LL channel{Lo..Hi}={0..0} comm 0x55f30eed7ed0
nccl-test-worker-1:153679:153679 [0] NCCL INFO Send: 64 Bytes -> Algo Unknown proto LL channel{Lo..Hi}={0..0} comm 0x55f30eed7ed0
nccl-test-worker-1:153679:153679 [0] NCCL INFO Recv: 64 Bytes -> Algo Unknown proto LL channel{Lo..Hi}={0..0} comm 0x55f30eed7ed0
nccl-test-worker-1:153679:153679 [0] NCCL INFO Send: 64 Bytes -> Algo Unknown proto LL channel{Lo..Hi}={0..0} comm 0x55f30eed7ed0
nccl-test-worker-1:153679:153679 [0] NCCL INFO Recv: 64 Bytes -> Algo Unknown proto LL channel{Lo..Hi}={0..0} comm 0x55f30eed7ed0
nccl-test-worker-1:153679:153679 [0] NCCL INFO Send: 64 Bytes -> Algo Unknown proto LL channel{Lo..Hi}={0..0} comm 0x55f30eed7ed0
nccl-test-worker-1:153679:153679 [0] NCCL INFO Recv: 64 Bytes -> Algo Unknown proto LL channel{Lo..Hi}={0..0} comm 0x55f30eed7ed0
nccl-test-worker-1:153679:153679 [0] NCCL INFO Send: 64 Bytes -> Algo Unknown proto LL channel{Lo..Hi}={0..0} comm 0x55f30eed7ed0
nccl-test-worker-1:153679:153679 [0] NCCL INFO Recv: 64 Bytes -> Algo Unknown proto LL channel{Lo..Hi}={0..0} comm 0x55f30eed7ed0
nccl-test-worker-1:153679:153679 [0] NCCL INFO Send: 64 Bytes -> Algo Unknown proto LL channel{Lo..Hi}={0..0} comm 0x55f30eed7ed0
nccl-test-worker-1:153679:153679 [0] NCCL INFO Recv: 64 Bytes -> Algo Unknown proto LL channel{Lo..Hi}={0..0} comm 0x55f30eed7ed0
nccl-test-worker-1:153679:153679 [0] NCCL INFO Send: 64 Bytes -> Algo Unknown proto LL channel{Lo..Hi}={0..0} comm 0x55f30eed7ed0
nccl-test-worker-1:153679:153679 [0] NCCL INFO Recv: 128 Bytes -> Algo Unknown proto SIMPLE channel{Lo..Hi}={0..0} comm 0x55f30eed7ed0
nccl-test-worker-1:153679:153679 [0] NCCL INFO Send: 128 Bytes -> Algo Unknown proto SIMPLE channel{Lo..Hi}={0..0} comm 0x55f30eed7ed0
nccl-test-worker-1:153679:153679 [0] NCCL INFO Recv: 128 Bytes -> Algo Unknown proto LL channel{Lo..Hi}={0..0} comm 0x55f30eed7ed0
nccl-test-worker-1:153679:153679 [0] NCCL INFO Send: 128 Bytes -> Algo Unknown proto LL channel{Lo..Hi}={0..0} comm 0x55f30eed7ed0
nccl-test-worker-1:153679:153679 [0] NCCL INFO Recv: 128 Bytes -> Algo Unknown proto LL channel{Lo..Hi}={0..0} comm 0x55f30eed7ed0
nccl-test-worker-1:153679:153679 [0] NCCL INFO Send: 128 Bytes -> Algo Unknown proto LL channel{Lo..Hi}={0..0} comm 0x55f30eed7ed0
nccl-test-worker-1:153679:153679 [0] NCCL INFO Recv: 128 Bytes -> Algo Unknown proto LL channel{Lo..Hi}={0..0} comm 0x55f30eed7ed0
nccl-test-worker-1:153679:153679 [0] NCCL INFO Send: 128 Bytes -> Algo Unknown proto LL channel{Lo..Hi}={0..0} comm 0x55f30eed7ed0
nccl-test-worker-1:153679:153679 [0] NCCL INFO Recv: 128 Bytes -> Algo Unknown proto LL channel{Lo..Hi}={0..0} comm 0x55f30eed7ed0
nccl-test-worker-1:153679:153679 [0] NCCL INFO Send: 128 Bytes -> Algo Unknown proto LL channel{Lo..Hi}={0..0} comm 0x55f30eed7ed0
nccl-test-worker-1:153679:153679 [0] NCCL INFO Recv: 128 Bytes -> Algo Unknown proto LL channel{Lo..Hi}={0..0} comm 0x55f30eed7ed0
nccl-test-worker-1:153679:153679 [0] NCCL INFO Send: 128 Bytes -> Algo Unknown proto LL channel{Lo..Hi}={0..0} comm 0x55f30eed7ed0
nccl-test-worker-1:153679:153679 [0] NCCL INFO Recv: 128 Bytes -> Algo Unknown proto LL channel{Lo..Hi}={0..0} comm 0x55f30eed7ed0
nccl-test-worker-1:153679:153679 [0] NCCL INFO Send: 128 Bytes -> Algo Unknown proto LL channel{Lo..Hi}={0..0} comm 0x55f30eed7ed0
nccl-test-worker-1:153679:153679 [0] NCCL INFO Recv: 128 Bytes -> Algo Unknown proto LL channel{Lo..Hi}={0..0} comm 0x55f30eed7ed0
nccl-test-worker-1:153679:153679 [0] NCCL INFO Send: 128 Bytes -> Algo Unknown proto LL channel{Lo..Hi}={0..0} comm 0x55f30eed7ed0
nccl-test-worker-1:153679:153679 [0] NCCL INFO Recv: 128 Bytes -> Algo Unknown proto SIMPLE channel{Lo..Hi}={0..0} comm 0x55f30eed7ed0
nccl-test-worker-1:153679:153679 [0] NCCL INFO Send: 128 Bytes -> Algo Unknown proto SIMPLE channel{Lo..Hi}={0..0} comm 0x55f30eed7ed0
nccl-test-worker-1:153679:153679 [0] NCCL INFO Recv: 128 Bytes -> Algo Unknown proto LL channel{Lo..Hi}={0..0} comm 0x55f30eed7ed0
nccl-test-worker-1:153679:153679 [0] NCCL INFO Send: 128 Bytes -> Algo Unknown proto LL channel{Lo..Hi}={0..0} comm 0x55f30eed7ed0
nccl-test-worker-1:153679:153679 [0] NCCL INFO Recv: 128 Bytes -> Algo Unknown proto LL channel{Lo..Hi}={0..0} comm 0x55f30eed7ed0
nccl-test-worker-1:153679:153679 [0] NCCL INFO Send: 128 Bytes -> Algo Unknown proto LL channel{Lo..Hi}={0..0} comm 0x55f30eed7ed0
nccl-test-worker-1:153679:153679 [0] NCCL INFO Recv: 128 Bytes -> Algo Unknown proto LL channel{Lo..Hi}={0..0} comm 0x55f30eed7ed0
nccl-test-worker-1:153679:153679 [0] NCCL INFO Send: 128 Bytes -> Algo Unknown proto LL channel{Lo..Hi}={0..0} comm 0x55f30eed7ed0
nccl-test-worker-1:153679:153679 [0] NCCL INFO Recv: 128 Bytes -> Algo Unknown proto LL channel{Lo..Hi}={0..0} comm 0x55f30eed7ed0
nccl-test-worker-1:153679:153679 [0] NCCL INFO Send: 128 Bytes -> Algo Unknown proto LL channel{Lo..Hi}={0..0} comm 0x55f30eed7ed0
nccl-test-worker-1:153679:153679 [0] NCCL INFO Recv: 128 Bytes -> Algo Unknown proto LL channel{Lo..Hi}={0..0} comm 0x55f30eed7ed0
nccl-test-worker-1:153679:153679 [0] NCCL INFO Send: 128 Bytes -> Algo Unknown proto LL channel{Lo..Hi}={0..0} comm 0x55f30eed7ed0
nccl-test-worker-1:153679:153679 [0] NCCL INFO Recv: 128 Bytes -> Algo Unknown proto LL channel{Lo..Hi}={0..0} comm 0x55f30eed7ed0
nccl-test-worker-1:153679:153679 [0] NCCL INFO Send: 128 Bytes -> Algo Unknown proto LL channel{Lo..Hi}={0..0} comm 0x55f30eed7ed0
nccl-test-worker-1:153679:153679 [0] NCCL INFO Recv: 128 Bytes -> Algo Unknown proto LL channel{Lo..Hi}={0..0} comm 0x55f30eed7ed0
nccl-test-worker-1:153679:153679 [0] NCCL INFO Send: 128 Bytes -> Algo Unknown proto LL channel{Lo..Hi}={0..0} comm 0x55f30eed7ed0
nccl-test-worker-1:153679:153679 [0] NCCL INFO Recv: 128 Bytes -> Algo Unknown proto SIMPLE channel{Lo..Hi}={0..0} comm 0x55f30eed7ed0
nccl-test-worker-1:153679:153679 [0] NCCL INFO Send: 128 Bytes -> Algo Unknown proto SIMPLE channel{Lo..Hi}={0..0} comm 0x55f30eed7ed0
nccl-test-worker-1:153679:153679 [0] NCCL INFO Recv: 128 Bytes -> Algo Unknown proto LL channel{Lo..Hi}={0..0} comm 0x55f30eed7ed0
nccl-test-worker-1:153679:153679 [0] NCCL INFO Send: 128 Bytes -> Algo Unknown proto LL channel{Lo..Hi}={0..0} comm 0x55f30eed7ed0
nccl-test-worker-1:153679:153679 [0] NCCL INFO Recv: 128 Bytes -> Algo Unknown proto LL channel{Lo..Hi}={0..0} comm 0x55f30eed7ed0
nccl-test-worker-1:153679:153679 [0] NCCL INFO Send: 128 Bytes -> Algo Unknown proto LL channel{Lo..Hi}={0..0} comm 0x55f30eed7ed0
nccl-test-worker-1:153679:153679 [0] NCCL INFO Recv: 128 Bytes -> Algo Unknown proto LL channel{Lo..Hi}={0..0} comm 0x55f30eed7ed0
nccl-test-worker-1:153679:153679 [0] NCCL INFO Send: 128 Bytes -> Algo Unknown proto LL channel{Lo..Hi}={0..0} comm 0x55f30eed7ed0
nccl-test-worker-1:153679:153679 [0] NCCL INFO Recv: 128 Bytes -> Algo Unknown proto LL channel{Lo..Hi}={0..0} comm 0x55f30eed7ed0
nccl-test-worker-1:153679:153679 [0] NCCL INFO Send: 128 Bytes -> Algo Unknown proto LL channel{Lo..Hi}={0..0} comm 0x55f30eed7ed0
nccl-test-worker-1:153679:153679 [0] NCCL INFO Recv: 128 Bytes -> Algo Unknown proto LL channel{Lo..Hi}={0..0} comm 0x55f30eed7ed0
nccl-test-worker-1:153679:153679 [0] NCCL INFO Send: 128 Bytes -> Algo Unknown proto LL channel{Lo..Hi}={0..0} comm 0x55f30eed7ed0
nccl-test-worker-1:153679:153679 [0] NCCL INFO Recv: 128 Bytes -> Algo Unknown proto LL channel{Lo..Hi}={0..0} comm 0x55f30eed7ed0
nccl-test-worker-1:153679:153679 [0] NCCL INFO Send: 128 Bytes -> Algo Unknown proto LL channel{Lo..Hi}={0..0} comm 0x55f30eed7ed0
nccl-test-worker-1:153679:153679 [0] NCCL INFO Recv: 128 Bytes -> Algo Unknown proto LL channel{Lo..Hi}={0..0} comm 0x55f30eed7ed0
nccl-test-worker-1:153679:153679 [0] NCCL INFO Send: 128 Bytes -> Algo Unknown proto LL channel{Lo..Hi}={0..0} comm 0x55f30eed7ed0
nccl-test-worker-1:153679:153679 [0] NCCL INFO Recv: 128 Bytes -> Algo Unknown proto LL channel{Lo..Hi}={0..0} comm 0x55f30eed7ed0
nccl-test-worker-1:153679:153679 [0] NCCL INFO Send: 128 Bytes -> Algo Unknown proto LL channel{Lo..Hi}={0..0} comm 0x55f30eed7ed0
nccl-test-worker-1:153679:153679 [0] NCCL INFO Recv: 128 Bytes -> Algo Unknown proto LL channel{Lo..Hi}={0..0} comm 0x55f30eed7ed0
nccl-test-worker-1:153679:153679 [0] NCCL INFO Send: 128 Bytes -> Algo Unknown proto LL channel{Lo..Hi}={0..0} comm 0x55f30eed7ed0
nccl-test-worker-1:153679:153679 [0] NCCL INFO Recv: 128 Bytes -> Algo Unknown proto LL channel{Lo..Hi}={0..0} comm 0x55f30eed7ed0
nccl-test-worker-1:153679:153679 [0] NCCL INFO Send: 128 Bytes -> Algo Unknown proto LL channel{Lo..Hi}={0..0} comm 0x55f30eed7ed0
nccl-test-worker-1:153679:153679 [0] NCCL INFO Recv: 128 Bytes -> Algo Unknown proto LL channel{Lo..Hi}={0..0} comm 0x55f30eed7ed0
nccl-test-worker-1:153679:153679 [0] NCCL INFO Send: 128 Bytes -> Algo Unknown proto LL channel{Lo..Hi}={0..0} comm 0x55f30eed7ed0
nccl-test-worker-1:153679:153679 [0] NCCL INFO Recv: 128 Bytes -> Algo Unknown proto LL channel{Lo..Hi}={0..0} comm 0x55f30eed7ed0
nccl-test-worker-1:153679:153679 [0] NCCL INFO Send: 128 Bytes -> Algo Unknown proto LL channel{Lo..Hi}={0..0} comm 0x55f30eed7ed0
nccl-test-worker-1:153679:153679 [0] NCCL INFO Recv: 128 Bytes -> Algo Unknown proto LL channel{Lo..Hi}={0..0} comm 0x55f30eed7ed0
nccl-test-worker-1:153679:153679 [0] NCCL INFO Send: 128 Bytes -> Algo Unknown proto LL channel{Lo..Hi}={0..0} comm 0x55f30eed7ed0
nccl-test-worker-1:153679:153679 [0] NCCL INFO Recv: 128 Bytes -> Algo Unknown proto LL channel{Lo..Hi}={0..0} comm 0x55f30eed7ed0
nccl-test-worker-1:153679:153679 [0] NCCL INFO Send: 128 Bytes -> Algo Unknown proto LL channel{Lo..Hi}={0..0} comm 0x55f30eed7ed0
nccl-test-worker-1:153679:153679 [0] NCCL INFO Recv: 128 Bytes -> Algo Unknown proto LL channel{Lo..Hi}={0..0} comm 0x55f30eed7ed0
nccl-test-worker-1:153679:153679 [0] NCCL INFO Send: 128 Bytes -> Algo Unknown proto LL channel{Lo..Hi}={0..0} comm 0x55f30eed7ed0
nccl-test-worker-1:153679:153679 [0] NCCL INFO Recv: 128 Bytes -> Algo Unknown proto LL channel{Lo..Hi}={0..0} comm 0x55f30eed7ed0
nccl-test-worker-1:153679:153679 [0] NCCL INFO Send: 128 Bytes -> Algo Unknown proto LL channel{Lo..Hi}={0..0} comm 0x55f30eed7ed0
nccl-test-worker-1:153679:153679 [0] NCCL INFO Recv: 128 Bytes -> Algo Unknown proto LL channel{Lo..Hi}={0..0} comm 0x55f30eed7ed0
nccl-test-worker-1:153679:153679 [0] NCCL INFO Send: 128 Bytes -> Algo Unknown proto LL channel{Lo..Hi}={0..0} comm 0x55f30eed7ed0
nccl-test-worker-1:153679:153679 [0] NCCL INFO Recv: 128 Bytes -> Algo Unknown proto LL channel{Lo..Hi}={0..0} comm 0x55f30eed7ed0
nccl-test-worker-1:153679:153679 [0] NCCL INFO Send: 128 Bytes -> Algo Unknown proto LL channel{Lo..Hi}={0..0} comm 0x55f30eed7ed0
nccl-test-worker-1:153679:153679 [0] NCCL INFO Recv: 128 Bytes -> Algo Unknown proto LL channel{Lo..Hi}={0..0} comm 0x55f30eed7ed0
nccl-test-worker-1:153679:153679 [0] NCCL INFO Send: 128 Bytes -> Algo Unknown proto LL channel{Lo..Hi}={0..0} comm 0x55f30eed7ed0
nccl-test-worker-1:153679:153679 [0] NCCL INFO Recv: 128 Bytes -> Algo Unknown proto LL channel{Lo..Hi}={0..0} comm 0x55f30eed7ed0
nccl-test-worker-1:153679:153679 [0] NCCL INFO Send: 128 Bytes -> Algo Unknown proto LL channel{Lo..Hi}={0..0} comm 0x55f30eed7ed0
nccl-test-worker-1:153679:153679 [0] NCCL INFO Recv: 128 Bytes -> Algo Unknown proto LL channel{Lo..Hi}={0..0} comm 0x55f30eed7ed0
nccl-test-worker-1:153679:153679 [0] NCCL INFO Send: 128 Bytes -> Algo Unknown proto LL channel{Lo..Hi}={0..0} comm 0x55f30eed7ed0
nccl-test-worker-1:153679:153679 [0] NCCL INFO Recv: 128 Bytes -> Algo Unknown proto LL channel{Lo..Hi}={0..0} comm 0x55f30eed7ed0
nccl-test-worker-1:153679:153679 [0] NCCL INFO Send: 128 Bytes -> Algo Unknown proto LL channel{Lo..Hi}={0..0} comm 0x55f30eed7ed0
nccl-test-worker-1:153679:153679 [0] NCCL INFO Recv: 128 Bytes -> Algo Unknown proto LL channel{Lo..Hi}={0..0} comm 0x55f30eed7ed0
nccl-test-worker-1:153679:153679 [0] NCCL INFO Send: 128 Bytes -> Algo Unknown proto LL channel{Lo..Hi}={0..0} comm 0x55f30eed7ed0
nccl-test-worker-1:153679:153679 [0] NCCL INFO Recv: 128 Bytes -> Algo Unknown proto LL channel{Lo..Hi}={0..0} comm 0x55f30eed7ed0
nccl-test-worker-1:153679:153679 [0] NCCL INFO Send: 128 Bytes -> Algo Unknown proto LL channel{Lo..Hi}={0..0} comm 0x55f30eed7ed0
nccl-test-worker-1:153679:153679 [0] NCCL INFO Recv: 128 Bytes -> Algo Unknown proto LL channel{Lo..Hi}={0..0} comm 0x55f30eed7ed0
nccl-test-worker-1:153679:153679 [0] NCCL INFO Send: 128 Bytes -> Algo Unknown proto LL channel{Lo..Hi}={0..0} comm 0x55f30eed7ed0
nccl-test-worker-1:153679:153679 [0] NCCL INFO Recv: 128 Bytes -> Algo Unknown proto LL channel{Lo..Hi}={0..0} comm 0x55f30eed7ed0
nccl-test-worker-1:153679:153679 [0] NCCL INFO Send: 128 Bytes -> Algo Unknown proto LL channel{Lo..Hi}={0..0} comm 0x55f30eed7ed0
nccl-test-worker-1:153679:153679 [0] NCCL INFO Recv: 128 Bytes -> Algo Unknown proto LL channel{Lo..Hi}={0..0} comm 0x55f30eed7ed0
nccl-test-worker-1:153679:153679 [0] NCCL INFO Send: 128 Bytes -> Algo Unknown proto LL channel{Lo..Hi}={0..0} comm 0x55f30eed7ed0
nccl-test-worker-1:153679:153679 [0] NCCL INFO Recv: 128 Bytes -> Algo Unknown proto LL channel{Lo..Hi}={0..0} comm 0x55f30eed7ed0
nccl-test-worker-1:153679:153679 [0] NCCL INFO Send: 128 Bytes -> Algo Unknown proto LL channel{Lo..Hi}={0..0} comm 0x55f30eed7ed0
nccl-test-worker-1:153679:153679 [0] NCCL INFO Recv: 256 Bytes -> Algo Unknown proto SIMPLE channel{Lo..Hi}={0..0} comm 0x55f30eed7ed0
nccl-test-worker-1:153679:153679 [0] NCCL INFO Send: 256 Bytes -> Algo Unknown proto SIMPLE channel{Lo..Hi}={0..0} comm 0x55f30eed7ed0
nccl-test-worker-1:153679:153679 [0] NCCL INFO Recv: 256 Bytes -> Algo Unknown proto LL channel{Lo..Hi}={0..0} comm 0x55f30eed7ed0
nccl-test-worker-1:153679:153679 [0] NCCL INFO Send: 256 Bytes -> Algo Unknown proto LL channel{Lo..Hi}={0..0} comm 0x55f30eed7ed0
nccl-test-worker-1:153679:153679 [0] NCCL INFO Recv: 256 Bytes -> Algo Unknown proto LL channel{Lo..Hi}={0..0} comm 0x55f30eed7ed0
nccl-test-worker-1:153679:153679 [0] NCCL INFO Send: 256 Bytes -> Algo Unknown proto LL channel{Lo..Hi}={0..0} comm 0x55f30eed7ed0
nccl-test-worker-1:153679:153679 [0] NCCL INFO Recv: 256 Bytes -> Algo Unknown proto LL channel{Lo..Hi}={0..0} comm 0x55f30eed7ed0
nccl-test-worker-1:153679:153679 [0] NCCL INFO Send: 256 Bytes -> Algo Unknown proto LL channel{Lo..Hi}={0..0} comm 0x55f30eed7ed0
nccl-test-worker-1:153679:153679 [0] NCCL INFO Recv: 256 Bytes -> Algo Unknown proto LL channel{Lo..Hi}={0..0} comm 0x55f30eed7ed0
nccl-test-worker-1:153679:153679 [0] NCCL INFO Send: 256 Bytes -> Algo Unknown proto LL channel{Lo..Hi}={0..0} comm 0x55f30eed7ed0
nccl-test-worker-1:153679:153679 [0] NCCL INFO Recv: 256 Bytes -> Algo Unknown proto LL channel{Lo..Hi}={0..0} comm 0x55f30eed7ed0
nccl-test-worker-1:153679:153679 [0] NCCL INFO Send: 256 Bytes -> Algo Unknown proto LL channel{Lo..Hi}={0..0} comm 0x55f30eed7ed0
nccl-test-worker-1:153679:153679 [0] NCCL INFO Recv: 256 Bytes -> Algo Unknown proto LL channel{Lo..Hi}={0..0} comm 0x55f30eed7ed0
nccl-test-worker-1:153679:153679 [0] NCCL INFO Send: 256 Bytes -> Algo Unknown proto LL channel{Lo..Hi}={0..0} comm 0x55f30eed7ed0
nccl-test-worker-1:153679:153679 [0] NCCL INFO Recv: 256 Bytes -> Algo Unknown proto LL channel{Lo..Hi}={0..0} comm 0x55f30eed7ed0
nccl-test-worker-1:153679:153679 [0] NCCL INFO Send: 256 Bytes -> Algo Unknown proto LL channel{Lo..Hi}={0..0} comm 0x55f30eed7ed0
nccl-test-worker-1:153679:153679 [0] NCCL INFO Recv: 256 Bytes -> Algo Unknown proto SIMPLE channel{Lo..Hi}={0..0} comm 0x55f30eed7ed0
nccl-test-worker-1:153679:153679 [0] NCCL INFO Send: 256 Bytes -> Algo Unknown proto SIMPLE channel{Lo..Hi}={0..0} comm 0x55f30eed7ed0
nccl-test-worker-1:153679:153679 [0] NCCL INFO Recv: 256 Bytes -> Algo Unknown proto LL channel{Lo..Hi}={0..0} comm 0x55f30eed7ed0
nccl-test-worker-1:153679:153679 [0] NCCL INFO Send: 256 Bytes -> Algo Unknown proto LL channel{Lo..Hi}={0..0} comm 0x55f30eed7ed0
nccl-test-worker-1:153679:153679 [0] NCCL INFO Recv: 256 Bytes -> Algo Unknown proto LL channel{Lo..Hi}={0..0} comm 0x55f30eed7ed0
nccl-test-worker-1:153679:153679 [0] NCCL INFO Send: 256 Bytes -> Algo Unknown proto LL channel{Lo..Hi}={0..0} comm 0x55f30eed7ed0
nccl-test-worker-1:153679:153679 [0] NCCL INFO Recv: 256 Bytes -> Algo Unknown proto LL channel{Lo..Hi}={0..0} comm 0x55f30eed7ed0
nccl-test-worker-1:153679:153679 [0] NCCL INFO Send: 256 Bytes -> Algo Unknown proto LL channel{Lo..Hi}={0..0} comm 0x55f30eed7ed0
nccl-test-worker-1:153679:153679 [0] NCCL INFO Recv: 256 Bytes -> Algo Unknown proto LL channel{Lo..Hi}={0..0} comm 0x55f30eed7ed0
nccl-test-worker-1:153679:153679 [0] NCCL INFO Send: 256 Bytes -> Algo Unknown proto LL channel{Lo..Hi}={0..0} comm 0x55f30eed7ed0
nccl-test-worker-1:153679:153679 [0] NCCL INFO Recv: 256 Bytes -> Algo Unknown proto LL channel{Lo..Hi}={0..0} comm 0x55f30eed7ed0
nccl-test-worker-1:153679:153679 [0] NCCL INFO Send: 256 Bytes -> Algo Unknown proto LL channel{Lo..Hi}={0..0} comm 0x55f30eed7ed0
nccl-test-worker-1:153679:153679 [0] NCCL INFO Recv: 256 Bytes -> Algo Unknown proto LL channel{Lo..Hi}={0..0} comm 0x55f30eed7ed0
nccl-test-worker-1:153679:153679 [0] NCCL INFO Send: 256 Bytes -> Algo Unknown proto LL channel{Lo..Hi}={0..0} comm 0x55f30eed7ed0
nccl-test-worker-1:153679:153679 [0] NCCL INFO Recv: 256 Bytes -> Algo Unknown proto LL channel{Lo..Hi}={0..0} comm 0x55f30eed7ed0
nccl-test-worker-1:153679:153679 [0] NCCL INFO Send: 256 Bytes -> Algo Unknown proto LL channel{Lo..Hi}={0..0} comm 0x55f30eed7ed0
nccl-test-worker-1:153679:153679 [0] NCCL INFO Recv: 256 Bytes -> Algo Unknown proto SIMPLE channel{Lo..Hi}={0..0} comm 0x55f30eed7ed0
nccl-test-worker-1:153679:153679 [0] NCCL INFO Send: 256 Bytes -> Algo Unknown proto SIMPLE channel{Lo..Hi}={0..0} comm 0x55f30eed7ed0
nccl-test-worker-1:153679:153679 [0] NCCL INFO Recv: 256 Bytes -> Algo Unknown proto LL channel{Lo..Hi}={0..0} comm 0x55f30eed7ed0
nccl-test-worker-1:153679:153679 [0] NCCL INFO Send: 256 Bytes -> Algo Unknown proto LL channel{Lo..Hi}={0..0} comm 0x55f30eed7ed0
nccl-test-worker-1:153679:153679 [0] NCCL INFO Recv: 256 Bytes -> Algo Unknown proto LL channel{Lo..Hi}={0..0} comm 0x55f30eed7ed0
nccl-test-worker-1:153679:153679 [0] NCCL INFO Send: 256 Bytes -> Algo Unknown proto LL channel{Lo..Hi}={0..0} comm 0x55f30eed7ed0
nccl-test-worker-1:153679:153679 [0] NCCL INFO Recv: 256 Bytes -> Algo Unknown proto LL channel{Lo..Hi}={0..0} comm 0x55f30eed7ed0
nccl-test-worker-1:153679:153679 [0] NCCL INFO Send: 256 Bytes -> Algo Unknown proto LL channel{Lo..Hi}={0..0} comm 0x55f30eed7ed0
nccl-test-worker-1:153679:153679 [0] NCCL INFO Recv: 256 Bytes -> Algo Unknown proto LL channel{Lo..Hi}={0..0} comm 0x55f30eed7ed0
nccl-test-worker-1:153679:153679 [0] NCCL INFO Send: 256 Bytes -> Algo Unknown proto LL channel{Lo..Hi}={0..0} comm 0x55f30eed7ed0
nccl-test-worker-1:153679:153679 [0] NCCL INFO Recv: 256 Bytes -> Algo Unknown proto LL channel{Lo..Hi}={0..0} comm 0x55f30eed7ed0
nccl-test-worker-1:153679:153679 [0] NCCL INFO Send: 256 Bytes -> Algo Unknown proto LL channel{Lo..Hi}={0..0} comm 0x55f30eed7ed0
nccl-test-worker-1:153679:153679 [0] NCCL INFO Recv: 256 Bytes -> Algo Unknown proto LL channel{Lo..Hi}={0..0} comm 0x55f30eed7ed0
nccl-test-worker-1:153679:153679 [0] NCCL INFO Send: 256 Bytes -> Algo Unknown proto LL channel{Lo..Hi}={0..0} comm 0x55f30eed7ed0
nccl-test-worker-1:153679:153679 [0] NCCL INFO Recv: 256 Bytes -> Algo Unknown proto LL channel{Lo..Hi}={0..0} comm 0x55f30eed7ed0
nccl-test-worker-1:153679:153679 [0] NCCL INFO Send: 256 Bytes -> Algo Unknown proto LL channel{Lo..Hi}={0..0} comm 0x55f30eed7ed0
nccl-test-worker-1:153679:153679 [0] NCCL INFO Recv: 256 Bytes -> Algo Unknown proto LL channel{Lo..Hi}={0..0} comm 0x55f30eed7ed0
nccl-test-worker-1:153679:153679 [0] NCCL INFO Send: 256 Bytes -> Algo Unknown proto LL channel{Lo..Hi}={0..0} comm 0x55f30eed7ed0
nccl-test-worker-1:153679:153679 [0] NCCL INFO Recv: 256 Bytes -> Algo Unknown proto LL channel{Lo..Hi}={0..0} comm 0x55f30eed7ed0
nccl-test-worker-1:153679:153679 [0] NCCL INFO Send: 256 Bytes -> Algo Unknown proto LL channel{Lo..Hi}={0..0} comm 0x55f30eed7ed0
nccl-test-worker-1:153679:153679 [0] NCCL INFO Recv: 256 Bytes -> Algo Unknown proto LL channel{Lo..Hi}={0..0} comm 0x55f30eed7ed0
nccl-test-worker-1:153679:153679 [0] NCCL INFO Send: 256 Bytes -> Algo Unknown proto LL channel{Lo..Hi}={0..0} comm 0x55f30eed7ed0
nccl-test-worker-1:153679:153679 [0] NCCL INFO Recv: 256 Bytes -> Algo Unknown proto LL channel{Lo..Hi}={0..0} comm 0x55f30eed7ed0
nccl-test-worker-1:153679:153679 [0] NCCL INFO Send: 256 Bytes -> Algo Unknown proto LL channel{Lo..Hi}={0..0} comm 0x55f30eed7ed0
nccl-test-worker-1:153679:153679 [0] NCCL INFO Recv: 256 Bytes -> Algo Unknown proto LL channel{Lo..Hi}={0..0} comm 0x55f30eed7ed0
nccl-test-worker-1:153679:153679 [0] NCCL INFO Send: 256 Bytes -> Algo Unknown proto LL channel{Lo..Hi}={0..0} comm 0x55f30eed7ed0
nccl-test-worker-1:153679:153679 [0] NCCL INFO Recv: 256 Bytes -> Algo Unknown proto LL channel{Lo..Hi}={0..0} comm 0x55f30eed7ed0
nccl-test-worker-1:153679:153679 [0] NCCL INFO Send: 256 Bytes -> Algo Unknown proto LL channel{Lo..Hi}={0..0} comm 0x55f30eed7ed0
nccl-test-worker-1:153679:153679 [0] NCCL INFO Recv: 256 Bytes -> Algo Unknown proto LL channel{Lo..Hi}={0..0} comm 0x55f30eed7ed0
nccl-test-worker-1:153679:153679 [0] NCCL INFO Send: 256 Bytes -> Algo Unknown proto LL channel{Lo..Hi}={0..0} comm 0x55f30eed7ed0
nccl-test-worker-1:153679:153679 [0] NCCL INFO Recv: 256 Bytes -> Algo Unknown proto LL channel{Lo..Hi}={0..0} comm 0x55f30eed7ed0
nccl-test-worker-1:153679:153679 [0] NCCL INFO Send: 256 Bytes -> Algo Unknown proto LL channel{Lo..Hi}={0..0} comm 0x55f30eed7ed0
nccl-test-worker-1:153679:153679 [0] NCCL INFO Recv: 256 Bytes -> Algo Unknown proto LL channel{Lo..Hi}={0..0} comm 0x55f30eed7ed0
nccl-test-worker-1:153679:153679 [0] NCCL INFO Send: 256 Bytes -> Algo Unknown proto LL channel{Lo..Hi}={0..0} comm 0x55f30eed7ed0
nccl-test-worker-1:153679:153679 [0] NCCL INFO Recv: 256 Bytes -> Algo Unknown proto LL channel{Lo..Hi}={0..0} comm 0x55f30eed7ed0
nccl-test-worker-1:153679:153679 [0] NCCL INFO Send: 256 Bytes -> Algo Unknown proto LL channel{Lo..Hi}={0..0} comm 0x55f30eed7ed0
nccl-test-worker-1:153679:153679 [0] NCCL INFO Recv: 256 Bytes -> Algo Unknown proto LL channel{Lo..Hi}={0..0} comm 0x55f30eed7ed0
nccl-test-worker-1:153679:153679 [0] NCCL INFO Send: 256 Bytes -> Algo Unknown proto LL channel{Lo..Hi}={0..0} comm 0x55f30eed7ed0
nccl-test-worker-1:153679:153679 [0] NCCL INFO Recv: 256 Bytes -> Algo Unknown proto LL channel{Lo..Hi}={0..0} comm 0x55f30eed7ed0
nccl-test-worker-1:153679:153679 [0] NCCL INFO Send: 256 Bytes -> Algo Unknown proto LL channel{Lo..Hi}={0..0} comm 0x55f30eed7ed0
nccl-test-worker-1:153679:153679 [0] NCCL INFO Recv: 256 Bytes -> Algo Unknown proto LL channel{Lo..Hi}={0..0} comm 0x55f30eed7ed0
nccl-test-worker-1:153679:153679 [0] NCCL INFO Send: 256 Bytes -> Algo Unknown proto LL channel{Lo..Hi}={0..0} comm 0x55f30eed7ed0
nccl-test-worker-1:153679:153679 [0] NCCL INFO Recv: 256 Bytes -> Algo Unknown proto LL channel{Lo..Hi}={0..0} comm 0x55f30eed7ed0
nccl-test-worker-1:153679:153679 [0] NCCL INFO Send: 256 Bytes -> Algo Unknown proto LL channel{Lo..Hi}={0..0} comm 0x55f30eed7ed0
nccl-test-worker-1:153679:153679 [0] NCCL INFO Recv: 256 Bytes -> Algo Unknown proto LL channel{Lo..Hi}={0..0} comm 0x55f30eed7ed0
nccl-test-worker-1:153679:153679 [0] NCCL INFO Send: 256 Bytes -> Algo Unknown proto LL channel{Lo..Hi}={0..0} comm 0x55f30eed7ed0
nccl-test-worker-1:153679:153679 [0] NCCL INFO Recv: 256 Bytes -> Algo Unknown proto LL channel{Lo..Hi}={0..0} comm 0x55f30eed7ed0
nccl-test-worker-1:153679:153679 [0] NCCL INFO Send: 256 Bytes -> Algo Unknown proto LL channel{Lo..Hi}={0..0} comm 0x55f30eed7ed0
nccl-test-worker-1:153679:153679 [0] NCCL INFO Recv: 256 Bytes -> Algo Unknown proto LL channel{Lo..Hi}={0..0} comm 0x55f30eed7ed0
nccl-test-worker-1:153679:153679 [0] NCCL INFO Send: 256 Bytes -> Algo Unknown proto LL channel{Lo..Hi}={0..0} comm 0x55f30eed7ed0
nccl-test-worker-1:153679:153679 [0] NCCL INFO Recv: 256 Bytes -> Algo Unknown proto LL channel{Lo..Hi}={0..0} comm 0x55f30eed7ed0
nccl-test-worker-1:153679:153679 [0] NCCL INFO Send: 256 Bytes -> Algo Unknown proto LL channel{Lo..Hi}={0..0} comm 0x55f30eed7ed0
nccl-test-worker-1:153679:153679 [0] NCCL INFO Recv: 256 Bytes -> Algo Unknown proto LL channel{Lo..Hi}={0..0} comm 0x55f30eed7ed0
nccl-test-worker-1:153679:153679 [0] NCCL INFO Send: 256 Bytes -> Algo Unknown proto LL channel{Lo..Hi}={0..0} comm 0x55f30eed7ed0
nccl-test-worker-1:153679:153679 [0] NCCL INFO Recv: 256 Bytes -> Algo Unknown proto LL channel{Lo..Hi}={0..0} comm 0x55f30eed7ed0
nccl-test-worker-1:153679:153679 [0] NCCL INFO Send: 256 Bytes -> Algo Unknown proto LL channel{Lo..Hi}={0..0} comm 0x55f30eed7ed0
nccl-test-worker-1:153679:153679 [0] NCCL INFO Recv: 256 Bytes -> Algo Unknown proto LL channel{Lo..Hi}={0..0} comm 0x55f30eed7ed0
nccl-test-worker-1:153679:153679 [0] NCCL INFO Send: 256 Bytes -> Algo Unknown proto LL channel{Lo..Hi}={0..0} comm 0x55f30eed7ed0
nccl-test-worker-1:153679:153679 [0] NCCL INFO Recv: 512 Bytes -> Algo Unknown proto SIMPLE channel{Lo..Hi}={0..0} comm 0x55f30eed7ed0
nccl-test-worker-1:153679:153679 [0] NCCL INFO Send: 512 Bytes -> Algo Unknown proto SIMPLE channel{Lo..Hi}={0..0} comm 0x55f30eed7ed0
nccl-test-worker-1:153679:153679 [0] NCCL INFO Recv: 512 Bytes -> Algo Unknown proto LL channel{Lo..Hi}={0..0} comm 0x55f30eed7ed0
nccl-test-worker-1:153679:153679 [0] NCCL INFO Send: 512 Bytes -> Algo Unknown proto LL channel{Lo..Hi}={0..0} comm 0x55f30eed7ed0
nccl-test-worker-1:153679:153679 [0] NCCL INFO Recv: 512 Bytes -> Algo Unknown proto LL channel{Lo..Hi}={0..0} comm 0x55f30eed7ed0
nccl-test-worker-1:153679:153679 [0] NCCL INFO Send: 512 Bytes -> Algo Unknown proto LL channel{Lo..Hi}={0..0} comm 0x55f30eed7ed0
nccl-test-worker-1:153679:153679 [0] NCCL INFO Recv: 512 Bytes -> Algo Unknown proto LL channel{Lo..Hi}={0..0} comm 0x55f30eed7ed0
nccl-test-worker-1:153679:153679 [0] NCCL INFO Send: 512 Bytes -> Algo Unknown proto LL channel{Lo..Hi}={0..0} comm 0x55f30eed7ed0
nccl-test-worker-1:153679:153679 [0] NCCL INFO Recv: 512 Bytes -> Algo Unknown proto LL channel{Lo..Hi}={0..0} comm 0x55f30eed7ed0
nccl-test-worker-1:153679:153679 [0] NCCL INFO Send: 512 Bytes -> Algo Unknown proto LL channel{Lo..Hi}={0..0} comm 0x55f30eed7ed0
nccl-test-worker-1:153679:153679 [0] NCCL INFO Recv: 512 Bytes -> Algo Unknown proto LL channel{Lo..Hi}={0..0} comm 0x55f30eed7ed0
nccl-test-worker-1:153679:153679 [0] NCCL INFO Send: 512 Bytes -> Algo Unknown proto LL channel{Lo..Hi}={0..0} comm 0x55f30eed7ed0
nccl-test-worker-1:153679:153679 [0] NCCL INFO Recv: 512 Bytes -> Algo Unknown proto LL channel{Lo..Hi}={0..0} comm 0x55f30eed7ed0
nccl-test-worker-1:153679:153679 [0] NCCL INFO Send: 512 Bytes -> Algo Unknown proto LL channel{Lo..Hi}={0..0} comm 0x55f30eed7ed0
nccl-test-worker-1:153679:153679 [0] NCCL INFO Recv: 512 Bytes -> Algo Unknown proto LL channel{Lo..Hi}={0..0} comm 0x55f30eed7ed0
nccl-test-worker-1:153679:153679 [0] NCCL INFO Send: 512 Bytes -> Algo Unknown proto LL channel{Lo..Hi}={0..0} comm 0x55f30eed7ed0
nccl-test-worker-1:153679:153679 [0] NCCL INFO Recv: 512 Bytes -> Algo Unknown proto SIMPLE channel{Lo..Hi}={0..0} comm 0x55f30eed7ed0
nccl-test-worker-1:153679:153679 [0] NCCL INFO Send: 512 Bytes -> Algo Unknown proto SIMPLE channel{Lo..Hi}={0..0} comm 0x55f30eed7ed0
nccl-test-worker-1:153679:153679 [0] NCCL INFO Recv: 512 Bytes -> Algo Unknown proto LL channel{Lo..Hi}={0..0} comm 0x55f30eed7ed0
nccl-test-worker-1:153679:153679 [0] NCCL INFO Send: 512 Bytes -> Algo Unknown proto LL channel{Lo..Hi}={0..0} comm 0x55f30eed7ed0
nccl-test-worker-1:153679:153679 [0] NCCL INFO Recv: 512 Bytes -> Algo Unknown proto LL channel{Lo..Hi}={0..0} comm 0x55f30eed7ed0
nccl-test-worker-1:153679:153679 [0] NCCL INFO Send: 512 Bytes -> Algo Unknown proto LL channel{Lo..Hi}={0..0} comm 0x55f30eed7ed0
nccl-test-worker-1:153679:153679 [0] NCCL INFO Recv: 512 Bytes -> Algo Unknown proto LL channel{Lo..Hi}={0..0} comm 0x55f30eed7ed0
nccl-test-worker-1:153679:153679 [0] NCCL INFO Send: 512 Bytes -> Algo Unknown proto LL channel{Lo..Hi}={0..0} comm 0x55f30eed7ed0
nccl-test-worker-1:153679:153679 [0] NCCL INFO Recv: 512 Bytes -> Algo Unknown proto LL channel{Lo..Hi}={0..0} comm 0x55f30eed7ed0
nccl-test-worker-1:153679:153679 [0] NCCL INFO Send: 512 Bytes -> Algo Unknown proto LL channel{Lo..Hi}={0..0} comm 0x55f30eed7ed0
nccl-test-worker-1:153679:153679 [0] NCCL INFO Recv: 512 Bytes -> Algo Unknown proto LL channel{Lo..Hi}={0..0} comm 0x55f30eed7ed0
nccl-test-worker-1:153679:153679 [0] NCCL INFO Send: 512 Bytes -> Algo Unknown proto LL channel{Lo..Hi}={0..0} comm 0x55f30eed7ed0
nccl-test-worker-1:153679:153679 [0] NCCL INFO Recv: 512 Bytes -> Algo Unknown proto LL channel{Lo..Hi}={0..0} comm 0x55f30eed7ed0
nccl-test-worker-1:153679:153679 [0] NCCL INFO Send: 512 Bytes -> Algo Unknown proto LL channel{Lo..Hi}={0..0} comm 0x55f30eed7ed0
nccl-test-worker-1:153679:153679 [0] NCCL INFO Recv: 512 Bytes -> Algo Unknown proto LL channel{Lo..Hi}={0..0} comm 0x55f30eed7ed0
nccl-test-worker-1:153679:153679 [0] NCCL INFO Send: 512 Bytes -> Algo Unknown proto LL channel{Lo..Hi}={0..0} comm 0x55f30eed7ed0
nccl-test-worker-1:153679:153679 [0] NCCL INFO Recv: 512 Bytes -> Algo Unknown proto SIMPLE channel{Lo..Hi}={0..0} comm 0x55f30eed7ed0
nccl-test-worker-1:153679:153679 [0] NCCL INFO Send: 512 Bytes -> Algo Unknown proto SIMPLE channel{Lo..Hi}={0..0} comm 0x55f30eed7ed0
nccl-test-worker-1:153679:153679 [0] NCCL INFO Recv: 512 Bytes -> Algo Unknown proto LL channel{Lo..Hi}={0..0} comm 0x55f30eed7ed0
nccl-test-worker-1:153679:153679 [0] NCCL INFO Send: 512 Bytes -> Algo Unknown proto LL channel{Lo..Hi}={0..0} comm 0x55f30eed7ed0
nccl-test-worker-1:153679:153679 [0] NCCL INFO Recv: 512 Bytes -> Algo Unknown proto LL channel{Lo..Hi}={0..0} comm 0x55f30eed7ed0
nccl-test-worker-1:153679:153679 [0] NCCL INFO Send: 512 Bytes -> Algo Unknown proto LL channel{Lo..Hi}={0..0} comm 0x55f30eed7ed0
nccl-test-worker-1:153679:153679 [0] NCCL INFO Recv: 512 Bytes -> Algo Unknown proto LL channel{Lo..Hi}={0..0} comm 0x55f30eed7ed0
nccl-test-worker-1:153679:153679 [0] NCCL INFO Send: 512 Bytes -> Algo Unknown proto LL channel{Lo..Hi}={0..0} comm 0x55f30eed7ed0
nccl-test-worker-1:153679:153679 [0] NCCL INFO Recv: 512 Bytes -> Algo Unknown proto LL channel{Lo..Hi}={0..0} comm 0x55f30eed7ed0
nccl-test-worker-1:153679:153679 [0] NCCL INFO Send: 512 Bytes -> Algo Unknown proto LL channel{Lo..Hi}={0..0} comm 0x55f30eed7ed0
nccl-test-worker-1:153679:153679 [0] NCCL INFO Recv: 512 Bytes -> Algo Unknown proto LL channel{Lo..Hi}={0..0} comm 0x55f30eed7ed0
nccl-test-worker-1:153679:153679 [0] NCCL INFO Send: 512 Bytes -> Algo Unknown proto LL channel{Lo..Hi}={0..0} comm 0x55f30eed7ed0
nccl-test-worker-1:153679:153679 [0] NCCL INFO Recv: 512 Bytes -> Algo Unknown proto LL channel{Lo..Hi}={0..0} comm 0x55f30eed7ed0
nccl-test-worker-1:153679:153679 [0] NCCL INFO Send: 512 Bytes -> Algo Unknown proto LL channel{Lo..Hi}={0..0} comm 0x55f30eed7ed0
nccl-test-worker-1:153679:153679 [0] NCCL INFO Recv: 512 Bytes -> Algo Unknown proto LL channel{Lo..Hi}={0..0} comm 0x55f30eed7ed0
nccl-test-worker-1:153679:153679 [0] NCCL INFO Send: 512 Bytes -> Algo Unknown proto LL channel{Lo..Hi}={0..0} comm 0x55f30eed7ed0
nccl-test-worker-1:153679:153679 [0] NCCL INFO Recv: 512 Bytes -> Algo Unknown proto LL channel{Lo..Hi}={0..0} comm 0x55f30eed7ed0
nccl-test-worker-1:153679:153679 [0] NCCL INFO Send: 512 Bytes -> Algo Unknown proto LL channel{Lo..Hi}={0..0} comm 0x55f30eed7ed0
nccl-test-worker-1:153679:153679 [0] NCCL INFO Recv: 512 Bytes -> Algo Unknown proto LL channel{Lo..Hi}={0..0} comm 0x55f30eed7ed0
nccl-test-worker-1:153679:153679 [0] NCCL INFO Send: 512 Bytes -> Algo Unknown proto LL channel{Lo..Hi}={0..0} comm 0x55f30eed7ed0
nccl-test-worker-1:153679:153679 [0] NCCL INFO Recv: 512 Bytes -> Algo Unknown proto LL channel{Lo..Hi}={0..0} comm 0x55f30eed7ed0
nccl-test-worker-1:153679:153679 [0] NCCL INFO Send: 512 Bytes -> Algo Unknown proto LL channel{Lo..Hi}={0..0} comm 0x55f30eed7ed0
nccl-test-worker-1:153679:153679 [0] NCCL INFO Recv: 512 Bytes -> Algo Unknown proto LL channel{Lo..Hi}={0..0} comm 0x55f30eed7ed0
nccl-test-worker-1:153679:153679 [0] NCCL INFO Send: 512 Bytes -> Algo Unknown proto LL channel{Lo..Hi}={0..0} comm 0x55f30eed7ed0
nccl-test-worker-1:153679:153679 [0] NCCL INFO Recv: 512 Bytes -> Algo Unknown proto LL channel{Lo..Hi}={0..0} comm 0x55f30eed7ed0
nccl-test-worker-1:153679:153679 [0] NCCL INFO Send: 512 Bytes -> Algo Unknown proto LL channel{Lo..Hi}={0..0} comm 0x55f30eed7ed0
nccl-test-worker-1:153679:153679 [0] NCCL INFO Recv: 512 Bytes -> Algo Unknown proto LL channel{Lo..Hi}={0..0} comm 0x55f30eed7ed0
nccl-test-worker-1:153679:153679 [0] NCCL INFO Send: 512 Bytes -> Algo Unknown proto LL channel{Lo..Hi}={0..0} comm 0x55f30eed7ed0
nccl-test-worker-1:153679:153679 [0] NCCL INFO Recv: 512 Bytes -> Algo Unknown proto LL channel{Lo..Hi}={0..0} comm 0x55f30eed7ed0
nccl-test-worker-1:153679:153679 [0] NCCL INFO Send: 512 Bytes -> Algo Unknown proto LL channel{Lo..Hi}={0..0} comm 0x55f30eed7ed0
nccl-test-worker-1:153679:153679 [0] NCCL INFO Recv: 512 Bytes -> Algo Unknown proto LL channel{Lo..Hi}={0..0} comm 0x55f30eed7ed0
nccl-test-worker-1:153679:153679 [0] NCCL INFO Send: 512 Bytes -> Algo Unknown proto LL channel{Lo..Hi}={0..0} comm 0x55f30eed7ed0
nccl-test-worker-1:153679:153679 [0] NCCL INFO Recv: 512 Bytes -> Algo Unknown proto LL channel{Lo..Hi}={0..0} comm 0x55f30eed7ed0
nccl-test-worker-1:153679:153679 [0] NCCL INFO Send: 512 Bytes -> Algo Unknown proto LL channel{Lo..Hi}={0..0} comm 0x55f30eed7ed0
nccl-test-worker-1:153679:153679 [0] NCCL INFO Recv: 512 Bytes -> Algo Unknown proto LL channel{Lo..Hi}={0..0} comm 0x55f30eed7ed0
nccl-test-worker-1:153679:153679 [0] NCCL INFO Send: 512 Bytes -> Algo Unknown proto LL channel{Lo..Hi}={0..0} comm 0x55f30eed7ed0
nccl-test-worker-1:153679:153679 [0] NCCL INFO Recv: 512 Bytes -> Algo Unknown proto LL channel{Lo..Hi}={0..0} comm 0x55f30eed7ed0
nccl-test-worker-1:153679:153679 [0] NCCL INFO Send: 512 Bytes -> Algo Unknown proto LL channel{Lo..Hi}={0..0} comm 0x55f30eed7ed0
nccl-test-worker-1:153679:153679 [0] NCCL INFO Recv: 512 Bytes -> Algo Unknown proto LL channel{Lo..Hi}={0..0} comm 0x55f30eed7ed0
nccl-test-worker-1:153679:153679 [0] NCCL INFO Send: 512 Bytes -> Algo Unknown proto LL channel{Lo..Hi}={0..0} comm 0x55f30eed7ed0
nccl-test-worker-1:153679:153679 [0] NCCL INFO Recv: 512 Bytes -> Algo Unknown proto LL channel{Lo..Hi}={0..0} comm 0x55f30eed7ed0
nccl-test-worker-1:153679:153679 [0] NCCL INFO Send: 512 Bytes -> Algo Unknown proto LL channel{Lo..Hi}={0..0} comm 0x55f30eed7ed0
nccl-test-worker-1:153679:153679 [0] NCCL INFO Recv: 512 Bytes -> Algo Unknown proto LL channel{Lo..Hi}={0..0} comm 0x55f30eed7ed0
nccl-test-worker-1:153679:153679 [0] NCCL INFO Send: 512 Bytes -> Algo Unknown proto LL channel{Lo..Hi}={0..0} comm 0x55f30eed7ed0
nccl-test-worker-1:153679:153679 [0] NCCL INFO Recv: 512 Bytes -> Algo Unknown proto LL channel{Lo..Hi}={0..0} comm 0x55f30eed7ed0
nccl-test-worker-1:153679:153679 [0] NCCL INFO Send: 512 Bytes -> Algo Unknown proto LL channel{Lo..Hi}={0..0} comm 0x55f30eed7ed0
nccl-test-worker-1:153679:153679 [0] NCCL INFO Recv: 512 Bytes -> Algo Unknown proto LL channel{Lo..Hi}={0..0} comm 0x55f30eed7ed0
nccl-test-worker-1:153679:153679 [0] NCCL INFO Send: 512 Bytes -> Algo Unknown proto LL channel{Lo..Hi}={0..0} comm 0x55f30eed7ed0
nccl-test-worker-1:153679:153679 [0] NCCL INFO Recv: 512 Bytes -> Algo Unknown proto LL channel{Lo..Hi}={0..0} comm 0x55f30eed7ed0
nccl-test-worker-1:153679:153679 [0] NCCL INFO Send: 512 Bytes -> Algo Unknown proto LL channel{Lo..Hi}={0..0} comm 0x55f30eed7ed0
nccl-test-worker-1:153679:153679 [0] NCCL INFO Recv: 512 Bytes -> Algo Unknown proto LL channel{Lo..Hi}={0..0} comm 0x55f30eed7ed0
nccl-test-worker-1:153679:153679 [0] NCCL INFO Send: 512 Bytes -> Algo Unknown proto LL channel{Lo..Hi}={0..0} comm 0x55f30eed7ed0
nccl-test-worker-1:153679:153679 [0] NCCL INFO Recv: 512 Bytes -> Algo Unknown proto LL channel{Lo..Hi}={0..0} comm 0x55f30eed7ed0
nccl-test-worker-1:153679:153679 [0] NCCL INFO Send: 512 Bytes -> Algo Unknown proto LL channel{Lo..Hi}={0..0} comm 0x55f30eed7ed0
nccl-test-worker-1:153679:153679 [0] NCCL INFO Recv: 512 Bytes -> Algo Unknown proto LL channel{Lo..Hi}={0..0} comm 0x55f30eed7ed0
nccl-test-worker-1:153679:153679 [0] NCCL INFO Send: 512 Bytes -> Algo Unknown proto LL channel{Lo..Hi}={0..0} comm 0x55f30eed7ed0
nccl-test-worker-1:153679:153679 [0] NCCL INFO Recv: 512 Bytes -> Algo Unknown proto LL channel{Lo..Hi}={0..0} comm 0x55f30eed7ed0
nccl-test-worker-1:153679:153679 [0] NCCL INFO Send: 512 Bytes -> Algo Unknown proto LL channel{Lo..Hi}={0..0} comm 0x55f30eed7ed0
nccl-test-worker-1:153679:153679 [0] NCCL INFO Recv: 1024 Bytes -> Algo Unknown proto SIMPLE channel{Lo..Hi}={0..0} comm 0x55f30eed7ed0
nccl-test-worker-1:153679:153679 [0] NCCL INFO Send: 1024 Bytes -> Algo Unknown proto SIMPLE channel{Lo..Hi}={0..0} comm 0x55f30eed7ed0
nccl-test-worker-1:153679:153679 [0] NCCL INFO Recv: 1024 Bytes -> Algo Unknown proto LL channel{Lo..Hi}={0..0} comm 0x55f30eed7ed0
nccl-test-worker-1:153679:153679 [0] NCCL INFO Send: 1024 Bytes -> Algo Unknown proto LL channel{Lo..Hi}={0..0} comm 0x55f30eed7ed0
nccl-test-worker-1:153679:153679 [0] NCCL INFO Recv: 1024 Bytes -> Algo Unknown proto LL channel{Lo..Hi}={0..0} comm 0x55f30eed7ed0
nccl-test-worker-1:153679:153679 [0] NCCL INFO Send: 1024 Bytes -> Algo Unknown proto LL channel{Lo..Hi}={0..0} comm 0x55f30eed7ed0
nccl-test-worker-1:153679:153679 [0] NCCL INFO Recv: 1024 Bytes -> Algo Unknown proto LL channel{Lo..Hi}={0..0} comm 0x55f30eed7ed0
nccl-test-worker-1:153679:153679 [0] NCCL INFO Send: 1024 Bytes -> Algo Unknown proto LL channel{Lo..Hi}={0..0} comm 0x55f30eed7ed0
nccl-test-worker-1:153679:153679 [0] NCCL INFO Recv: 1024 Bytes -> Algo Unknown proto LL channel{Lo..Hi}={0..0} comm 0x55f30eed7ed0
nccl-test-worker-1:153679:153679 [0] NCCL INFO Send: 1024 Bytes -> Algo Unknown proto LL channel{Lo..Hi}={0..0} comm 0x55f30eed7ed0
nccl-test-worker-1:153679:153679 [0] NCCL INFO Recv: 1024 Bytes -> Algo Unknown proto LL channel{Lo..Hi}={0..0} comm 0x55f30eed7ed0
nccl-test-worker-1:153679:153679 [0] NCCL INFO Send: 1024 Bytes -> Algo Unknown proto LL channel{Lo..Hi}={0..0} comm 0x55f30eed7ed0
nccl-test-worker-1:153679:153679 [0] NCCL INFO Recv: 1024 Bytes -> Algo Unknown proto LL channel{Lo..Hi}={0..0} comm 0x55f30eed7ed0
nccl-test-worker-1:153679:153679 [0] NCCL INFO Send: 1024 Bytes -> Algo Unknown proto LL channel{Lo..Hi}={0..0} comm 0x55f30eed7ed0
nccl-test-worker-1:153679:153679 [0] NCCL INFO Recv: 1024 Bytes -> Algo Unknown proto LL channel{Lo..Hi}={0..0} comm 0x55f30eed7ed0
nccl-test-worker-1:153679:153679 [0] NCCL INFO Send: 1024 Bytes -> Algo Unknown proto LL channel{Lo..Hi}={0..0} comm 0x55f30eed7ed0
nccl-test-worker-1:153679:153679 [0] NCCL INFO Recv: 1024 Bytes -> Algo Unknown proto SIMPLE channel{Lo..Hi}={0..0} comm 0x55f30eed7ed0
nccl-test-worker-1:153679:153679 [0] NCCL INFO Send: 1024 Bytes -> Algo Unknown proto SIMPLE channel{Lo..Hi}={0..0} comm 0x55f30eed7ed0
nccl-test-worker-1:153679:153679 [0] NCCL INFO Recv: 1024 Bytes -> Algo Unknown proto LL channel{Lo..Hi}={0..0} comm 0x55f30eed7ed0
nccl-test-worker-1:153679:153679 [0] NCCL INFO Send: 1024 Bytes -> Algo Unknown proto LL channel{Lo..Hi}={0..0} comm 0x55f30eed7ed0
nccl-test-worker-1:153679:153679 [0] NCCL INFO Recv: 1024 Bytes -> Algo Unknown proto LL channel{Lo..Hi}={0..0} comm 0x55f30eed7ed0
nccl-test-worker-1:153679:153679 [0] NCCL INFO Send: 1024 Bytes -> Algo Unknown proto LL channel{Lo..Hi}={0..0} comm 0x55f30eed7ed0
nccl-test-worker-1:153679:153679 [0] NCCL INFO Recv: 1024 Bytes -> Algo Unknown proto LL channel{Lo..Hi}={0..0} comm 0x55f30eed7ed0
nccl-test-worker-1:153679:153679 [0] NCCL INFO Send: 1024 Bytes -> Algo Unknown proto LL channel{Lo..Hi}={0..0} comm 0x55f30eed7ed0
nccl-test-worker-1:153679:153679 [0] NCCL INFO Recv: 1024 Bytes -> Algo Unknown proto LL channel{Lo..Hi}={0..0} comm 0x55f30eed7ed0
nccl-test-worker-1:153679:153679 [0] NCCL INFO Send: 1024 Bytes -> Algo Unknown proto LL channel{Lo..Hi}={0..0} comm 0x55f30eed7ed0
nccl-test-worker-1:153679:153679 [0] NCCL INFO Recv: 1024 Bytes -> Algo Unknown proto LL channel{Lo..Hi}={0..0} comm 0x55f30eed7ed0
nccl-test-worker-1:153679:153679 [0] NCCL INFO Send: 1024 Bytes -> Algo Unknown proto LL channel{Lo..Hi}={0..0} comm 0x55f30eed7ed0
nccl-test-worker-1:153679:153679 [0] NCCL INFO Recv: 1024 Bytes -> Algo Unknown proto LL channel{Lo..Hi}={0..0} comm 0x55f30eed7ed0
nccl-test-worker-1:153679:153679 [0] NCCL INFO Send: 1024 Bytes -> Algo Unknown proto LL channel{Lo..Hi}={0..0} comm 0x55f30eed7ed0
nccl-test-worker-1:153679:153679 [0] NCCL INFO Recv: 1024 Bytes -> Algo Unknown proto LL channel{Lo..Hi}={0..0} comm 0x55f30eed7ed0
nccl-test-worker-1:153679:153679 [0] NCCL INFO Send: 1024 Bytes -> Algo Unknown proto LL channel{Lo..Hi}={0..0} comm 0x55f30eed7ed0
nccl-test-worker-1:153679:153679 [0] NCCL INFO Recv: 1024 Bytes -> Algo Unknown proto SIMPLE channel{Lo..Hi}={0..0} comm 0x55f30eed7ed0
nccl-test-worker-1:153679:153679 [0] NCCL INFO Send: 1024 Bytes -> Algo Unknown proto SIMPLE channel{Lo..Hi}={0..0} comm 0x55f30eed7ed0
nccl-test-worker-1:153679:153679 [0] NCCL INFO Recv: 1024 Bytes -> Algo Unknown proto LL channel{Lo..Hi}={0..0} comm 0x55f30eed7ed0
nccl-test-worker-1:153679:153679 [0] NCCL INFO Send: 1024 Bytes -> Algo Unknown proto LL channel{Lo..Hi}={0..0} comm 0x55f30eed7ed0
nccl-test-worker-1:153679:153679 [0] NCCL INFO Recv: 1024 Bytes -> Algo Unknown proto LL channel{Lo..Hi}={0..0} comm 0x55f30eed7ed0
nccl-test-worker-1:153679:153679 [0] NCCL INFO Send: 1024 Bytes -> Algo Unknown proto LL channel{Lo..Hi}={0..0} comm 0x55f30eed7ed0
nccl-test-worker-1:153679:153679 [0] NCCL INFO Recv: 1024 Bytes -> Algo Unknown proto LL channel{Lo..Hi}={0..0} comm 0x55f30eed7ed0
nccl-test-worker-1:153679:153679 [0] NCCL INFO Send: 1024 Bytes -> Algo Unknown proto LL channel{Lo..Hi}={0..0} comm 0x55f30eed7ed0
nccl-test-worker-1:153679:153679 [0] NCCL INFO Recv: 1024 Bytes -> Algo Unknown proto LL channel{Lo..Hi}={0..0} comm 0x55f30eed7ed0
nccl-test-worker-1:153679:153679 [0] NCCL INFO Send: 1024 Bytes -> Algo Unknown proto LL channel{Lo..Hi}={0..0} comm 0x55f30eed7ed0
nccl-test-worker-1:153679:153679 [0] NCCL INFO Recv: 1024 Bytes -> Algo Unknown proto LL channel{Lo..Hi}={0..0} comm 0x55f30eed7ed0
nccl-test-worker-1:153679:153679 [0] NCCL INFO Send: 1024 Bytes -> Algo Unknown proto LL channel{Lo..Hi}={0..0} comm 0x55f30eed7ed0
nccl-test-worker-1:153679:153679 [0] NCCL INFO Recv: 1024 Bytes -> Algo Unknown proto LL channel{Lo..Hi}={0..0} comm 0x55f30eed7ed0
nccl-test-worker-1:153679:153679 [0] NCCL INFO Send: 1024 Bytes -> Algo Unknown proto LL channel{Lo..Hi}={0..0} comm 0x55f30eed7ed0
nccl-test-worker-1:153679:153679 [0] NCCL INFO Recv: 1024 Bytes -> Algo Unknown proto LL channel{Lo..Hi}={0..0} comm 0x55f30eed7ed0
nccl-test-worker-1:153679:153679 [0] NCCL INFO Send: 1024 Bytes -> Algo Unknown proto LL channel{Lo..Hi}={0..0} comm 0x55f30eed7ed0
nccl-test-worker-1:153679:153679 [0] NCCL INFO Recv: 1024 Bytes -> Algo Unknown proto LL channel{Lo..Hi}={0..0} comm 0x55f30eed7ed0
nccl-test-worker-1:153679:153679 [0] NCCL INFO Send: 1024 Bytes -> Algo Unknown proto LL channel{Lo..Hi}={0..0} comm 0x55f30eed7ed0
nccl-test-worker-1:153679:153679 [0] NCCL INFO Recv: 1024 Bytes -> Algo Unknown proto LL channel{Lo..Hi}={0..0} comm 0x55f30eed7ed0
nccl-test-worker-1:153679:153679 [0] NCCL INFO Send: 1024 Bytes -> Algo Unknown proto LL channel{Lo..Hi}={0..0} comm 0x55f30eed7ed0
nccl-test-worker-1:153679:153679 [0] NCCL INFO Recv: 1024 Bytes -> Algo Unknown proto LL channel{Lo..Hi}={0..0} comm 0x55f30eed7ed0
nccl-test-worker-1:153679:153679 [0] NCCL INFO Send: 1024 Bytes -> Algo Unknown proto LL channel{Lo..Hi}={0..0} comm 0x55f30eed7ed0
nccl-test-worker-1:153679:153679 [0] NCCL INFO Recv: 1024 Bytes -> Algo Unknown proto LL channel{Lo..Hi}={0..0} comm 0x55f30eed7ed0
nccl-test-worker-1:153679:153679 [0] NCCL INFO Send: 1024 Bytes -> Algo Unknown proto LL channel{Lo..Hi}={0..0} comm 0x55f30eed7ed0
nccl-test-worker-1:153679:153679 [0] NCCL INFO Recv: 1024 Bytes -> Algo Unknown proto LL channel{Lo..Hi}={0..0} comm 0x55f30eed7ed0
nccl-test-worker-1:153679:153679 [0] NCCL INFO Send: 1024 Bytes -> Algo Unknown proto LL channel{Lo..Hi}={0..0} comm 0x55f30eed7ed0
nccl-test-worker-1:153679:153679 [0] NCCL INFO Recv: 1024 Bytes -> Algo Unknown proto LL channel{Lo..Hi}={0..0} comm 0x55f30eed7ed0
nccl-test-worker-1:153679:153679 [0] NCCL INFO Send: 1024 Bytes -> Algo Unknown proto LL channel{Lo..Hi}={0..0} comm 0x55f30eed7ed0
nccl-test-worker-1:153679:153679 [0] NCCL INFO Recv: 1024 Bytes -> Algo Unknown proto LL channel{Lo..Hi}={0..0} comm 0x55f30eed7ed0
nccl-test-worker-1:153679:153679 [0] NCCL INFO Send: 1024 Bytes -> Algo Unknown proto LL channel{Lo..Hi}={0..0} comm 0x55f30eed7ed0
nccl-test-worker-1:153679:153679 [0] NCCL INFO Recv: 1024 Bytes -> Algo Unknown proto LL channel{Lo..Hi}={0..0} comm 0x55f30eed7ed0
nccl-test-worker-1:153679:153679 [0] NCCL INFO Send: 1024 Bytes -> Algo Unknown proto LL channel{Lo..Hi}={0..0} comm 0x55f30eed7ed0
nccl-test-worker-1:153679:153679 [0] NCCL INFO Recv: 1024 Bytes -> Algo Unknown proto LL channel{Lo..Hi}={0..0} comm 0x55f30eed7ed0
nccl-test-worker-1:153679:153679 [0] NCCL INFO Send: 1024 Bytes -> Algo Unknown proto LL channel{Lo..Hi}={0..0} comm 0x55f30eed7ed0
nccl-test-worker-1:153679:153679 [0] NCCL INFO Recv: 1024 Bytes -> Algo Unknown proto LL channel{Lo..Hi}={0..0} comm 0x55f30eed7ed0
nccl-test-worker-1:153679:153679 [0] NCCL INFO Send: 1024 Bytes -> Algo Unknown proto LL channel{Lo..Hi}={0..0} comm 0x55f30eed7ed0
nccl-test-worker-1:153679:153679 [0] NCCL INFO Recv: 1024 Bytes -> Algo Unknown proto LL channel{Lo..Hi}={0..0} comm 0x55f30eed7ed0
nccl-test-worker-1:153679:153679 [0] NCCL INFO Send: 1024 Bytes -> Algo Unknown proto LL channel{Lo..Hi}={0..0} comm 0x55f30eed7ed0
nccl-test-worker-1:153679:153679 [0] NCCL INFO Recv: 1024 Bytes -> Algo Unknown proto LL channel{Lo..Hi}={0..0} comm 0x55f30eed7ed0
nccl-test-worker-1:153679:153679 [0] NCCL INFO Send: 1024 Bytes -> Algo Unknown proto LL channel{Lo..Hi}={0..0} comm 0x55f30eed7ed0
nccl-test-worker-1:153679:153679 [0] NCCL INFO Recv: 1024 Bytes -> Algo Unknown proto LL channel{Lo..Hi}={0..0} comm 0x55f30eed7ed0
nccl-test-worker-1:153679:153679 [0] NCCL INFO Send: 1024 Bytes -> Algo Unknown proto LL channel{Lo..Hi}={0..0} comm 0x55f30eed7ed0
nccl-test-worker-1:153679:153679 [0] NCCL INFO Recv: 1024 Bytes -> Algo Unknown proto LL channel{Lo..Hi}={0..0} comm 0x55f30eed7ed0
nccl-test-worker-1:153679:153679 [0] NCCL INFO Send: 1024 Bytes -> Algo Unknown proto LL channel{Lo..Hi}={0..0} comm 0x55f30eed7ed0
nccl-test-worker-1:153679:153679 [0] NCCL INFO Recv: 1024 Bytes -> Algo Unknown proto LL channel{Lo..Hi}={0..0} comm 0x55f30eed7ed0
nccl-test-worker-1:153679:153679 [0] NCCL INFO Send: 1024 Bytes -> Algo Unknown proto LL channel{Lo..Hi}={0..0} comm 0x55f30eed7ed0
nccl-test-worker-1:153679:153679 [0] NCCL INFO Recv: 1024 Bytes -> Algo Unknown proto LL channel{Lo..Hi}={0..0} comm 0x55f30eed7ed0
nccl-test-worker-1:153679:153679 [0] NCCL INFO Send: 1024 Bytes -> Algo Unknown proto LL channel{Lo..Hi}={0..0} comm 0x55f30eed7ed0
nccl-test-worker-1:153679:153679 [0] NCCL INFO Recv: 1024 Bytes -> Algo Unknown proto LL channel{Lo..Hi}={0..0} comm 0x55f30eed7ed0
nccl-test-worker-1:153679:153679 [0] NCCL INFO Send: 1024 Bytes -> Algo Unknown proto LL channel{Lo..Hi}={0..0} comm 0x55f30eed7ed0
nccl-test-worker-1:153679:153679 [0] NCCL INFO Recv: 1024 Bytes -> Algo Unknown proto LL channel{Lo..Hi}={0..0} comm 0x55f30eed7ed0
nccl-test-worker-1:153679:153679 [0] NCCL INFO Send: 1024 Bytes -> Algo Unknown proto LL channel{Lo..Hi}={0..0} comm 0x55f30eed7ed0
nccl-test-worker-1:153679:153679 [0] NCCL INFO Recv: 1024 Bytes -> Algo Unknown proto LL channel{Lo..Hi}={0..0} comm 0x55f30eed7ed0
nccl-test-worker-1:153679:153679 [0] NCCL INFO Send: 1024 Bytes -> Algo Unknown proto LL channel{Lo..Hi}={0..0} comm 0x55f30eed7ed0
nccl-test-worker-1:153679:153679 [0] NCCL INFO Recv: 1024 Bytes -> Algo Unknown proto LL channel{Lo..Hi}={0..0} comm 0x55f30eed7ed0
nccl-test-worker-1:153679:153679 [0] NCCL INFO Send: 1024 Bytes -> Algo Unknown proto LL channel{Lo..Hi}={0..0} comm 0x55f30eed7ed0
nccl-test-worker-1:153679:153679 [0] NCCL INFO Recv: 1024 Bytes -> Algo Unknown proto LL channel{Lo..Hi}={0..0} comm 0x55f30eed7ed0
nccl-test-worker-1:153679:153679 [0] NCCL INFO Send: 1024 Bytes -> Algo Unknown proto LL channel{Lo..Hi}={0..0} comm 0x55f30eed7ed0
nccl-test-worker-1:153679:153679 [0] NCCL INFO Recv: 2048 Bytes -> Algo Unknown proto SIMPLE channel{Lo..Hi}={0..0} comm 0x55f30eed7ed0
nccl-test-worker-1:153679:153679 [0] NCCL INFO Send: 2048 Bytes -> Algo Unknown proto SIMPLE channel{Lo..Hi}={0..0} comm 0x55f30eed7ed0
nccl-test-worker-1:153679:153679 [0] NCCL INFO Recv: 2048 Bytes -> Algo Unknown proto LL channel{Lo..Hi}={0..0} comm 0x55f30eed7ed0
nccl-test-worker-1:153679:153679 [0] NCCL INFO Send: 2048 Bytes -> Algo Unknown proto LL channel{Lo..Hi}={0..0} comm 0x55f30eed7ed0
nccl-test-worker-1:153679:153679 [0] NCCL INFO Recv: 2048 Bytes -> Algo Unknown proto LL channel{Lo..Hi}={0..0} comm 0x55f30eed7ed0
nccl-test-worker-1:153679:153679 [0] NCCL INFO Send: 2048 Bytes -> Algo Unknown proto LL channel{Lo..Hi}={0..0} comm 0x55f30eed7ed0
nccl-test-worker-1:153679:153679 [0] NCCL INFO Recv: 2048 Bytes -> Algo Unknown proto LL channel{Lo..Hi}={0..0} comm 0x55f30eed7ed0
nccl-test-worker-1:153679:153679 [0] NCCL INFO Send: 2048 Bytes -> Algo Unknown proto LL channel{Lo..Hi}={0..0} comm 0x55f30eed7ed0
nccl-test-worker-1:153679:153679 [0] NCCL INFO Recv: 2048 Bytes -> Algo Unknown proto LL channel{Lo..Hi}={0..0} comm 0x55f30eed7ed0
nccl-test-worker-1:153679:153679 [0] NCCL INFO Send: 2048 Bytes -> Algo Unknown proto LL channel{Lo..Hi}={0..0} comm 0x55f30eed7ed0
nccl-test-worker-1:153679:153679 [0] NCCL INFO Recv: 2048 Bytes -> Algo Unknown proto LL channel{Lo..Hi}={0..0} comm 0x55f30eed7ed0
nccl-test-worker-1:153679:153679 [0] NCCL INFO Send: 2048 Bytes -> Algo Unknown proto LL channel{Lo..Hi}={0..0} comm 0x55f30eed7ed0
nccl-test-worker-1:153679:153679 [0] NCCL INFO Recv: 2048 Bytes -> Algo Unknown proto LL channel{Lo..Hi}={0..0} comm 0x55f30eed7ed0
nccl-test-worker-1:153679:153679 [0] NCCL INFO Send: 2048 Bytes -> Algo Unknown proto LL channel{Lo..Hi}={0..0} comm 0x55f30eed7ed0
nccl-test-worker-1:153679:153679 [0] NCCL INFO Recv: 2048 Bytes -> Algo Unknown proto LL channel{Lo..Hi}={0..0} comm 0x55f30eed7ed0
nccl-test-worker-1:153679:153679 [0] NCCL INFO Send: 2048 Bytes -> Algo Unknown proto LL channel{Lo..Hi}={0..0} comm 0x55f30eed7ed0
nccl-test-worker-1:153679:153679 [0] NCCL INFO Recv: 2048 Bytes -> Algo Unknown proto SIMPLE channel{Lo..Hi}={0..0} comm 0x55f30eed7ed0
nccl-test-worker-1:153679:153679 [0] NCCL INFO Send: 2048 Bytes -> Algo Unknown proto SIMPLE channel{Lo..Hi}={0..0} comm 0x55f30eed7ed0
nccl-test-worker-1:153679:153679 [0] NCCL INFO Recv: 2048 Bytes -> Algo Unknown proto LL channel{Lo..Hi}={0..0} comm 0x55f30eed7ed0
nccl-test-worker-1:153679:153679 [0] NCCL INFO Send: 2048 Bytes -> Algo Unknown proto LL channel{Lo..Hi}={0..0} comm 0x55f30eed7ed0
nccl-test-worker-1:153679:153679 [0] NCCL INFO Recv: 2048 Bytes -> Algo Unknown proto LL channel{Lo..Hi}={0..0} comm 0x55f30eed7ed0
nccl-test-worker-1:153679:153679 [0] NCCL INFO Send: 2048 Bytes -> Algo Unknown proto LL channel{Lo..Hi}={0..0} comm 0x55f30eed7ed0
nccl-test-worker-1:153679:153679 [0] NCCL INFO Recv: 2048 Bytes -> Algo Unknown proto LL channel{Lo..Hi}={0..0} comm 0x55f30eed7ed0
nccl-test-worker-1:153679:153679 [0] NCCL INFO Send: 2048 Bytes -> Algo Unknown proto LL channel{Lo..Hi}={0..0} comm 0x55f30eed7ed0
nccl-test-worker-1:153679:153679 [0] NCCL INFO Recv: 2048 Bytes -> Algo Unknown proto LL channel{Lo..Hi}={0..0} comm 0x55f30eed7ed0
nccl-test-worker-1:153679:153679 [0] NCCL INFO Send: 2048 Bytes -> Algo Unknown proto LL channel{Lo..Hi}={0..0} comm 0x55f30eed7ed0
nccl-test-worker-1:153679:153679 [0] NCCL INFO Recv: 2048 Bytes -> Algo Unknown proto LL channel{Lo..Hi}={0..0} comm 0x55f30eed7ed0
nccl-test-worker-1:153679:153679 [0] NCCL INFO Send: 2048 Bytes -> Algo Unknown proto LL channel{Lo..Hi}={0..0} comm 0x55f30eed7ed0
nccl-test-worker-1:153679:153679 [0] NCCL INFO Recv: 2048 Bytes -> Algo Unknown proto LL channel{Lo..Hi}={0..0} comm 0x55f30eed7ed0
nccl-test-worker-1:153679:153679 [0] NCCL INFO Send: 2048 Bytes -> Algo Unknown proto LL channel{Lo..Hi}={0..0} comm 0x55f30eed7ed0
nccl-test-worker-1:153679:153679 [0] NCCL INFO Recv: 2048 Bytes -> Algo Unknown proto LL channel{Lo..Hi}={0..0} comm 0x55f30eed7ed0
nccl-test-worker-1:153679:153679 [0] NCCL INFO Send: 2048 Bytes -> Algo Unknown proto LL channel{Lo..Hi}={0..0} comm 0x55f30eed7ed0
nccl-test-worker-1:153679:153679 [0] NCCL INFO Recv: 2048 Bytes -> Algo Unknown proto SIMPLE channel{Lo..Hi}={0..0} comm 0x55f30eed7ed0
nccl-test-worker-1:153679:153679 [0] NCCL INFO Send: 2048 Bytes -> Algo Unknown proto SIMPLE channel{Lo..Hi}={0..0} comm 0x55f30eed7ed0
nccl-test-worker-1:153679:153679 [0] NCCL INFO Recv: 2048 Bytes -> Algo Unknown proto LL channel{Lo..Hi}={0..0} comm 0x55f30eed7ed0
nccl-test-worker-1:153679:153679 [0] NCCL INFO Send: 2048 Bytes -> Algo Unknown proto LL channel{Lo..Hi}={0..0} comm 0x55f30eed7ed0
nccl-test-worker-1:153679:153679 [0] NCCL INFO Recv: 2048 Bytes -> Algo Unknown proto LL channel{Lo..Hi}={0..0} comm 0x55f30eed7ed0
nccl-test-worker-1:153679:153679 [0] NCCL INFO Send: 2048 Bytes -> Algo Unknown proto LL channel{Lo..Hi}={0..0} comm 0x55f30eed7ed0
nccl-test-worker-1:153679:153679 [0] NCCL INFO Recv: 2048 Bytes -> Algo Unknown proto LL channel{Lo..Hi}={0..0} comm 0x55f30eed7ed0
nccl-test-worker-1:153679:153679 [0] NCCL INFO Send: 2048 Bytes -> Algo Unknown proto LL channel{Lo..Hi}={0..0} comm 0x55f30eed7ed0
nccl-test-worker-1:153679:153679 [0] NCCL INFO Recv: 2048 Bytes -> Algo Unknown proto LL channel{Lo..Hi}={0..0} comm 0x55f30eed7ed0
nccl-test-worker-1:153679:153679 [0] NCCL INFO Send: 2048 Bytes -> Algo Unknown proto LL channel{Lo..Hi}={0..0} comm 0x55f30eed7ed0
nccl-test-worker-1:153679:153679 [0] NCCL INFO Recv: 2048 Bytes -> Algo Unknown proto LL channel{Lo..Hi}={0..0} comm 0x55f30eed7ed0
nccl-test-worker-1:153679:153679 [0] NCCL INFO Send: 2048 Bytes -> Algo Unknown proto LL channel{Lo..Hi}={0..0} comm 0x55f30eed7ed0
nccl-test-worker-1:153679:153679 [0] NCCL INFO Recv: 2048 Bytes -> Algo Unknown proto LL channel{Lo..Hi}={0..0} comm 0x55f30eed7ed0
nccl-test-worker-1:153679:153679 [0] NCCL INFO Send: 2048 Bytes -> Algo Unknown proto LL channel{Lo..Hi}={0..0} comm 0x55f30eed7ed0
nccl-test-worker-1:153679:153679 [0] NCCL INFO Recv: 2048 Bytes -> Algo Unknown proto LL channel{Lo..Hi}={0..0} comm 0x55f30eed7ed0
nccl-test-worker-1:153679:153679 [0] NCCL INFO Send: 2048 Bytes -> Algo Unknown proto LL channel{Lo..Hi}={0..0} comm 0x55f30eed7ed0
nccl-test-worker-1:153679:153679 [0] NCCL INFO Recv: 2048 Bytes -> Algo Unknown proto LL channel{Lo..Hi}={0..0} comm 0x55f30eed7ed0
nccl-test-worker-1:153679:153679 [0] NCCL INFO Send: 2048 Bytes -> Algo Unknown proto LL channel{Lo..Hi}={0..0} comm 0x55f30eed7ed0
nccl-test-worker-1:153679:153679 [0] NCCL INFO Recv: 2048 Bytes -> Algo Unknown proto LL channel{Lo..Hi}={0..0} comm 0x55f30eed7ed0
nccl-test-worker-1:153679:153679 [0] NCCL INFO Send: 2048 Bytes -> Algo Unknown proto LL channel{Lo..Hi}={0..0} comm 0x55f30eed7ed0
nccl-test-worker-1:153679:153679 [0] NCCL INFO Recv: 2048 Bytes -> Algo Unknown proto LL channel{Lo..Hi}={0..0} comm 0x55f30eed7ed0
nccl-test-worker-1:153679:153679 [0] NCCL INFO Send: 2048 Bytes -> Algo Unknown proto LL channel{Lo..Hi}={0..0} comm 0x55f30eed7ed0
nccl-test-worker-1:153679:153679 [0] NCCL INFO Recv: 2048 Bytes -> Algo Unknown proto LL channel{Lo..Hi}={0..0} comm 0x55f30eed7ed0
nccl-test-worker-1:153679:153679 [0] NCCL INFO Send: 2048 Bytes -> Algo Unknown proto LL channel{Lo..Hi}={0..0} comm 0x55f30eed7ed0
nccl-test-worker-1:153679:153679 [0] NCCL INFO Recv: 2048 Bytes -> Algo Unknown proto LL channel{Lo..Hi}={0..0} comm 0x55f30eed7ed0
nccl-test-worker-1:153679:153679 [0] NCCL INFO Send: 2048 Bytes -> Algo Unknown proto LL channel{Lo..Hi}={0..0} comm 0x55f30eed7ed0
nccl-test-worker-1:153679:153679 [0] NCCL INFO Recv: 2048 Bytes -> Algo Unknown proto LL channel{Lo..Hi}={0..0} comm 0x55f30eed7ed0
nccl-test-worker-1:153679:153679 [0] NCCL INFO Send: 2048 Bytes -> Algo Unknown proto LL channel{Lo..Hi}={0..0} comm 0x55f30eed7ed0
nccl-test-worker-1:153679:153679 [0] NCCL INFO Recv: 2048 Bytes -> Algo Unknown proto LL channel{Lo..Hi}={0..0} comm 0x55f30eed7ed0
nccl-test-worker-1:153679:153679 [0] NCCL INFO Send: 2048 Bytes -> Algo Unknown proto LL channel{Lo..Hi}={0..0} comm 0x55f30eed7ed0
nccl-test-worker-1:153679:153679 [0] NCCL INFO Recv: 2048 Bytes -> Algo Unknown proto LL channel{Lo..Hi}={0..0} comm 0x55f30eed7ed0
nccl-test-worker-1:153679:153679 [0] NCCL INFO Send: 2048 Bytes -> Algo Unknown proto LL channel{Lo..Hi}={0..0} comm 0x55f30eed7ed0
nccl-test-worker-1:153679:153679 [0] NCCL INFO Recv: 2048 Bytes -> Algo Unknown proto LL channel{Lo..Hi}={0..0} comm 0x55f30eed7ed0
nccl-test-worker-1:153679:153679 [0] NCCL INFO Send: 2048 Bytes -> Algo Unknown proto LL channel{Lo..Hi}={0..0} comm 0x55f30eed7ed0
nccl-test-worker-1:153679:153679 [0] NCCL INFO Recv: 2048 Bytes -> Algo Unknown proto LL channel{Lo..Hi}={0..0} comm 0x55f30eed7ed0
nccl-test-worker-1:153679:153679 [0] NCCL INFO Send: 2048 Bytes -> Algo Unknown proto LL channel{Lo..Hi}={0..0} comm 0x55f30eed7ed0
nccl-test-worker-1:153679:153679 [0] NCCL INFO Recv: 2048 Bytes -> Algo Unknown proto LL channel{Lo..Hi}={0..0} comm 0x55f30eed7ed0
nccl-test-worker-1:153679:153679 [0] NCCL INFO Send: 2048 Bytes -> Algo Unknown proto LL channel{Lo..Hi}={0..0} comm 0x55f30eed7ed0
nccl-test-worker-1:153679:153679 [0] NCCL INFO Recv: 2048 Bytes -> Algo Unknown proto LL channel{Lo..Hi}={0..0} comm 0x55f30eed7ed0
nccl-test-worker-1:153679:153679 [0] NCCL INFO Send: 2048 Bytes -> Algo Unknown proto LL channel{Lo..Hi}={0..0} comm 0x55f30eed7ed0
nccl-test-worker-1:153679:153679 [0] NCCL INFO Recv: 2048 Bytes -> Algo Unknown proto LL channel{Lo..Hi}={0..0} comm 0x55f30eed7ed0
nccl-test-worker-1:153679:153679 [0] NCCL INFO Send: 2048 Bytes -> Algo Unknown proto LL channel{Lo..Hi}={0..0} comm 0x55f30eed7ed0
nccl-test-worker-1:153679:153679 [0] NCCL INFO Recv: 2048 Bytes -> Algo Unknown proto LL channel{Lo..Hi}={0..0} comm 0x55f30eed7ed0
nccl-test-worker-1:153679:153679 [0] NCCL INFO Send: 2048 Bytes -> Algo Unknown proto LL channel{Lo..Hi}={0..0} comm 0x55f30eed7ed0
nccl-test-worker-1:153679:153679 [0] NCCL INFO Recv: 2048 Bytes -> Algo Unknown proto LL channel{Lo..Hi}={0..0} comm 0x55f30eed7ed0
nccl-test-worker-1:153679:153679 [0] NCCL INFO Send: 2048 Bytes -> Algo Unknown proto LL channel{Lo..Hi}={0..0} comm 0x55f30eed7ed0
nccl-test-worker-1:153679:153679 [0] NCCL INFO Recv: 2048 Bytes -> Algo Unknown proto LL channel{Lo..Hi}={0..0} comm 0x55f30eed7ed0
nccl-test-worker-1:153679:153679 [0] NCCL INFO Send: 2048 Bytes -> Algo Unknown proto LL channel{Lo..Hi}={0..0} comm 0x55f30eed7ed0
nccl-test-worker-1:153679:153679 [0] NCCL INFO Recv: 2048 Bytes -> Algo Unknown proto LL channel{Lo..Hi}={0..0} comm 0x55f30eed7ed0
nccl-test-worker-1:153679:153679 [0] NCCL INFO Send: 2048 Bytes -> Algo Unknown proto LL channel{Lo..Hi}={0..0} comm 0x55f30eed7ed0
nccl-test-worker-1:153679:153679 [0] NCCL INFO Recv: 2048 Bytes -> Algo Unknown proto LL channel{Lo..Hi}={0..0} comm 0x55f30eed7ed0
nccl-test-worker-1:153679:153679 [0] NCCL INFO Send: 2048 Bytes -> Algo Unknown proto LL channel{Lo..Hi}={0..0} comm 0x55f30eed7ed0
nccl-test-worker-1:153679:153679 [0] NCCL INFO Recv: 2048 Bytes -> Algo Unknown proto LL channel{Lo..Hi}={0..0} comm 0x55f30eed7ed0
nccl-test-worker-1:153679:153679 [0] NCCL INFO Send: 2048 Bytes -> Algo Unknown proto LL channel{Lo..Hi}={0..0} comm 0x55f30eed7ed0
nccl-test-worker-1:153679:153679 [0] NCCL INFO Recv: 2048 Bytes -> Algo Unknown proto LL channel{Lo..Hi}={0..0} comm 0x55f30eed7ed0
nccl-test-worker-1:153679:153679 [0] NCCL INFO Send: 2048 Bytes -> Algo Unknown proto LL channel{Lo..Hi}={0..0} comm 0x55f30eed7ed0
nccl-test-worker-1:153679:153679 [0] NCCL INFO Recv: 2048 Bytes -> Algo Unknown proto LL channel{Lo..Hi}={0..0} comm 0x55f30eed7ed0
nccl-test-worker-1:153679:153679 [0] NCCL INFO Send: 2048 Bytes -> Algo Unknown proto LL channel{Lo..Hi}={0..0} comm 0x55f30eed7ed0
nccl-test-worker-1:153679:153679 [0] NCCL INFO Recv: 4096 Bytes -> Algo Unknown proto SIMPLE channel{Lo..Hi}={0..0} comm 0x55f30eed7ed0
nccl-test-worker-1:153679:153679 [0] NCCL INFO Send: 4096 Bytes -> Algo Unknown proto SIMPLE channel{Lo..Hi}={0..0} comm 0x55f30eed7ed0
nccl-test-worker-1:153679:153679 [0] NCCL INFO Recv: 4096 Bytes -> Algo Unknown proto LL channel{Lo..Hi}={0..0} comm 0x55f30eed7ed0
nccl-test-worker-1:153679:153679 [0] NCCL INFO Send: 4096 Bytes -> Algo Unknown proto LL channel{Lo..Hi}={0..0} comm 0x55f30eed7ed0
nccl-test-worker-1:153679:153679 [0] NCCL INFO Recv: 4096 Bytes -> Algo Unknown proto LL channel{Lo..Hi}={0..0} comm 0x55f30eed7ed0
nccl-test-worker-1:153679:153679 [0] NCCL INFO Send: 4096 Bytes -> Algo Unknown proto LL channel{Lo..Hi}={0..0} comm 0x55f30eed7ed0
nccl-test-worker-1:153679:153679 [0] NCCL INFO Recv: 4096 Bytes -> Algo Unknown proto LL channel{Lo..Hi}={0..0} comm 0x55f30eed7ed0
nccl-test-worker-1:153679:153679 [0] NCCL INFO Send: 4096 Bytes -> Algo Unknown proto LL channel{Lo..Hi}={0..0} comm 0x55f30eed7ed0
nccl-test-worker-1:153679:153679 [0] NCCL INFO Recv: 4096 Bytes -> Algo Unknown proto LL channel{Lo..Hi}={0..0} comm 0x55f30eed7ed0
nccl-test-worker-1:153679:153679 [0] NCCL INFO Send: 4096 Bytes -> Algo Unknown proto LL channel{Lo..Hi}={0..0} comm 0x55f30eed7ed0
nccl-test-worker-1:153679:153679 [0] NCCL INFO Recv: 4096 Bytes -> Algo Unknown proto LL channel{Lo..Hi}={0..0} comm 0x55f30eed7ed0
nccl-test-worker-1:153679:153679 [0] NCCL INFO Send: 4096 Bytes -> Algo Unknown proto LL channel{Lo..Hi}={0..0} comm 0x55f30eed7ed0
nccl-test-worker-1:153679:153679 [0] NCCL INFO Recv: 4096 Bytes -> Algo Unknown proto LL channel{Lo..Hi}={0..0} comm 0x55f30eed7ed0
nccl-test-worker-1:153679:153679 [0] NCCL INFO Send: 4096 Bytes -> Algo Unknown proto LL channel{Lo..Hi}={0..0} comm 0x55f30eed7ed0
nccl-test-worker-1:153679:153679 [0] NCCL INFO Recv: 4096 Bytes -> Algo Unknown proto LL channel{Lo..Hi}={0..0} comm 0x55f30eed7ed0
nccl-test-worker-1:153679:153679 [0] NCCL INFO Send: 4096 Bytes -> Algo Unknown proto LL channel{Lo..Hi}={0..0} comm 0x55f30eed7ed0
nccl-test-worker-1:153679:153679 [0] NCCL INFO Recv: 4096 Bytes -> Algo Unknown proto SIMPLE channel{Lo..Hi}={0..0} comm 0x55f30eed7ed0
nccl-test-worker-1:153679:153679 [0] NCCL INFO Send: 4096 Bytes -> Algo Unknown proto SIMPLE channel{Lo..Hi}={0..0} comm 0x55f30eed7ed0
nccl-test-worker-1:153679:153679 [0] NCCL INFO Recv: 4096 Bytes -> Algo Unknown proto LL channel{Lo..Hi}={0..0} comm 0x55f30eed7ed0
nccl-test-worker-1:153679:153679 [0] NCCL INFO Send: 4096 Bytes -> Algo Unknown proto LL channel{Lo..Hi}={0..0} comm 0x55f30eed7ed0
nccl-test-worker-1:153679:153679 [0] NCCL INFO Recv: 4096 Bytes -> Algo Unknown proto LL channel{Lo..Hi}={0..0} comm 0x55f30eed7ed0
nccl-test-worker-1:153679:153679 [0] NCCL INFO Send: 4096 Bytes -> Algo Unknown proto LL channel{Lo..Hi}={0..0} comm 0x55f30eed7ed0
nccl-test-worker-1:153679:153679 [0] NCCL INFO Recv: 4096 Bytes -> Algo Unknown proto LL channel{Lo..Hi}={0..0} comm 0x55f30eed7ed0
nccl-test-worker-1:153679:153679 [0] NCCL INFO Send: 4096 Bytes -> Algo Unknown proto LL channel{Lo..Hi}={0..0} comm 0x55f30eed7ed0
nccl-test-worker-1:153679:153679 [0] NCCL INFO Recv: 4096 Bytes -> Algo Unknown proto LL channel{Lo..Hi}={0..0} comm 0x55f30eed7ed0
nccl-test-worker-1:153679:153679 [0] NCCL INFO Send: 4096 Bytes -> Algo Unknown proto LL channel{Lo..Hi}={0..0} comm 0x55f30eed7ed0
nccl-test-worker-1:153679:153679 [0] NCCL INFO Recv: 4096 Bytes -> Algo Unknown proto LL channel{Lo..Hi}={0..0} comm 0x55f30eed7ed0
nccl-test-worker-1:153679:153679 [0] NCCL INFO Send: 4096 Bytes -> Algo Unknown proto LL channel{Lo..Hi}={0..0} comm 0x55f30eed7ed0
nccl-test-worker-1:153679:153679 [0] NCCL INFO Recv: 4096 Bytes -> Algo Unknown proto LL channel{Lo..Hi}={0..0} comm 0x55f30eed7ed0
nccl-test-worker-1:153679:153679 [0] NCCL INFO Send: 4096 Bytes -> Algo Unknown proto LL channel{Lo..Hi}={0..0} comm 0x55f30eed7ed0
nccl-test-worker-1:153679:153679 [0] NCCL INFO Recv: 4096 Bytes -> Algo Unknown proto LL channel{Lo..Hi}={0..0} comm 0x55f30eed7ed0
nccl-test-worker-1:153679:153679 [0] NCCL INFO Send: 4096 Bytes -> Algo Unknown proto LL channel{Lo..Hi}={0..0} comm 0x55f30eed7ed0
nccl-test-worker-1:153679:153679 [0] NCCL INFO Recv: 4096 Bytes -> Algo Unknown proto SIMPLE channel{Lo..Hi}={0..0} comm 0x55f30eed7ed0
nccl-test-worker-1:153679:153679 [0] NCCL INFO Send: 4096 Bytes -> Algo Unknown proto SIMPLE channel{Lo..Hi}={0..0} comm 0x55f30eed7ed0
nccl-test-worker-1:153679:153679 [0] NCCL INFO Recv: 4096 Bytes -> Algo Unknown proto LL channel{Lo..Hi}={0..0} comm 0x55f30eed7ed0
nccl-test-worker-1:153679:153679 [0] NCCL INFO Send: 4096 Bytes -> Algo Unknown proto LL channel{Lo..Hi}={0..0} comm 0x55f30eed7ed0
nccl-test-worker-1:153679:153679 [0] NCCL INFO Recv: 4096 Bytes -> Algo Unknown proto LL channel{Lo..Hi}={0..0} comm 0x55f30eed7ed0
nccl-test-worker-1:153679:153679 [0] NCCL INFO Send: 4096 Bytes -> Algo Unknown proto LL channel{Lo..Hi}={0..0} comm 0x55f30eed7ed0
nccl-test-worker-1:153679:153679 [0] NCCL INFO Recv: 4096 Bytes -> Algo Unknown proto LL channel{Lo..Hi}={0..0} comm 0x55f30eed7ed0
nccl-test-worker-1:153679:153679 [0] NCCL INFO Send: 4096 Bytes -> Algo Unknown proto LL channel{Lo..Hi}={0..0} comm 0x55f30eed7ed0
nccl-test-worker-1:153679:153679 [0] NCCL INFO Recv: 4096 Bytes -> Algo Unknown proto LL channel{Lo..Hi}={0..0} comm 0x55f30eed7ed0
nccl-test-worker-1:153679:153679 [0] NCCL INFO Send: 4096 Bytes -> Algo Unknown proto LL channel{Lo..Hi}={0..0} comm 0x55f30eed7ed0
nccl-test-worker-1:153679:153679 [0] NCCL INFO Recv: 4096 Bytes -> Algo Unknown proto LL channel{Lo..Hi}={0..0} comm 0x55f30eed7ed0
nccl-test-worker-1:153679:153679 [0] NCCL INFO Send: 4096 Bytes -> Algo Unknown proto LL channel{Lo..Hi}={0..0} comm 0x55f30eed7ed0
nccl-test-worker-1:153679:153679 [0] NCCL INFO Recv: 4096 Bytes -> Algo Unknown proto LL channel{Lo..Hi}={0..0} comm 0x55f30eed7ed0
nccl-test-worker-1:153679:153679 [0] NCCL INFO Send: 4096 Bytes -> Algo Unknown proto LL channel{Lo..Hi}={0..0} comm 0x55f30eed7ed0
nccl-test-worker-1:153679:153679 [0] NCCL INFO Recv: 4096 Bytes -> Algo Unknown proto LL channel{Lo..Hi}={0..0} comm 0x55f30eed7ed0
nccl-test-worker-1:153679:153679 [0] NCCL INFO Send: 4096 Bytes -> Algo Unknown proto LL channel{Lo..Hi}={0..0} comm 0x55f30eed7ed0
nccl-test-worker-1:153679:153679 [0] NCCL INFO Recv: 4096 Bytes -> Algo Unknown proto LL channel{Lo..Hi}={0..0} comm 0x55f30eed7ed0
nccl-test-worker-1:153679:153679 [0] NCCL INFO Send: 4096 Bytes -> Algo Unknown proto LL channel{Lo..Hi}={0..0} comm 0x55f30eed7ed0
nccl-test-worker-1:153679:153679 [0] NCCL INFO Recv: 4096 Bytes -> Algo Unknown proto LL channel{Lo..Hi}={0..0} comm 0x55f30eed7ed0
nccl-test-worker-1:153679:153679 [0] NCCL INFO Send: 4096 Bytes -> Algo Unknown proto LL channel{Lo..Hi}={0..0} comm 0x55f30eed7ed0
nccl-test-worker-1:153679:153679 [0] NCCL INFO Recv: 4096 Bytes -> Algo Unknown proto LL channel{Lo..Hi}={0..0} comm 0x55f30eed7ed0
nccl-test-worker-1:153679:153679 [0] NCCL INFO Send: 4096 Bytes -> Algo Unknown proto LL channel{Lo..Hi}={0..0} comm 0x55f30eed7ed0
nccl-test-worker-1:153679:153679 [0] NCCL INFO Recv: 4096 Bytes -> Algo Unknown proto LL channel{Lo..Hi}={0..0} comm 0x55f30eed7ed0
nccl-test-worker-1:153679:153679 [0] NCCL INFO Send: 4096 Bytes -> Algo Unknown proto LL channel{Lo..Hi}={0..0} comm 0x55f30eed7ed0
nccl-test-worker-1:153679:153679 [0] NCCL INFO Recv: 4096 Bytes -> Algo Unknown proto LL channel{Lo..Hi}={0..0} comm 0x55f30eed7ed0
nccl-test-worker-1:153679:153679 [0] NCCL INFO Send: 4096 Bytes -> Algo Unknown proto LL channel{Lo..Hi}={0..0} comm 0x55f30eed7ed0
nccl-test-worker-1:153679:153679 [0] NCCL INFO Recv: 4096 Bytes -> Algo Unknown proto LL channel{Lo..Hi}={0..0} comm 0x55f30eed7ed0
nccl-test-worker-1:153679:153679 [0] NCCL INFO Send: 4096 Bytes -> Algo Unknown proto LL channel{Lo..Hi}={0..0} comm 0x55f30eed7ed0
nccl-test-worker-1:153679:153679 [0] NCCL INFO Recv: 4096 Bytes -> Algo Unknown proto LL channel{Lo..Hi}={0..0} comm 0x55f30eed7ed0
nccl-test-worker-1:153679:153679 [0] NCCL INFO Send: 4096 Bytes -> Algo Unknown proto LL channel{Lo..Hi}={0..0} comm 0x55f30eed7ed0
nccl-test-worker-1:153679:153679 [0] NCCL INFO Recv: 4096 Bytes -> Algo Unknown proto LL channel{Lo..Hi}={0..0} comm 0x55f30eed7ed0
nccl-test-worker-1:153679:153679 [0] NCCL INFO Send: 4096 Bytes -> Algo Unknown proto LL channel{Lo..Hi}={0..0} comm 0x55f30eed7ed0
nccl-test-worker-1:153679:153679 [0] NCCL INFO Recv: 4096 Bytes -> Algo Unknown proto LL channel{Lo..Hi}={0..0} comm 0x55f30eed7ed0
nccl-test-worker-1:153679:153679 [0] NCCL INFO Send: 4096 Bytes -> Algo Unknown proto LL channel{Lo..Hi}={0..0} comm 0x55f30eed7ed0
nccl-test-worker-1:153679:153679 [0] NCCL INFO Recv: 4096 Bytes -> Algo Unknown proto LL channel{Lo..Hi}={0..0} comm 0x55f30eed7ed0
nccl-test-worker-1:153679:153679 [0] NCCL INFO Send: 4096 Bytes -> Algo Unknown proto LL channel{Lo..Hi}={0..0} comm 0x55f30eed7ed0
nccl-test-worker-1:153679:153679 [0] NCCL INFO Recv: 4096 Bytes -> Algo Unknown proto LL channel{Lo..Hi}={0..0} comm 0x55f30eed7ed0
nccl-test-worker-1:153679:153679 [0] NCCL INFO Send: 4096 Bytes -> Algo Unknown proto LL channel{Lo..Hi}={0..0} comm 0x55f30eed7ed0
nccl-test-worker-1:153679:153679 [0] NCCL INFO Recv: 4096 Bytes -> Algo Unknown proto LL channel{Lo..Hi}={0..0} comm 0x55f30eed7ed0
nccl-test-worker-1:153679:153679 [0] NCCL INFO Send: 4096 Bytes -> Algo Unknown proto LL channel{Lo..Hi}={0..0} comm 0x55f30eed7ed0
nccl-test-worker-1:153679:153679 [0] NCCL INFO Recv: 4096 Bytes -> Algo Unknown proto LL channel{Lo..Hi}={0..0} comm 0x55f30eed7ed0
nccl-test-worker-1:153679:153679 [0] NCCL INFO Send: 4096 Bytes -> Algo Unknown proto LL channel{Lo..Hi}={0..0} comm 0x55f30eed7ed0
nccl-test-worker-1:153679:153679 [0] NCCL INFO Recv: 4096 Bytes -> Algo Unknown proto LL channel{Lo..Hi}={0..0} comm 0x55f30eed7ed0
nccl-test-worker-1:153679:153679 [0] NCCL INFO Send: 4096 Bytes -> Algo Unknown proto LL channel{Lo..Hi}={0..0} comm 0x55f30eed7ed0
nccl-test-worker-1:153679:153679 [0] NCCL INFO Recv: 4096 Bytes -> Algo Unknown proto LL channel{Lo..Hi}={0..0} comm 0x55f30eed7ed0
nccl-test-worker-1:153679:153679 [0] NCCL INFO Send: 4096 Bytes -> Algo Unknown proto LL channel{Lo..Hi}={0..0} comm 0x55f30eed7ed0
nccl-test-worker-1:153679:153679 [0] NCCL INFO Recv: 4096 Bytes -> Algo Unknown proto LL channel{Lo..Hi}={0..0} comm 0x55f30eed7ed0
nccl-test-worker-1:153679:153679 [0] NCCL INFO Send: 4096 Bytes -> Algo Unknown proto LL channel{Lo..Hi}={0..0} comm 0x55f30eed7ed0
nccl-test-worker-1:153679:153679 [0] NCCL INFO Recv: 4096 Bytes -> Algo Unknown proto LL channel{Lo..Hi}={0..0} comm 0x55f30eed7ed0
nccl-test-worker-1:153679:153679 [0] NCCL INFO Send: 4096 Bytes -> Algo Unknown proto LL channel{Lo..Hi}={0..0} comm 0x55f30eed7ed0
nccl-test-worker-1:153679:153679 [0] NCCL INFO Recv: 4096 Bytes -> Algo Unknown proto LL channel{Lo..Hi}={0..0} comm 0x55f30eed7ed0
nccl-test-worker-1:153679:153679 [0] NCCL INFO Send: 4096 Bytes -> Algo Unknown proto LL channel{Lo..Hi}={0..0} comm 0x55f30eed7ed0
nccl-test-worker-1:153679:153679 [0] NCCL INFO Recv: 4096 Bytes -> Algo Unknown proto LL channel{Lo..Hi}={0..0} comm 0x55f30eed7ed0
nccl-test-worker-1:153679:153679 [0] NCCL INFO Send: 4096 Bytes -> Algo Unknown proto LL channel{Lo..Hi}={0..0} comm 0x55f30eed7ed0
nccl-test-worker-1:153679:153679 [0] NCCL INFO Recv: 4096 Bytes -> Algo Unknown proto LL channel{Lo..Hi}={0..0} comm 0x55f30eed7ed0
nccl-test-worker-1:153679:153679 [0] NCCL INFO Send: 4096 Bytes -> Algo Unknown proto LL channel{Lo..Hi}={0..0} comm 0x55f30eed7ed0
nccl-test-worker-1:153679:153679 [0] NCCL INFO Recv: 4096 Bytes -> Algo Unknown proto LL channel{Lo..Hi}={0..0} comm 0x55f30eed7ed0
nccl-test-worker-1:153679:153679 [0] NCCL INFO Send: 4096 Bytes -> Algo Unknown proto LL channel{Lo..Hi}={0..0} comm 0x55f30eed7ed0
nccl-test-worker-1:153679:153679 [0] NCCL INFO Recv: 8192 Bytes -> Algo Unknown proto SIMPLE channel{Lo..Hi}={0..0} comm 0x55f30eed7ed0
nccl-test-worker-1:153679:153679 [0] NCCL INFO Send: 8192 Bytes -> Algo Unknown proto SIMPLE channel{Lo..Hi}={0..0} comm 0x55f30eed7ed0
nccl-test-worker-1:153679:153679 [0] NCCL INFO Recv: 8192 Bytes -> Algo Unknown proto LL channel{Lo..Hi}={0..0} comm 0x55f30eed7ed0
nccl-test-worker-1:153679:153679 [0] NCCL INFO Send: 8192 Bytes -> Algo Unknown proto LL channel{Lo..Hi}={0..0} comm 0x55f30eed7ed0
nccl-test-worker-1:153679:153679 [0] NCCL INFO Recv: 8192 Bytes -> Algo Unknown proto LL channel{Lo..Hi}={0..0} comm 0x55f30eed7ed0
nccl-test-worker-1:153679:153679 [0] NCCL INFO Send: 8192 Bytes -> Algo Unknown proto LL channel{Lo..Hi}={0..0} comm 0x55f30eed7ed0
nccl-test-worker-1:153679:153679 [0] NCCL INFO Recv: 8192 Bytes -> Algo Unknown proto LL channel{Lo..Hi}={0..0} comm 0x55f30eed7ed0
nccl-test-worker-1:153679:153679 [0] NCCL INFO Send: 8192 Bytes -> Algo Unknown proto LL channel{Lo..Hi}={0..0} comm 0x55f30eed7ed0
nccl-test-worker-1:153679:153679 [0] NCCL INFO Recv: 8192 Bytes -> Algo Unknown proto LL channel{Lo..Hi}={0..0} comm 0x55f30eed7ed0
nccl-test-worker-1:153679:153679 [0] NCCL INFO Send: 8192 Bytes -> Algo Unknown proto LL channel{Lo..Hi}={0..0} comm 0x55f30eed7ed0
nccl-test-worker-1:153679:153679 [0] NCCL INFO Recv: 8192 Bytes -> Algo Unknown proto LL channel{Lo..Hi}={0..0} comm 0x55f30eed7ed0
nccl-test-worker-1:153679:153679 [0] NCCL INFO Send: 8192 Bytes -> Algo Unknown proto LL channel{Lo..Hi}={0..0} comm 0x55f30eed7ed0
nccl-test-worker-1:153679:153679 [0] NCCL INFO Recv: 8192 Bytes -> Algo Unknown proto LL channel{Lo..Hi}={0..0} comm 0x55f30eed7ed0
nccl-test-worker-1:153679:153679 [0] NCCL INFO Send: 8192 Bytes -> Algo Unknown proto LL channel{Lo..Hi}={0..0} comm 0x55f30eed7ed0
nccl-test-worker-1:153679:153679 [0] NCCL INFO Recv: 8192 Bytes -> Algo Unknown proto LL channel{Lo..Hi}={0..0} comm 0x55f30eed7ed0
nccl-test-worker-1:153679:153679 [0] NCCL INFO Send: 8192 Bytes -> Algo Unknown proto LL channel{Lo..Hi}={0..0} comm 0x55f30eed7ed0
nccl-test-worker-1:153679:153679 [0] NCCL INFO Recv: 8192 Bytes -> Algo Unknown proto SIMPLE channel{Lo..Hi}={0..0} comm 0x55f30eed7ed0
nccl-test-worker-1:153679:153679 [0] NCCL INFO Send: 8192 Bytes -> Algo Unknown proto SIMPLE channel{Lo..Hi}={0..0} comm 0x55f30eed7ed0
nccl-test-worker-1:153679:153679 [0] NCCL INFO Recv: 8192 Bytes -> Algo Unknown proto LL channel{Lo..Hi}={0..0} comm 0x55f30eed7ed0
nccl-test-worker-1:153679:153679 [0] NCCL INFO Send: 8192 Bytes -> Algo Unknown proto LL channel{Lo..Hi}={0..0} comm 0x55f30eed7ed0
nccl-test-worker-1:153679:153679 [0] NCCL INFO Recv: 8192 Bytes -> Algo Unknown proto LL channel{Lo..Hi}={0..0} comm 0x55f30eed7ed0
nccl-test-worker-1:153679:153679 [0] NCCL INFO Send: 8192 Bytes -> Algo Unknown proto LL channel{Lo..Hi}={0..0} comm 0x55f30eed7ed0
nccl-test-worker-1:153679:153679 [0] NCCL INFO Recv: 8192 Bytes -> Algo Unknown proto LL channel{Lo..Hi}={0..0} comm 0x55f30eed7ed0
nccl-test-worker-1:153679:153679 [0] NCCL INFO Send: 8192 Bytes -> Algo Unknown proto LL channel{Lo..Hi}={0..0} comm 0x55f30eed7ed0
nccl-test-worker-1:153679:153679 [0] NCCL INFO Recv: 8192 Bytes -> Algo Unknown proto LL channel{Lo..Hi}={0..0} comm 0x55f30eed7ed0
nccl-test-worker-1:153679:153679 [0] NCCL INFO Send: 8192 Bytes -> Algo Unknown proto LL channel{Lo..Hi}={0..0} comm 0x55f30eed7ed0
nccl-test-worker-1:153679:153679 [0] NCCL INFO Recv: 8192 Bytes -> Algo Unknown proto LL channel{Lo..Hi}={0..0} comm 0x55f30eed7ed0
nccl-test-worker-1:153679:153679 [0] NCCL INFO Send: 8192 Bytes -> Algo Unknown proto LL channel{Lo..Hi}={0..0} comm 0x55f30eed7ed0
nccl-test-worker-1:153679:153679 [0] NCCL INFO Recv: 8192 Bytes -> Algo Unknown proto LL channel{Lo..Hi}={0..0} comm 0x55f30eed7ed0
nccl-test-worker-1:153679:153679 [0] NCCL INFO Send: 8192 Bytes -> Algo Unknown proto LL channel{Lo..Hi}={0..0} comm 0x55f30eed7ed0
nccl-test-worker-1:153679:153679 [0] NCCL INFO Recv: 8192 Bytes -> Algo Unknown proto LL channel{Lo..Hi}={0..0} comm 0x55f30eed7ed0
nccl-test-worker-1:153679:153679 [0] NCCL INFO Send: 8192 Bytes -> Algo Unknown proto LL channel{Lo..Hi}={0..0} comm 0x55f30eed7ed0
nccl-test-worker-1:153679:153679 [0] NCCL INFO Recv: 8192 Bytes -> Algo Unknown proto SIMPLE channel{Lo..Hi}={0..0} comm 0x55f30eed7ed0
nccl-test-worker-1:153679:153679 [0] NCCL INFO Send: 8192 Bytes -> Algo Unknown proto SIMPLE channel{Lo..Hi}={0..0} comm 0x55f30eed7ed0
nccl-test-worker-1:153679:153679 [0] NCCL INFO Recv: 8192 Bytes -> Algo Unknown proto LL channel{Lo..Hi}={0..0} comm 0x55f30eed7ed0
nccl-test-worker-1:153679:153679 [0] NCCL INFO Send: 8192 Bytes -> Algo Unknown proto LL channel{Lo..Hi}={0..0} comm 0x55f30eed7ed0
nccl-test-worker-1:153679:153679 [0] NCCL INFO Recv: 8192 Bytes -> Algo Unknown proto LL channel{Lo..Hi}={0..0} comm 0x55f30eed7ed0
nccl-test-worker-1:153679:153679 [0] NCCL INFO Send: 8192 Bytes -> Algo Unknown proto LL channel{Lo..Hi}={0..0} comm 0x55f30eed7ed0
nccl-test-worker-1:153679:153679 [0] NCCL INFO Recv: 8192 Bytes -> Algo Unknown proto LL channel{Lo..Hi}={0..0} comm 0x55f30eed7ed0
nccl-test-worker-1:153679:153679 [0] NCCL INFO Send: 8192 Bytes -> Algo Unknown proto LL channel{Lo..Hi}={0..0} comm 0x55f30eed7ed0
nccl-test-worker-1:153679:153679 [0] NCCL INFO Recv: 8192 Bytes -> Algo Unknown proto LL channel{Lo..Hi}={0..0} comm 0x55f30eed7ed0
nccl-test-worker-1:153679:153679 [0] NCCL INFO Send: 8192 Bytes -> Algo Unknown proto LL channel{Lo..Hi}={0..0} comm 0x55f30eed7ed0
nccl-test-worker-1:153679:153679 [0] NCCL INFO Recv: 8192 Bytes -> Algo Unknown proto LL channel{Lo..Hi}={0..0} comm 0x55f30eed7ed0
nccl-test-worker-1:153679:153679 [0] NCCL INFO Send: 8192 Bytes -> Algo Unknown proto LL channel{Lo..Hi}={0..0} comm 0x55f30eed7ed0
nccl-test-worker-1:153679:153679 [0] NCCL INFO Recv: 8192 Bytes -> Algo Unknown proto LL channel{Lo..Hi}={0..0} comm 0x55f30eed7ed0
nccl-test-worker-1:153679:153679 [0] NCCL INFO Send: 8192 Bytes -> Algo Unknown proto LL channel{Lo..Hi}={0..0} comm 0x55f30eed7ed0
nccl-test-worker-1:153679:153679 [0] NCCL INFO Recv: 8192 Bytes -> Algo Unknown proto LL channel{Lo..Hi}={0..0} comm 0x55f30eed7ed0
nccl-test-worker-1:153679:153679 [0] NCCL INFO Send: 8192 Bytes -> Algo Unknown proto LL channel{Lo..Hi}={0..0} comm 0x55f30eed7ed0
nccl-test-worker-1:153679:153679 [0] NCCL INFO Recv: 8192 Bytes -> Algo Unknown proto LL channel{Lo..Hi}={0..0} comm 0x55f30eed7ed0
nccl-test-worker-1:153679:153679 [0] NCCL INFO Send: 8192 Bytes -> Algo Unknown proto LL channel{Lo..Hi}={0..0} comm 0x55f30eed7ed0
nccl-test-worker-1:153679:153679 [0] NCCL INFO Recv: 8192 Bytes -> Algo Unknown proto LL channel{Lo..Hi}={0..0} comm 0x55f30eed7ed0
nccl-test-worker-1:153679:153679 [0] NCCL INFO Send: 8192 Bytes -> Algo Unknown proto LL channel{Lo..Hi}={0..0} comm 0x55f30eed7ed0
nccl-test-worker-1:153679:153679 [0] NCCL INFO Recv: 8192 Bytes -> Algo Unknown proto LL channel{Lo..Hi}={0..0} comm 0x55f30eed7ed0
nccl-test-worker-1:153679:153679 [0] NCCL INFO Send: 8192 Bytes -> Algo Unknown proto LL channel{Lo..Hi}={0..0} comm 0x55f30eed7ed0
nccl-test-worker-1:153679:153679 [0] NCCL INFO Recv: 8192 Bytes -> Algo Unknown proto LL channel{Lo..Hi}={0..0} comm 0x55f30eed7ed0
nccl-test-worker-1:153679:153679 [0] NCCL INFO Send: 8192 Bytes -> Algo Unknown proto LL channel{Lo..Hi}={0..0} comm 0x55f30eed7ed0
nccl-test-worker-1:153679:153679 [0] NCCL INFO Recv: 8192 Bytes -> Algo Unknown proto LL channel{Lo..Hi}={0..0} comm 0x55f30eed7ed0
nccl-test-worker-1:153679:153679 [0] NCCL INFO Send: 8192 Bytes -> Algo Unknown proto LL channel{Lo..Hi}={0..0} comm 0x55f30eed7ed0
nccl-test-worker-1:153679:153679 [0] NCCL INFO Recv: 8192 Bytes -> Algo Unknown proto LL channel{Lo..Hi}={0..0} comm 0x55f30eed7ed0
nccl-test-worker-1:153679:153679 [0] NCCL INFO Send: 8192 Bytes -> Algo Unknown proto LL channel{Lo..Hi}={0..0} comm 0x55f30eed7ed0
nccl-test-worker-1:153679:153679 [0] NCCL INFO Recv: 8192 Bytes -> Algo Unknown proto LL channel{Lo..Hi}={0..0} comm 0x55f30eed7ed0
nccl-test-worker-1:153679:153679 [0] NCCL INFO Send: 8192 Bytes -> Algo Unknown proto LL channel{Lo..Hi}={0..0} comm 0x55f30eed7ed0
nccl-test-worker-1:153679:153679 [0] NCCL INFO Recv: 8192 Bytes -> Algo Unknown proto LL channel{Lo..Hi}={0..0} comm 0x55f30eed7ed0
nccl-test-worker-1:153679:153679 [0] NCCL INFO Send: 8192 Bytes -> Algo Unknown proto LL channel{Lo..Hi}={0..0} comm 0x55f30eed7ed0
nccl-test-worker-1:153679:153679 [0] NCCL INFO Recv: 8192 Bytes -> Algo Unknown proto LL channel{Lo..Hi}={0..0} comm 0x55f30eed7ed0
nccl-test-worker-1:153679:153679 [0] NCCL INFO Send: 8192 Bytes -> Algo Unknown proto LL channel{Lo..Hi}={0..0} comm 0x55f30eed7ed0
nccl-test-worker-1:153679:153679 [0] NCCL INFO Recv: 8192 Bytes -> Algo Unknown proto LL channel{Lo..Hi}={0..0} comm 0x55f30eed7ed0
nccl-test-worker-1:153679:153679 [0] NCCL INFO Send: 8192 Bytes -> Algo Unknown proto LL channel{Lo..Hi}={0..0} comm 0x55f30eed7ed0
nccl-test-worker-1:153679:153679 [0] NCCL INFO Recv: 8192 Bytes -> Algo Unknown proto LL channel{Lo..Hi}={0..0} comm 0x55f30eed7ed0
nccl-test-worker-1:153679:153679 [0] NCCL INFO Send: 8192 Bytes -> Algo Unknown proto LL channel{Lo..Hi}={0..0} comm 0x55f30eed7ed0
nccl-test-worker-1:153679:153679 [0] NCCL INFO Recv: 8192 Bytes -> Algo Unknown proto LL channel{Lo..Hi}={0..0} comm 0x55f30eed7ed0
nccl-test-worker-1:153679:153679 [0] NCCL INFO Send: 8192 Bytes -> Algo Unknown proto LL channel{Lo..Hi}={0..0} comm 0x55f30eed7ed0
nccl-test-worker-1:153679:153679 [0] NCCL INFO Recv: 8192 Bytes -> Algo Unknown proto LL channel{Lo..Hi}={0..0} comm 0x55f30eed7ed0
nccl-test-worker-1:153679:153679 [0] NCCL INFO Send: 8192 Bytes -> Algo Unknown proto LL channel{Lo..Hi}={0..0} comm 0x55f30eed7ed0
nccl-test-worker-1:153679:153679 [0] NCCL INFO Recv: 8192 Bytes -> Algo Unknown proto LL channel{Lo..Hi}={0..0} comm 0x55f30eed7ed0
nccl-test-worker-1:153679:153679 [0] NCCL INFO Send: 8192 Bytes -> Algo Unknown proto LL channel{Lo..Hi}={0..0} comm 0x55f30eed7ed0
nccl-test-worker-1:153679:153679 [0] NCCL INFO Recv: 8192 Bytes -> Algo Unknown proto LL channel{Lo..Hi}={0..0} comm 0x55f30eed7ed0
nccl-test-worker-1:153679:153679 [0] NCCL INFO Send: 8192 Bytes -> Algo Unknown proto LL channel{Lo..Hi}={0..0} comm 0x55f30eed7ed0
nccl-test-worker-1:153679:153679 [0] NCCL INFO Recv: 8192 Bytes -> Algo Unknown proto LL channel{Lo..Hi}={0..0} comm 0x55f30eed7ed0
nccl-test-worker-1:153679:153679 [0] NCCL INFO Send: 8192 Bytes -> Algo Unknown proto LL channel{Lo..Hi}={0..0} comm 0x55f30eed7ed0
nccl-test-worker-1:153679:153679 [0] NCCL INFO Recv: 8192 Bytes -> Algo Unknown proto LL channel{Lo..Hi}={0..0} comm 0x55f30eed7ed0
nccl-test-worker-1:153679:153679 [0] NCCL INFO Send: 8192 Bytes -> Algo Unknown proto LL channel{Lo..Hi}={0..0} comm 0x55f30eed7ed0
nccl-test-worker-1:153679:153679 [0] NCCL INFO Recv: 8192 Bytes -> Algo Unknown proto LL channel{Lo..Hi}={0..0} comm 0x55f30eed7ed0
nccl-test-worker-1:153679:153679 [0] NCCL INFO Send: 8192 Bytes -> Algo Unknown proto LL channel{Lo..Hi}={0..0} comm 0x55f30eed7ed0
nccl-test-worker-1:153679:153679 [0] NCCL INFO Recv: 8192 Bytes -> Algo Unknown proto LL channel{Lo..Hi}={0..0} comm 0x55f30eed7ed0
nccl-test-worker-1:153679:153679 [0] NCCL INFO Send: 8192 Bytes -> Algo Unknown proto LL channel{Lo..Hi}={0..0} comm 0x55f30eed7ed0
nccl-test-worker-1:153679:153679 [0] NCCL INFO Recv: 8192 Bytes -> Algo Unknown proto LL channel{Lo..Hi}={0..0} comm 0x55f30eed7ed0
nccl-test-worker-1:153679:153679 [0] NCCL INFO Send: 8192 Bytes -> Algo Unknown proto LL channel{Lo..Hi}={0..0} comm 0x55f30eed7ed0
nccl-test-worker-1:153679:153679 [0] NCCL INFO Recv: 8192 Bytes -> Algo Unknown proto LL channel{Lo..Hi}={0..0} comm 0x55f30eed7ed0
nccl-test-worker-1:153679:153679 [0] NCCL INFO Send: 8192 Bytes -> Algo Unknown proto LL channel{Lo..Hi}={0..0} comm 0x55f30eed7ed0
nccl-test-worker-1:153679:153679 [0] NCCL INFO Recv: 16384 Bytes -> Algo Unknown proto SIMPLE channel{Lo..Hi}={0..0} comm 0x55f30eed7ed0
nccl-test-worker-1:153679:153679 [0] NCCL INFO Send: 16384 Bytes -> Algo Unknown proto SIMPLE channel{Lo..Hi}={0..0} comm 0x55f30eed7ed0
nccl-test-worker-1:153679:153679 [0] NCCL INFO Recv: 16384 Bytes -> Algo Unknown proto LL channel{Lo..Hi}={0..1} comm 0x55f30eed7ed0
nccl-test-worker-1:153679:153679 [0] NCCL INFO Send: 16384 Bytes -> Algo Unknown proto LL channel{Lo..Hi}={0..1} comm 0x55f30eed7ed0
nccl-test-worker-1:153679:153679 [0] NCCL INFO Recv: 16384 Bytes -> Algo Unknown proto LL channel{Lo..Hi}={0..1} comm 0x55f30eed7ed0
nccl-test-worker-1:153679:153679 [0] NCCL INFO Send: 16384 Bytes -> Algo Unknown proto LL channel{Lo..Hi}={0..1} comm 0x55f30eed7ed0
nccl-test-worker-1:153679:153679 [0] NCCL INFO Recv: 16384 Bytes -> Algo Unknown proto LL channel{Lo..Hi}={0..1} comm 0x55f30eed7ed0
nccl-test-worker-1:153679:153679 [0] NCCL INFO Send: 16384 Bytes -> Algo Unknown proto LL channel{Lo..Hi}={0..1} comm 0x55f30eed7ed0
nccl-test-worker-1:153679:153679 [0] NCCL INFO Recv: 16384 Bytes -> Algo Unknown proto LL channel{Lo..Hi}={0..1} comm 0x55f30eed7ed0
nccl-test-worker-1:153679:153679 [0] NCCL INFO Send: 16384 Bytes -> Algo Unknown proto LL channel{Lo..Hi}={0..1} comm 0x55f30eed7ed0
nccl-test-worker-1:153679:153679 [0] NCCL INFO Recv: 16384 Bytes -> Algo Unknown proto LL channel{Lo..Hi}={0..1} comm 0x55f30eed7ed0
nccl-test-worker-1:153679:153679 [0] NCCL INFO Send: 16384 Bytes -> Algo Unknown proto LL channel{Lo..Hi}={0..1} comm 0x55f30eed7ed0
nccl-test-worker-1:153679:153679 [0] NCCL INFO Recv: 16384 Bytes -> Algo Unknown proto LL channel{Lo..Hi}={0..1} comm 0x55f30eed7ed0
nccl-test-worker-1:153679:153679 [0] NCCL INFO Send: 16384 Bytes -> Algo Unknown proto LL channel{Lo..Hi}={0..1} comm 0x55f30eed7ed0
nccl-test-worker-1:153679:153679 [0] NCCL INFO Recv: 16384 Bytes -> Algo Unknown proto LL channel{Lo..Hi}={0..1} comm 0x55f30eed7ed0
nccl-test-worker-1:153679:153679 [0] NCCL INFO Send: 16384 Bytes -> Algo Unknown proto LL channel{Lo..Hi}={0..1} comm 0x55f30eed7ed0
nccl-test-worker-1:153679:153679 [0] NCCL INFO Recv: 16384 Bytes -> Algo Unknown proto SIMPLE channel{Lo..Hi}={0..0} comm 0x55f30eed7ed0
nccl-test-worker-1:153679:153679 [0] NCCL INFO Send: 16384 Bytes -> Algo Unknown proto SIMPLE channel{Lo..Hi}={0..0} comm 0x55f30eed7ed0
nccl-test-worker-1:153679:153679 [0] NCCL INFO Recv: 16384 Bytes -> Algo Unknown proto LL channel{Lo..Hi}={0..1} comm 0x55f30eed7ed0
nccl-test-worker-1:153679:153679 [0] NCCL INFO Send: 16384 Bytes -> Algo Unknown proto LL channel{Lo..Hi}={0..1} comm 0x55f30eed7ed0
nccl-test-worker-1:153679:153679 [0] NCCL INFO Recv: 16384 Bytes -> Algo Unknown proto LL channel{Lo..Hi}={0..1} comm 0x55f30eed7ed0
nccl-test-worker-1:153679:153679 [0] NCCL INFO Send: 16384 Bytes -> Algo Unknown proto LL channel{Lo..Hi}={0..1} comm 0x55f30eed7ed0
nccl-test-worker-1:153679:153679 [0] NCCL INFO Recv: 16384 Bytes -> Algo Unknown proto LL channel{Lo..Hi}={0..1} comm 0x55f30eed7ed0
nccl-test-worker-1:153679:153679 [0] NCCL INFO Send: 16384 Bytes -> Algo Unknown proto LL channel{Lo..Hi}={0..1} comm 0x55f30eed7ed0
nccl-test-worker-1:153679:153679 [0] NCCL INFO Recv: 16384 Bytes -> Algo Unknown proto LL channel{Lo..Hi}={0..1} comm 0x55f30eed7ed0
nccl-test-worker-1:153679:153679 [0] NCCL INFO Send: 16384 Bytes -> Algo Unknown proto LL channel{Lo..Hi}={0..1} comm 0x55f30eed7ed0
nccl-test-worker-1:153679:153679 [0] NCCL INFO Recv: 16384 Bytes -> Algo Unknown proto LL channel{Lo..Hi}={0..1} comm 0x55f30eed7ed0
nccl-test-worker-1:153679:153679 [0] NCCL INFO Send: 16384 Bytes -> Algo Unknown proto LL channel{Lo..Hi}={0..1} comm 0x55f30eed7ed0
nccl-test-worker-1:153679:153679 [0] NCCL INFO Recv: 16384 Bytes -> Algo Unknown proto LL channel{Lo..Hi}={0..1} comm 0x55f30eed7ed0
nccl-test-worker-1:153679:153679 [0] NCCL INFO Send: 16384 Bytes -> Algo Unknown proto LL channel{Lo..Hi}={0..1} comm 0x55f30eed7ed0
nccl-test-worker-1:153679:153679 [0] NCCL INFO Recv: 16384 Bytes -> Algo Unknown proto LL channel{Lo..Hi}={0..1} comm 0x55f30eed7ed0
nccl-test-worker-1:153679:153679 [0] NCCL INFO Send: 16384 Bytes -> Algo Unknown proto LL channel{Lo..Hi}={0..1} comm 0x55f30eed7ed0
nccl-test-worker-1:153679:153679 [0] NCCL INFO Recv: 16384 Bytes -> Algo Unknown proto SIMPLE channel{Lo..Hi}={0..0} comm 0x55f30eed7ed0
nccl-test-worker-1:153679:153679 [0] NCCL INFO Send: 16384 Bytes -> Algo Unknown proto SIMPLE channel{Lo..Hi}={0..0} comm 0x55f30eed7ed0
nccl-test-worker-1:153679:153679 [0] NCCL INFO Recv: 16384 Bytes -> Algo Unknown proto LL channel{Lo..Hi}={0..1} comm 0x55f30eed7ed0
nccl-test-worker-1:153679:153679 [0] NCCL INFO Send: 16384 Bytes -> Algo Unknown proto LL channel{Lo..Hi}={0..1} comm 0x55f30eed7ed0
nccl-test-worker-1:153679:153679 [0] NCCL INFO Recv: 16384 Bytes -> Algo Unknown proto LL channel{Lo..Hi}={0..1} comm 0x55f30eed7ed0
nccl-test-worker-1:153679:153679 [0] NCCL INFO Send: 16384 Bytes -> Algo Unknown proto LL channel{Lo..Hi}={0..1} comm 0x55f30eed7ed0
nccl-test-worker-1:153679:153679 [0] NCCL INFO Recv: 16384 Bytes -> Algo Unknown proto LL channel{Lo..Hi}={0..1} comm 0x55f30eed7ed0
nccl-test-worker-1:153679:153679 [0] NCCL INFO Send: 16384 Bytes -> Algo Unknown proto LL channel{Lo..Hi}={0..1} comm 0x55f30eed7ed0
nccl-test-worker-1:153679:153679 [0] NCCL INFO Recv: 16384 Bytes -> Algo Unknown proto LL channel{Lo..Hi}={0..1} comm 0x55f30eed7ed0
nccl-test-worker-1:153679:153679 [0] NCCL INFO Send: 16384 Bytes -> Algo Unknown proto LL channel{Lo..Hi}={0..1} comm 0x55f30eed7ed0
nccl-test-worker-1:153679:153679 [0] NCCL INFO Recv: 16384 Bytes -> Algo Unknown proto LL channel{Lo..Hi}={0..1} comm 0x55f30eed7ed0
nccl-test-worker-1:153679:153679 [0] NCCL INFO Send: 16384 Bytes -> Algo Unknown proto LL channel{Lo..Hi}={0..1} comm 0x55f30eed7ed0
nccl-test-worker-1:153679:153679 [0] NCCL INFO Recv: 16384 Bytes -> Algo Unknown proto LL channel{Lo..Hi}={0..1} comm 0x55f30eed7ed0
nccl-test-worker-1:153679:153679 [0] NCCL INFO Send: 16384 Bytes -> Algo Unknown proto LL channel{Lo..Hi}={0..1} comm 0x55f30eed7ed0
nccl-test-worker-1:153679:153679 [0] NCCL INFO Recv: 16384 Bytes -> Algo Unknown proto LL channel{Lo..Hi}={0..1} comm 0x55f30eed7ed0
nccl-test-worker-1:153679:153679 [0] NCCL INFO Send: 16384 Bytes -> Algo Unknown proto LL channel{Lo..Hi}={0..1} comm 0x55f30eed7ed0
nccl-test-worker-1:153679:153679 [0] NCCL INFO Recv: 16384 Bytes -> Algo Unknown proto LL channel{Lo..Hi}={0..1} comm 0x55f30eed7ed0
nccl-test-worker-1:153679:153679 [0] NCCL INFO Send: 16384 Bytes -> Algo Unknown proto LL channel{Lo..Hi}={0..1} comm 0x55f30eed7ed0
nccl-test-worker-1:153679:153679 [0] NCCL INFO Recv: 16384 Bytes -> Algo Unknown proto LL channel{Lo..Hi}={0..1} comm 0x55f30eed7ed0
nccl-test-worker-1:153679:153679 [0] NCCL INFO Send: 16384 Bytes -> Algo Unknown proto LL channel{Lo..Hi}={0..1} comm 0x55f30eed7ed0
nccl-test-worker-1:153679:153679 [0] NCCL INFO Recv: 16384 Bytes -> Algo Unknown proto LL channel{Lo..Hi}={0..1} comm 0x55f30eed7ed0
nccl-test-worker-1:153679:153679 [0] NCCL INFO Send: 16384 Bytes -> Algo Unknown proto LL channel{Lo..Hi}={0..1} comm 0x55f30eed7ed0
nccl-test-worker-1:153679:153679 [0] NCCL INFO Recv: 16384 Bytes -> Algo Unknown proto LL channel{Lo..Hi}={0..1} comm 0x55f30eed7ed0
nccl-test-worker-1:153679:153679 [0] NCCL INFO Send: 16384 Bytes -> Algo Unknown proto LL channel{Lo..Hi}={0..1} comm 0x55f30eed7ed0
nccl-test-worker-1:153679:153679 [0] NCCL INFO Recv: 16384 Bytes -> Algo Unknown proto LL channel{Lo..Hi}={0..1} comm 0x55f30eed7ed0
nccl-test-worker-1:153679:153679 [0] NCCL INFO Send: 16384 Bytes -> Algo Unknown proto LL channel{Lo..Hi}={0..1} comm 0x55f30eed7ed0
nccl-test-worker-1:153679:153679 [0] NCCL INFO Recv: 16384 Bytes -> Algo Unknown proto LL channel{Lo..Hi}={0..1} comm 0x55f30eed7ed0
nccl-test-worker-1:153679:153679 [0] NCCL INFO Send: 16384 Bytes -> Algo Unknown proto LL channel{Lo..Hi}={0..1} comm 0x55f30eed7ed0
nccl-test-worker-1:153679:153679 [0] NCCL INFO Recv: 16384 Bytes -> Algo Unknown proto LL channel{Lo..Hi}={0..1} comm 0x55f30eed7ed0
nccl-test-worker-1:153679:153679 [0] NCCL INFO Send: 16384 Bytes -> Algo Unknown proto LL channel{Lo..Hi}={0..1} comm 0x55f30eed7ed0
nccl-test-worker-1:153679:153679 [0] NCCL INFO Recv: 16384 Bytes -> Algo Unknown proto LL channel{Lo..Hi}={0..1} comm 0x55f30eed7ed0
nccl-test-worker-1:153679:153679 [0] NCCL INFO Send: 16384 Bytes -> Algo Unknown proto LL channel{Lo..Hi}={0..1} comm 0x55f30eed7ed0
nccl-test-worker-1:153679:153679 [0] NCCL INFO Recv: 16384 Bytes -> Algo Unknown proto LL channel{Lo..Hi}={0..1} comm 0x55f30eed7ed0
nccl-test-worker-1:153679:153679 [0] NCCL INFO Send: 16384 Bytes -> Algo Unknown proto LL channel{Lo..Hi}={0..1} comm 0x55f30eed7ed0
nccl-test-worker-1:153679:153679 [0] NCCL INFO Recv: 16384 Bytes -> Algo Unknown proto LL channel{Lo..Hi}={0..1} comm 0x55f30eed7ed0
nccl-test-worker-1:153679:153679 [0] NCCL INFO Send: 16384 Bytes -> Algo Unknown proto LL channel{Lo..Hi}={0..1} comm 0x55f30eed7ed0
nccl-test-worker-1:153679:153679 [0] NCCL INFO Recv: 16384 Bytes -> Algo Unknown proto LL channel{Lo..Hi}={0..1} comm 0x55f30eed7ed0
nccl-test-worker-1:153679:153679 [0] NCCL INFO Send: 16384 Bytes -> Algo Unknown proto LL channel{Lo..Hi}={0..1} comm 0x55f30eed7ed0
nccl-test-worker-1:153679:153679 [0] NCCL INFO Recv: 16384 Bytes -> Algo Unknown proto LL channel{Lo..Hi}={0..1} comm 0x55f30eed7ed0
nccl-test-worker-1:153679:153679 [0] NCCL INFO Send: 16384 Bytes -> Algo Unknown proto LL channel{Lo..Hi}={0..1} comm 0x55f30eed7ed0
nccl-test-worker-1:153679:153679 [0] NCCL INFO Recv: 16384 Bytes -> Algo Unknown proto LL channel{Lo..Hi}={0..1} comm 0x55f30eed7ed0
nccl-test-worker-1:153679:153679 [0] NCCL INFO Send: 16384 Bytes -> Algo Unknown proto LL channel{Lo..Hi}={0..1} comm 0x55f30eed7ed0
nccl-test-worker-1:153679:153679 [0] NCCL INFO Recv: 16384 Bytes -> Algo Unknown proto LL channel{Lo..Hi}={0..1} comm 0x55f30eed7ed0
nccl-test-worker-1:153679:153679 [0] NCCL INFO Send: 16384 Bytes -> Algo Unknown proto LL channel{Lo..Hi}={0..1} comm 0x55f30eed7ed0
nccl-test-worker-1:153679:153679 [0] NCCL INFO Recv: 16384 Bytes -> Algo Unknown proto LL channel{Lo..Hi}={0..1} comm 0x55f30eed7ed0
nccl-test-worker-1:153679:153679 [0] NCCL INFO Send: 16384 Bytes -> Algo Unknown proto LL channel{Lo..Hi}={0..1} comm 0x55f30eed7ed0
nccl-test-worker-1:153679:153679 [0] NCCL INFO Recv: 16384 Bytes -> Algo Unknown proto LL channel{Lo..Hi}={0..1} comm 0x55f30eed7ed0
nccl-test-worker-1:153679:153679 [0] NCCL INFO Send: 16384 Bytes -> Algo Unknown proto LL channel{Lo..Hi}={0..1} comm 0x55f30eed7ed0
nccl-test-worker-1:153679:153679 [0] NCCL INFO Recv: 16384 Bytes -> Algo Unknown proto LL channel{Lo..Hi}={0..1} comm 0x55f30eed7ed0
nccl-test-worker-1:153679:153679 [0] NCCL INFO Send: 16384 Bytes -> Algo Unknown proto LL channel{Lo..Hi}={0..1} comm 0x55f30eed7ed0
nccl-test-worker-1:153679:153679 [0] NCCL INFO Recv: 16384 Bytes -> Algo Unknown proto LL channel{Lo..Hi}={0..1} comm 0x55f30eed7ed0
nccl-test-worker-1:153679:153679 [0] NCCL INFO Send: 16384 Bytes -> Algo Unknown proto LL channel{Lo..Hi}={0..1} comm 0x55f30eed7ed0
nccl-test-worker-1:153679:153679 [0] NCCL INFO Recv: 16384 Bytes -> Algo Unknown proto LL channel{Lo..Hi}={0..1} comm 0x55f30eed7ed0
nccl-test-worker-1:153679:153679 [0] NCCL INFO Send: 16384 Bytes -> Algo Unknown proto LL channel{Lo..Hi}={0..1} comm 0x55f30eed7ed0
nccl-test-worker-1:153679:153679 [0] NCCL INFO Recv: 16384 Bytes -> Algo Unknown proto LL channel{Lo..Hi}={0..1} comm 0x55f30eed7ed0
nccl-test-worker-1:153679:153679 [0] NCCL INFO Send: 16384 Bytes -> Algo Unknown proto LL channel{Lo..Hi}={0..1} comm 0x55f30eed7ed0
nccl-test-worker-1:153679:153679 [0] NCCL INFO Recv: 16384 Bytes -> Algo Unknown proto LL channel{Lo..Hi}={0..1} comm 0x55f30eed7ed0
nccl-test-worker-1:153679:153679 [0] NCCL INFO Send: 16384 Bytes -> Algo Unknown proto LL channel{Lo..Hi}={0..1} comm 0x55f30eed7ed0
nccl-test-worker-1:153679:153679 [0] NCCL INFO Recv: 32768 Bytes -> Algo Unknown proto SIMPLE channel{Lo..Hi}={0..0} comm 0x55f30eed7ed0
nccl-test-worker-1:153679:153679 [0] NCCL INFO Send: 32768 Bytes -> Algo Unknown proto SIMPLE channel{Lo..Hi}={0..0} comm 0x55f30eed7ed0
nccl-test-worker-1:153679:153679 [0] NCCL INFO Recv: 32768 Bytes -> Algo Unknown proto LL channel{Lo..Hi}={0..1} comm 0x55f30eed7ed0
nccl-test-worker-1:153679:153679 [0] NCCL INFO Send: 32768 Bytes -> Algo Unknown proto LL channel{Lo..Hi}={0..1} comm 0x55f30eed7ed0
nccl-test-worker-1:153679:153679 [0] NCCL INFO Recv: 32768 Bytes -> Algo Unknown proto LL channel{Lo..Hi}={0..1} comm 0x55f30eed7ed0
nccl-test-worker-1:153679:153679 [0] NCCL INFO Send: 32768 Bytes -> Algo Unknown proto LL channel{Lo..Hi}={0..1} comm 0x55f30eed7ed0
nccl-test-worker-1:153679:153679 [0] NCCL INFO Recv: 32768 Bytes -> Algo Unknown proto LL channel{Lo..Hi}={0..1} comm 0x55f30eed7ed0
nccl-test-worker-1:153679:153679 [0] NCCL INFO Send: 32768 Bytes -> Algo Unknown proto LL channel{Lo..Hi}={0..1} comm 0x55f30eed7ed0
nccl-test-worker-1:153679:153679 [0] NCCL INFO Recv: 32768 Bytes -> Algo Unknown proto LL channel{Lo..Hi}={0..1} comm 0x55f30eed7ed0
nccl-test-worker-1:153679:153679 [0] NCCL INFO Send: 32768 Bytes -> Algo Unknown proto LL channel{Lo..Hi}={0..1} comm 0x55f30eed7ed0
nccl-test-worker-1:153679:153679 [0] NCCL INFO Recv: 32768 Bytes -> Algo Unknown proto LL channel{Lo..Hi}={0..1} comm 0x55f30eed7ed0
nccl-test-worker-1:153679:153679 [0] NCCL INFO Send: 32768 Bytes -> Algo Unknown proto LL channel{Lo..Hi}={0..1} comm 0x55f30eed7ed0
nccl-test-worker-1:153679:153679 [0] NCCL INFO Recv: 32768 Bytes -> Algo Unknown proto LL channel{Lo..Hi}={0..1} comm 0x55f30eed7ed0
nccl-test-worker-1:153679:153679 [0] NCCL INFO Send: 32768 Bytes -> Algo Unknown proto LL channel{Lo..Hi}={0..1} comm 0x55f30eed7ed0
nccl-test-worker-1:153679:153679 [0] NCCL INFO Recv: 32768 Bytes -> Algo Unknown proto LL channel{Lo..Hi}={0..1} comm 0x55f30eed7ed0
nccl-test-worker-1:153679:153679 [0] NCCL INFO Send: 32768 Bytes -> Algo Unknown proto LL channel{Lo..Hi}={0..1} comm 0x55f30eed7ed0
nccl-test-worker-1:153679:153679 [0] NCCL INFO Recv: 32768 Bytes -> Algo Unknown proto SIMPLE channel{Lo..Hi}={0..0} comm 0x55f30eed7ed0
nccl-test-worker-1:153679:153679 [0] NCCL INFO Send: 32768 Bytes -> Algo Unknown proto SIMPLE channel{Lo..Hi}={0..0} comm 0x55f30eed7ed0
nccl-test-worker-1:153679:153679 [0] NCCL INFO Recv: 32768 Bytes -> Algo Unknown proto LL channel{Lo..Hi}={0..1} comm 0x55f30eed7ed0
nccl-test-worker-1:153679:153679 [0] NCCL INFO Send: 32768 Bytes -> Algo Unknown proto LL channel{Lo..Hi}={0..1} comm 0x55f30eed7ed0
nccl-test-worker-1:153679:153679 [0] NCCL INFO Recv: 32768 Bytes -> Algo Unknown proto LL channel{Lo..Hi}={0..1} comm 0x55f30eed7ed0
nccl-test-worker-1:153679:153679 [0] NCCL INFO Send: 32768 Bytes -> Algo Unknown proto LL channel{Lo..Hi}={0..1} comm 0x55f30eed7ed0
nccl-test-worker-1:153679:153679 [0] NCCL INFO Recv: 32768 Bytes -> Algo Unknown proto LL channel{Lo..Hi}={0..1} comm 0x55f30eed7ed0
nccl-test-worker-1:153679:153679 [0] NCCL INFO Send: 32768 Bytes -> Algo Unknown proto LL channel{Lo..Hi}={0..1} comm 0x55f30eed7ed0
nccl-test-worker-1:153679:153679 [0] NCCL INFO Recv: 32768 Bytes -> Algo Unknown proto LL channel{Lo..Hi}={0..1} comm 0x55f30eed7ed0
nccl-test-worker-1:153679:153679 [0] NCCL INFO Send: 32768 Bytes -> Algo Unknown proto LL channel{Lo..Hi}={0..1} comm 0x55f30eed7ed0
nccl-test-worker-1:153679:153679 [0] NCCL INFO Recv: 32768 Bytes -> Algo Unknown proto LL channel{Lo..Hi}={0..1} comm 0x55f30eed7ed0
nccl-test-worker-1:153679:153679 [0] NCCL INFO Send: 32768 Bytes -> Algo Unknown proto LL channel{Lo..Hi}={0..1} comm 0x55f30eed7ed0
nccl-test-worker-1:153679:153679 [0] NCCL INFO Recv: 32768 Bytes -> Algo Unknown proto LL channel{Lo..Hi}={0..1} comm 0x55f30eed7ed0
nccl-test-worker-1:153679:153679 [0] NCCL INFO Send: 32768 Bytes -> Algo Unknown proto LL channel{Lo..Hi}={0..1} comm 0x55f30eed7ed0
nccl-test-worker-1:153679:153679 [0] NCCL INFO Recv: 32768 Bytes -> Algo Unknown proto LL channel{Lo..Hi}={0..1} comm 0x55f30eed7ed0
nccl-test-worker-1:153679:153679 [0] NCCL INFO Send: 32768 Bytes -> Algo Unknown proto LL channel{Lo..Hi}={0..1} comm 0x55f30eed7ed0
nccl-test-worker-1:153679:153679 [0] NCCL INFO Recv: 32768 Bytes -> Algo Unknown proto SIMPLE channel{Lo..Hi}={0..0} comm 0x55f30eed7ed0
nccl-test-worker-1:153679:153679 [0] NCCL INFO Send: 32768 Bytes -> Algo Unknown proto SIMPLE channel{Lo..Hi}={0..0} comm 0x55f30eed7ed0
nccl-test-worker-1:153679:153679 [0] NCCL INFO Recv: 32768 Bytes -> Algo Unknown proto LL channel{Lo..Hi}={0..1} comm 0x55f30eed7ed0
nccl-test-worker-1:153679:153679 [0] NCCL INFO Send: 32768 Bytes -> Algo Unknown proto LL channel{Lo..Hi}={0..1} comm 0x55f30eed7ed0
nccl-test-worker-1:153679:153679 [0] NCCL INFO Recv: 32768 Bytes -> Algo Unknown proto LL channel{Lo..Hi}={0..1} comm 0x55f30eed7ed0
nccl-test-worker-1:153679:153679 [0] NCCL INFO Send: 32768 Bytes -> Algo Unknown proto LL channel{Lo..Hi}={0..1} comm 0x55f30eed7ed0
nccl-test-worker-1:153679:153679 [0] NCCL INFO Recv: 32768 Bytes -> Algo Unknown proto LL channel{Lo..Hi}={0..1} comm 0x55f30eed7ed0
nccl-test-worker-1:153679:153679 [0] NCCL INFO Send: 32768 Bytes -> Algo Unknown proto LL channel{Lo..Hi}={0..1} comm 0x55f30eed7ed0
nccl-test-worker-1:153679:153679 [0] NCCL INFO Recv: 32768 Bytes -> Algo Unknown proto LL channel{Lo..Hi}={0..1} comm 0x55f30eed7ed0
nccl-test-worker-1:153679:153679 [0] NCCL INFO Send: 32768 Bytes -> Algo Unknown proto LL channel{Lo..Hi}={0..1} comm 0x55f30eed7ed0
nccl-test-worker-1:153679:153679 [0] NCCL INFO Recv: 32768 Bytes -> Algo Unknown proto LL channel{Lo..Hi}={0..1} comm 0x55f30eed7ed0
nccl-test-worker-1:153679:153679 [0] NCCL INFO Send: 32768 Bytes -> Algo Unknown proto LL channel{Lo..Hi}={0..1} comm 0x55f30eed7ed0
nccl-test-worker-1:153679:153679 [0] NCCL INFO Recv: 32768 Bytes -> Algo Unknown proto LL channel{Lo..Hi}={0..1} comm 0x55f30eed7ed0
nccl-test-worker-1:153679:153679 [0] NCCL INFO Send: 32768 Bytes -> Algo Unknown proto LL channel{Lo..Hi}={0..1} comm 0x55f30eed7ed0
nccl-test-worker-1:153679:153679 [0] NCCL INFO Recv: 32768 Bytes -> Algo Unknown proto LL channel{Lo..Hi}={0..1} comm 0x55f30eed7ed0
nccl-test-worker-1:153679:153679 [0] NCCL INFO Send: 32768 Bytes -> Algo Unknown proto LL channel{Lo..Hi}={0..1} comm 0x55f30eed7ed0
nccl-test-worker-1:153679:153679 [0] NCCL INFO Recv: 32768 Bytes -> Algo Unknown proto LL channel{Lo..Hi}={0..1} comm 0x55f30eed7ed0
nccl-test-worker-1:153679:153679 [0] NCCL INFO Send: 32768 Bytes -> Algo Unknown proto LL channel{Lo..Hi}={0..1} comm 0x55f30eed7ed0
nccl-test-worker-1:153679:153679 [0] NCCL INFO Recv: 32768 Bytes -> Algo Unknown proto LL channel{Lo..Hi}={0..1} comm 0x55f30eed7ed0
nccl-test-worker-1:153679:153679 [0] NCCL INFO Send: 32768 Bytes -> Algo Unknown proto LL channel{Lo..Hi}={0..1} comm 0x55f30eed7ed0
nccl-test-worker-1:153679:153679 [0] NCCL INFO Recv: 32768 Bytes -> Algo Unknown proto LL channel{Lo..Hi}={0..1} comm 0x55f30eed7ed0
nccl-test-worker-1:153679:153679 [0] NCCL INFO Send: 32768 Bytes -> Algo Unknown proto LL channel{Lo..Hi}={0..1} comm 0x55f30eed7ed0
nccl-test-worker-1:153679:153679 [0] NCCL INFO Recv: 32768 Bytes -> Algo Unknown proto LL channel{Lo..Hi}={0..1} comm 0x55f30eed7ed0
nccl-test-worker-1:153679:153679 [0] NCCL INFO Send: 32768 Bytes -> Algo Unknown proto LL channel{Lo..Hi}={0..1} comm 0x55f30eed7ed0
nccl-test-worker-1:153679:153679 [0] NCCL INFO Recv: 32768 Bytes -> Algo Unknown proto LL channel{Lo..Hi}={0..1} comm 0x55f30eed7ed0
nccl-test-worker-1:153679:153679 [0] NCCL INFO Send: 32768 Bytes -> Algo Unknown proto LL channel{Lo..Hi}={0..1} comm 0x55f30eed7ed0
nccl-test-worker-1:153679:153679 [0] NCCL INFO Recv: 32768 Bytes -> Algo Unknown proto LL channel{Lo..Hi}={0..1} comm 0x55f30eed7ed0
nccl-test-worker-1:153679:153679 [0] NCCL INFO Send: 32768 Bytes -> Algo Unknown proto LL channel{Lo..Hi}={0..1} comm 0x55f30eed7ed0
nccl-test-worker-1:153679:153679 [0] NCCL INFO Recv: 32768 Bytes -> Algo Unknown proto LL channel{Lo..Hi}={0..1} comm 0x55f30eed7ed0
nccl-test-worker-1:153679:153679 [0] NCCL INFO Send: 32768 Bytes -> Algo Unknown proto LL channel{Lo..Hi}={0..1} comm 0x55f30eed7ed0
nccl-test-worker-1:153679:153679 [0] NCCL INFO Recv: 32768 Bytes -> Algo Unknown proto LL channel{Lo..Hi}={0..1} comm 0x55f30eed7ed0
nccl-test-worker-1:153679:153679 [0] NCCL INFO Send: 32768 Bytes -> Algo Unknown proto LL channel{Lo..Hi}={0..1} comm 0x55f30eed7ed0
nccl-test-worker-1:153679:153679 [0] NCCL INFO Recv: 32768 Bytes -> Algo Unknown proto LL channel{Lo..Hi}={0..1} comm 0x55f30eed7ed0
nccl-test-worker-1:153679:153679 [0] NCCL INFO Send: 32768 Bytes -> Algo Unknown proto LL channel{Lo..Hi}={0..1} comm 0x55f30eed7ed0
nccl-test-worker-1:153679:153679 [0] NCCL INFO Recv: 32768 Bytes -> Algo Unknown proto LL channel{Lo..Hi}={0..1} comm 0x55f30eed7ed0
nccl-test-worker-1:153679:153679 [0] NCCL INFO Send: 32768 Bytes -> Algo Unknown proto LL channel{Lo..Hi}={0..1} comm 0x55f30eed7ed0
nccl-test-worker-1:153679:153679 [0] NCCL INFO Recv: 32768 Bytes -> Algo Unknown proto LL channel{Lo..Hi}={0..1} comm 0x55f30eed7ed0
nccl-test-worker-1:153679:153679 [0] NCCL INFO Send: 32768 Bytes -> Algo Unknown proto LL channel{Lo..Hi}={0..1} comm 0x55f30eed7ed0
nccl-test-worker-1:153679:153679 [0] NCCL INFO Recv: 32768 Bytes -> Algo Unknown proto LL channel{Lo..Hi}={0..1} comm 0x55f30eed7ed0
nccl-test-worker-1:153679:153679 [0] NCCL INFO Send: 32768 Bytes -> Algo Unknown proto LL channel{Lo..Hi}={0..1} comm 0x55f30eed7ed0
nccl-test-worker-1:153679:153679 [0] NCCL INFO Recv: 32768 Bytes -> Algo Unknown proto LL channel{Lo..Hi}={0..1} comm 0x55f30eed7ed0
nccl-test-worker-1:153679:153679 [0] NCCL INFO Send: 32768 Bytes -> Algo Unknown proto LL channel{Lo..Hi}={0..1} comm 0x55f30eed7ed0
nccl-test-worker-1:153679:153679 [0] NCCL INFO Recv: 32768 Bytes -> Algo Unknown proto LL channel{Lo..Hi}={0..1} comm 0x55f30eed7ed0
nccl-test-worker-1:153679:153679 [0] NCCL INFO Send: 32768 Bytes -> Algo Unknown proto LL channel{Lo..Hi}={0..1} comm 0x55f30eed7ed0
nccl-test-worker-1:153679:153679 [0] NCCL INFO Recv: 32768 Bytes -> Algo Unknown proto LL channel{Lo..Hi}={0..1} comm 0x55f30eed7ed0
nccl-test-worker-1:153679:153679 [0] NCCL INFO Send: 32768 Bytes -> Algo Unknown proto LL channel{Lo..Hi}={0..1} comm 0x55f30eed7ed0
nccl-test-worker-1:153679:153679 [0] NCCL INFO Recv: 32768 Bytes -> Algo Unknown proto LL channel{Lo..Hi}={0..1} comm 0x55f30eed7ed0
nccl-test-worker-1:153679:153679 [0] NCCL INFO Send: 32768 Bytes -> Algo Unknown proto LL channel{Lo..Hi}={0..1} comm 0x55f30eed7ed0
nccl-test-worker-1:153679:153679 [0] NCCL INFO Recv: 32768 Bytes -> Algo Unknown proto LL channel{Lo..Hi}={0..1} comm 0x55f30eed7ed0
nccl-test-worker-1:153679:153679 [0] NCCL INFO Send: 32768 Bytes -> Algo Unknown proto LL channel{Lo..Hi}={0..1} comm 0x55f30eed7ed0
nccl-test-worker-1:153679:153679 [0] NCCL INFO Recv: 32768 Bytes -> Algo Unknown proto LL channel{Lo..Hi}={0..1} comm 0x55f30eed7ed0
nccl-test-worker-1:153679:153679 [0] NCCL INFO Send: 32768 Bytes -> Algo Unknown proto LL channel{Lo..Hi}={0..1} comm 0x55f30eed7ed0
nccl-test-worker-1:153679:153679 [0] NCCL INFO Recv: 32768 Bytes -> Algo Unknown proto LL channel{Lo..Hi}={0..1} comm 0x55f30eed7ed0
nccl-test-worker-1:153679:153679 [0] NCCL INFO Send: 32768 Bytes -> Algo Unknown proto LL channel{Lo..Hi}={0..1} comm 0x55f30eed7ed0
nccl-test-worker-1:153679:153679 [0] NCCL INFO Recv: 32768 Bytes -> Algo Unknown proto LL channel{Lo..Hi}={0..1} comm 0x55f30eed7ed0
nccl-test-worker-1:153679:153679 [0] NCCL INFO Send: 32768 Bytes -> Algo Unknown proto LL channel{Lo..Hi}={0..1} comm 0x55f30eed7ed0
nccl-test-worker-1:153679:153679 [0] NCCL INFO Recv: 32768 Bytes -> Algo Unknown proto LL channel{Lo..Hi}={0..1} comm 0x55f30eed7ed0
nccl-test-worker-1:153679:153679 [0] NCCL INFO Send: 32768 Bytes -> Algo Unknown proto LL channel{Lo..Hi}={0..1} comm 0x55f30eed7ed0
nccl-test-worker-1:153679:153679 [0] NCCL INFO Recv: 65536 Bytes -> Algo Unknown proto SIMPLE channel{Lo..Hi}={0..0} comm 0x55f30eed7ed0
nccl-test-worker-1:153679:153679 [0] NCCL INFO Send: 65536 Bytes -> Algo Unknown proto SIMPLE channel{Lo..Hi}={0..0} comm 0x55f30eed7ed0
nccl-test-worker-1:153679:153679 [0] NCCL INFO Recv: 65536 Bytes -> Algo Unknown proto LL channel{Lo..Hi}={0..1} comm 0x55f30eed7ed0
nccl-test-worker-1:153679:153679 [0] NCCL INFO Send: 65536 Bytes -> Algo Unknown proto LL channel{Lo..Hi}={0..1} comm 0x55f30eed7ed0
nccl-test-worker-1:153679:153679 [0] NCCL INFO Recv: 65536 Bytes -> Algo Unknown proto LL channel{Lo..Hi}={0..1} comm 0x55f30eed7ed0
nccl-test-worker-1:153679:153679 [0] NCCL INFO Send: 65536 Bytes -> Algo Unknown proto LL channel{Lo..Hi}={0..1} comm 0x55f30eed7ed0
nccl-test-worker-1:153679:153679 [0] NCCL INFO Recv: 65536 Bytes -> Algo Unknown proto LL channel{Lo..Hi}={0..1} comm 0x55f30eed7ed0
nccl-test-worker-1:153679:153679 [0] NCCL INFO Send: 65536 Bytes -> Algo Unknown proto LL channel{Lo..Hi}={0..1} comm 0x55f30eed7ed0
nccl-test-worker-1:153679:153679 [0] NCCL INFO Recv: 65536 Bytes -> Algo Unknown proto LL channel{Lo..Hi}={0..1} comm 0x55f30eed7ed0
nccl-test-worker-1:153679:153679 [0] NCCL INFO Send: 65536 Bytes -> Algo Unknown proto LL channel{Lo..Hi}={0..1} comm 0x55f30eed7ed0
nccl-test-worker-1:153679:153679 [0] NCCL INFO Recv: 65536 Bytes -> Algo Unknown proto LL channel{Lo..Hi}={0..1} comm 0x55f30eed7ed0
nccl-test-worker-1:153679:153679 [0] NCCL INFO Send: 65536 Bytes -> Algo Unknown proto LL channel{Lo..Hi}={0..1} comm 0x55f30eed7ed0
nccl-test-worker-1:153679:153679 [0] NCCL INFO Recv: 65536 Bytes -> Algo Unknown proto LL channel{Lo..Hi}={0..1} comm 0x55f30eed7ed0
nccl-test-worker-1:153679:153679 [0] NCCL INFO Send: 65536 Bytes -> Algo Unknown proto LL channel{Lo..Hi}={0..1} comm 0x55f30eed7ed0
nccl-test-worker-1:153679:153679 [0] NCCL INFO Recv: 65536 Bytes -> Algo Unknown proto LL channel{Lo..Hi}={0..1} comm 0x55f30eed7ed0
nccl-test-worker-1:153679:153679 [0] NCCL INFO Send: 65536 Bytes -> Algo Unknown proto LL channel{Lo..Hi}={0..1} comm 0x55f30eed7ed0
nccl-test-worker-1:153679:153679 [0] NCCL INFO Recv: 65536 Bytes -> Algo Unknown proto SIMPLE channel{Lo..Hi}={0..0} comm 0x55f30eed7ed0
nccl-test-worker-1:153679:153679 [0] NCCL INFO Send: 65536 Bytes -> Algo Unknown proto SIMPLE channel{Lo..Hi}={0..0} comm 0x55f30eed7ed0
nccl-test-worker-1:153679:153679 [0] NCCL INFO Recv: 65536 Bytes -> Algo Unknown proto LL channel{Lo..Hi}={0..1} comm 0x55f30eed7ed0
nccl-test-worker-1:153679:153679 [0] NCCL INFO Send: 65536 Bytes -> Algo Unknown proto LL channel{Lo..Hi}={0..1} comm 0x55f30eed7ed0
nccl-test-worker-1:153679:153679 [0] NCCL INFO Recv: 65536 Bytes -> Algo Unknown proto LL channel{Lo..Hi}={0..1} comm 0x55f30eed7ed0
nccl-test-worker-1:153679:153679 [0] NCCL INFO Send: 65536 Bytes -> Algo Unknown proto LL channel{Lo..Hi}={0..1} comm 0x55f30eed7ed0
nccl-test-worker-1:153679:153679 [0] NCCL INFO Recv: 65536 Bytes -> Algo Unknown proto LL channel{Lo..Hi}={0..1} comm 0x55f30eed7ed0
nccl-test-worker-1:153679:153679 [0] NCCL INFO Send: 65536 Bytes -> Algo Unknown proto LL channel{Lo..Hi}={0..1} comm 0x55f30eed7ed0
nccl-test-worker-1:153679:153679 [0] NCCL INFO Recv: 65536 Bytes -> Algo Unknown proto LL channel{Lo..Hi}={0..1} comm 0x55f30eed7ed0
nccl-test-worker-1:153679:153679 [0] NCCL INFO Send: 65536 Bytes -> Algo Unknown proto LL channel{Lo..Hi}={0..1} comm 0x55f30eed7ed0
nccl-test-worker-1:153679:153679 [0] NCCL INFO Recv: 65536 Bytes -> Algo Unknown proto LL channel{Lo..Hi}={0..1} comm 0x55f30eed7ed0
nccl-test-worker-1:153679:153679 [0] NCCL INFO Send: 65536 Bytes -> Algo Unknown proto LL channel{Lo..Hi}={0..1} comm 0x55f30eed7ed0
nccl-test-worker-1:153679:153679 [0] NCCL INFO Recv: 65536 Bytes -> Algo Unknown proto LL channel{Lo..Hi}={0..1} comm 0x55f30eed7ed0
nccl-test-worker-1:153679:153679 [0] NCCL INFO Send: 65536 Bytes -> Algo Unknown proto LL channel{Lo..Hi}={0..1} comm 0x55f30eed7ed0
nccl-test-worker-1:153679:153679 [0] NCCL INFO Recv: 65536 Bytes -> Algo Unknown proto LL channel{Lo..Hi}={0..1} comm 0x55f30eed7ed0
nccl-test-worker-1:153679:153679 [0] NCCL INFO Send: 65536 Bytes -> Algo Unknown proto LL channel{Lo..Hi}={0..1} comm 0x55f30eed7ed0
nccl-test-worker-1:153679:153679 [0] NCCL INFO Recv: 65536 Bytes -> Algo Unknown proto SIMPLE channel{Lo..Hi}={0..0} comm 0x55f30eed7ed0
nccl-test-worker-1:153679:153679 [0] NCCL INFO Send: 65536 Bytes -> Algo Unknown proto SIMPLE channel{Lo..Hi}={0..0} comm 0x55f30eed7ed0
nccl-test-worker-1:153679:153679 [0] NCCL INFO Recv: 65536 Bytes -> Algo Unknown proto LL channel{Lo..Hi}={0..1} comm 0x55f30eed7ed0
nccl-test-worker-1:153679:153679 [0] NCCL INFO Send: 65536 Bytes -> Algo Unknown proto LL channel{Lo..Hi}={0..1} comm 0x55f30eed7ed0
nccl-test-worker-1:153679:153679 [0] NCCL INFO Recv: 65536 Bytes -> Algo Unknown proto LL channel{Lo..Hi}={0..1} comm 0x55f30eed7ed0
nccl-test-worker-1:153679:153679 [0] NCCL INFO Send: 65536 Bytes -> Algo Unknown proto LL channel{Lo..Hi}={0..1} comm 0x55f30eed7ed0
nccl-test-worker-1:153679:153679 [0] NCCL INFO Recv: 65536 Bytes -> Algo Unknown proto LL channel{Lo..Hi}={0..1} comm 0x55f30eed7ed0
nccl-test-worker-1:153679:153679 [0] NCCL INFO Send: 65536 Bytes -> Algo Unknown proto LL channel{Lo..Hi}={0..1} comm 0x55f30eed7ed0
nccl-test-worker-1:153679:153679 [0] NCCL INFO Recv: 65536 Bytes -> Algo Unknown proto LL channel{Lo..Hi}={0..1} comm 0x55f30eed7ed0
nccl-test-worker-1:153679:153679 [0] NCCL INFO Send: 65536 Bytes -> Algo Unknown proto LL channel{Lo..Hi}={0..1} comm 0x55f30eed7ed0
nccl-test-worker-1:153679:153679 [0] NCCL INFO Recv: 65536 Bytes -> Algo Unknown proto LL channel{Lo..Hi}={0..1} comm 0x55f30eed7ed0
nccl-test-worker-1:153679:153679 [0] NCCL INFO Send: 65536 Bytes -> Algo Unknown proto LL channel{Lo..Hi}={0..1} comm 0x55f30eed7ed0
nccl-test-worker-1:153679:153679 [0] NCCL INFO Recv: 65536 Bytes -> Algo Unknown proto LL channel{Lo..Hi}={0..1} comm 0x55f30eed7ed0
nccl-test-worker-1:153679:153679 [0] NCCL INFO Send: 65536 Bytes -> Algo Unknown proto LL channel{Lo..Hi}={0..1} comm 0x55f30eed7ed0
nccl-test-worker-1:153679:153679 [0] NCCL INFO Recv: 65536 Bytes -> Algo Unknown proto LL channel{Lo..Hi}={0..1} comm 0x55f30eed7ed0
nccl-test-worker-1:153679:153679 [0] NCCL INFO Send: 65536 Bytes -> Algo Unknown proto LL channel{Lo..Hi}={0..1} comm 0x55f30eed7ed0
nccl-test-worker-1:153679:153679 [0] NCCL INFO Recv: 65536 Bytes -> Algo Unknown proto LL channel{Lo..Hi}={0..1} comm 0x55f30eed7ed0
nccl-test-worker-1:153679:153679 [0] NCCL INFO Send: 65536 Bytes -> Algo Unknown proto LL channel{Lo..Hi}={0..1} comm 0x55f30eed7ed0
nccl-test-worker-1:153679:153679 [0] NCCL INFO Recv: 65536 Bytes -> Algo Unknown proto LL channel{Lo..Hi}={0..1} comm 0x55f30eed7ed0
nccl-test-worker-1:153679:153679 [0] NCCL INFO Send: 65536 Bytes -> Algo Unknown proto LL channel{Lo..Hi}={0..1} comm 0x55f30eed7ed0
nccl-test-worker-1:153679:153679 [0] NCCL INFO Recv: 65536 Bytes -> Algo Unknown proto LL channel{Lo..Hi}={0..1} comm 0x55f30eed7ed0
nccl-test-worker-1:153679:153679 [0] NCCL INFO Send: 65536 Bytes -> Algo Unknown proto LL channel{Lo..Hi}={0..1} comm 0x55f30eed7ed0
nccl-test-worker-1:153679:153679 [0] NCCL INFO Recv: 65536 Bytes -> Algo Unknown proto LL channel{Lo..Hi}={0..1} comm 0x55f30eed7ed0
nccl-test-worker-1:153679:153679 [0] NCCL INFO Send: 65536 Bytes -> Algo Unknown proto LL channel{Lo..Hi}={0..1} comm 0x55f30eed7ed0
nccl-test-worker-1:153679:153679 [0] NCCL INFO Recv: 65536 Bytes -> Algo Unknown proto LL channel{Lo..Hi}={0..1} comm 0x55f30eed7ed0
nccl-test-worker-1:153679:153679 [0] NCCL INFO Send: 65536 Bytes -> Algo Unknown proto LL channel{Lo..Hi}={0..1} comm 0x55f30eed7ed0
nccl-test-worker-1:153679:153679 [0] NCCL INFO Recv: 65536 Bytes -> Algo Unknown proto LL channel{Lo..Hi}={0..1} comm 0x55f30eed7ed0
nccl-test-worker-1:153679:153679 [0] NCCL INFO Send: 65536 Bytes -> Algo Unknown proto LL channel{Lo..Hi}={0..1} comm 0x55f30eed7ed0
nccl-test-worker-1:153679:153679 [0] NCCL INFO Recv: 65536 Bytes -> Algo Unknown proto LL channel{Lo..Hi}={0..1} comm 0x55f30eed7ed0
nccl-test-worker-1:153679:153679 [0] NCCL INFO Send: 65536 Bytes -> Algo Unknown proto LL channel{Lo..Hi}={0..1} comm 0x55f30eed7ed0
nccl-test-worker-1:153679:153679 [0] NCCL INFO Recv: 65536 Bytes -> Algo Unknown proto LL channel{Lo..Hi}={0..1} comm 0x55f30eed7ed0
nccl-test-worker-1:153679:153679 [0] NCCL INFO Send: 65536 Bytes -> Algo Unknown proto LL channel{Lo..Hi}={0..1} comm 0x55f30eed7ed0
nccl-test-worker-1:153679:153679 [0] NCCL INFO Recv: 65536 Bytes -> Algo Unknown proto LL channel{Lo..Hi}={0..1} comm 0x55f30eed7ed0
nccl-test-worker-1:153679:153679 [0] NCCL INFO Send: 65536 Bytes -> Algo Unknown proto LL channel{Lo..Hi}={0..1} comm 0x55f30eed7ed0
nccl-test-worker-1:153679:153679 [0] NCCL INFO Recv: 65536 Bytes -> Algo Unknown proto LL channel{Lo..Hi}={0..1} comm 0x55f30eed7ed0
nccl-test-worker-1:153679:153679 [0] NCCL INFO Send: 65536 Bytes -> Algo Unknown proto LL channel{Lo..Hi}={0..1} comm 0x55f30eed7ed0
nccl-test-worker-1:153679:153679 [0] NCCL INFO Recv: 65536 Bytes -> Algo Unknown proto LL channel{Lo..Hi}={0..1} comm 0x55f30eed7ed0
nccl-test-worker-1:153679:153679 [0] NCCL INFO Send: 65536 Bytes -> Algo Unknown proto LL channel{Lo..Hi}={0..1} comm 0x55f30eed7ed0
nccl-test-worker-1:153679:153679 [0] NCCL INFO Recv: 65536 Bytes -> Algo Unknown proto LL channel{Lo..Hi}={0..1} comm 0x55f30eed7ed0
nccl-test-worker-1:153679:153679 [0] NCCL INFO Send: 65536 Bytes -> Algo Unknown proto LL channel{Lo..Hi}={0..1} comm 0x55f30eed7ed0
nccl-test-worker-1:153679:153679 [0] NCCL INFO Recv: 65536 Bytes -> Algo Unknown proto LL channel{Lo..Hi}={0..1} comm 0x55f30eed7ed0
nccl-test-worker-1:153679:153679 [0] NCCL INFO Send: 65536 Bytes -> Algo Unknown proto LL channel{Lo..Hi}={0..1} comm 0x55f30eed7ed0
nccl-test-worker-1:153679:153679 [0] NCCL INFO Recv: 65536 Bytes -> Algo Unknown proto LL channel{Lo..Hi}={0..1} comm 0x55f30eed7ed0
nccl-test-worker-1:153679:153679 [0] NCCL INFO Send: 65536 Bytes -> Algo Unknown proto LL channel{Lo..Hi}={0..1} comm 0x55f30eed7ed0
nccl-test-worker-1:153679:153679 [0] NCCL INFO Recv: 65536 Bytes -> Algo Unknown proto LL channel{Lo..Hi}={0..1} comm 0x55f30eed7ed0
nccl-test-worker-1:153679:153679 [0] NCCL INFO Send: 65536 Bytes -> Algo Unknown proto LL channel{Lo..Hi}={0..1} comm 0x55f30eed7ed0
nccl-test-worker-1:153679:153679 [0] NCCL INFO Recv: 65536 Bytes -> Algo Unknown proto LL channel{Lo..Hi}={0..1} comm 0x55f30eed7ed0
nccl-test-worker-1:153679:153679 [0] NCCL INFO Send: 65536 Bytes -> Algo Unknown proto LL channel{Lo..Hi}={0..1} comm 0x55f30eed7ed0
nccl-test-worker-1:153679:153679 [0] NCCL INFO Recv: 65536 Bytes -> Algo Unknown proto LL channel{Lo..Hi}={0..1} comm 0x55f30eed7ed0
nccl-test-worker-1:153679:153679 [0] NCCL INFO Send: 65536 Bytes -> Algo Unknown proto LL channel{Lo..Hi}={0..1} comm 0x55f30eed7ed0
nccl-test-worker-1:153679:153679 [0] NCCL INFO Recv: 65536 Bytes -> Algo Unknown proto LL channel{Lo..Hi}={0..1} comm 0x55f30eed7ed0
nccl-test-worker-1:153679:153679 [0] NCCL INFO Send: 65536 Bytes -> Algo Unknown proto LL channel{Lo..Hi}={0..1} comm 0x55f30eed7ed0
nccl-test-worker-1:153679:153679 [0] NCCL INFO Recv: 65536 Bytes -> Algo Unknown proto LL channel{Lo..Hi}={0..1} comm 0x55f30eed7ed0
nccl-test-worker-1:153679:153679 [0] NCCL INFO Send: 65536 Bytes -> Algo Unknown proto LL channel{Lo..Hi}={0..1} comm 0x55f30eed7ed0
nccl-test-worker-1:153679:153679 [0] NCCL INFO Recv: 65536 Bytes -> Algo Unknown proto LL channel{Lo..Hi}={0..1} comm 0x55f30eed7ed0
nccl-test-worker-1:153679:153679 [0] NCCL INFO Send: 65536 Bytes -> Algo Unknown proto LL channel{Lo..Hi}={0..1} comm 0x55f30eed7ed0
nccl-test-worker-1:153679:153679 [0] NCCL INFO Recv: 65536 Bytes -> Algo Unknown proto LL channel{Lo..Hi}={0..1} comm 0x55f30eed7ed0
nccl-test-worker-1:153679:153679 [0] NCCL INFO Send: 65536 Bytes -> Algo Unknown proto LL channel{Lo..Hi}={0..1} comm 0x55f30eed7ed0
nccl-test-worker-1:153679:153679 [0] NCCL INFO Recv: 131072 Bytes -> Algo Unknown proto SIMPLE channel{Lo..Hi}={0..1} comm 0x55f30eed7ed0
nccl-test-worker-1:153679:153679 [0] NCCL INFO Send: 131072 Bytes -> Algo Unknown proto SIMPLE channel{Lo..Hi}={0..1} comm 0x55f30eed7ed0
nccl-test-worker-1:153679:153679 [0] NCCL INFO Recv: 131072 Bytes -> Algo Unknown proto LL channel{Lo..Hi}={0..1} comm 0x55f30eed7ed0
nccl-test-worker-1:153679:153679 [0] NCCL INFO Send: 131072 Bytes -> Algo Unknown proto LL channel{Lo..Hi}={0..1} comm 0x55f30eed7ed0
nccl-test-worker-1:153679:153679 [0] NCCL INFO Recv: 131072 Bytes -> Algo Unknown proto LL channel{Lo..Hi}={0..1} comm 0x55f30eed7ed0
nccl-test-worker-1:153679:153679 [0] NCCL INFO Send: 131072 Bytes -> Algo Unknown proto LL channel{Lo..Hi}={0..1} comm 0x55f30eed7ed0
nccl-test-worker-1:153679:153679 [0] NCCL INFO Recv: 131072 Bytes -> Algo Unknown proto LL channel{Lo..Hi}={0..1} comm 0x55f30eed7ed0
nccl-test-worker-1:153679:153679 [0] NCCL INFO Send: 131072 Bytes -> Algo Unknown proto LL channel{Lo..Hi}={0..1} comm 0x55f30eed7ed0
nccl-test-worker-1:153679:153679 [0] NCCL INFO Recv: 131072 Bytes -> Algo Unknown proto LL channel{Lo..Hi}={0..1} comm 0x55f30eed7ed0
nccl-test-worker-1:153679:153679 [0] NCCL INFO Send: 131072 Bytes -> Algo Unknown proto LL channel{Lo..Hi}={0..1} comm 0x55f30eed7ed0
nccl-test-worker-1:153679:153679 [0] NCCL INFO Recv: 131072 Bytes -> Algo Unknown proto LL channel{Lo..Hi}={0..1} comm 0x55f30eed7ed0
nccl-test-worker-1:153679:153679 [0] NCCL INFO Send: 131072 Bytes -> Algo Unknown proto LL channel{Lo..Hi}={0..1} comm 0x55f30eed7ed0
nccl-test-worker-1:153679:153679 [0] NCCL INFO Recv: 131072 Bytes -> Algo Unknown proto LL channel{Lo..Hi}={0..1} comm 0x55f30eed7ed0
nccl-test-worker-1:153679:153679 [0] NCCL INFO Send: 131072 Bytes -> Algo Unknown proto LL channel{Lo..Hi}={0..1} comm 0x55f30eed7ed0
nccl-test-worker-1:153679:153679 [0] NCCL INFO Recv: 131072 Bytes -> Algo Unknown proto LL channel{Lo..Hi}={0..1} comm 0x55f30eed7ed0
nccl-test-worker-1:153679:153679 [0] NCCL INFO Send: 131072 Bytes -> Algo Unknown proto LL channel{Lo..Hi}={0..1} comm 0x55f30eed7ed0
nccl-test-worker-1:153679:153679 [0] NCCL INFO Recv: 131072 Bytes -> Algo Unknown proto SIMPLE channel{Lo..Hi}={0..1} comm 0x55f30eed7ed0
nccl-test-worker-1:153679:153679 [0] NCCL INFO Send: 131072 Bytes -> Algo Unknown proto SIMPLE channel{Lo..Hi}={0..1} comm 0x55f30eed7ed0
nccl-test-worker-1:153679:153679 [0] NCCL INFO Recv: 131072 Bytes -> Algo Unknown proto LL channel{Lo..Hi}={0..1} comm 0x55f30eed7ed0
nccl-test-worker-1:153679:153679 [0] NCCL INFO Send: 131072 Bytes -> Algo Unknown proto LL channel{Lo..Hi}={0..1} comm 0x55f30eed7ed0
nccl-test-worker-1:153679:153679 [0] NCCL INFO Recv: 131072 Bytes -> Algo Unknown proto LL channel{Lo..Hi}={0..1} comm 0x55f30eed7ed0
nccl-test-worker-1:153679:153679 [0] NCCL INFO Send: 131072 Bytes -> Algo Unknown proto LL channel{Lo..Hi}={0..1} comm 0x55f30eed7ed0
nccl-test-worker-1:153679:153679 [0] NCCL INFO Recv: 131072 Bytes -> Algo Unknown proto LL channel{Lo..Hi}={0..1} comm 0x55f30eed7ed0
nccl-test-worker-1:153679:153679 [0] NCCL INFO Send: 131072 Bytes -> Algo Unknown proto LL channel{Lo..Hi}={0..1} comm 0x55f30eed7ed0
nccl-test-worker-1:153679:153679 [0] NCCL INFO Recv: 131072 Bytes -> Algo Unknown proto LL channel{Lo..Hi}={0..1} comm 0x55f30eed7ed0
nccl-test-worker-1:153679:153679 [0] NCCL INFO Send: 131072 Bytes -> Algo Unknown proto LL channel{Lo..Hi}={0..1} comm 0x55f30eed7ed0
nccl-test-worker-1:153679:153679 [0] NCCL INFO Recv: 131072 Bytes -> Algo Unknown proto LL channel{Lo..Hi}={0..1} comm 0x55f30eed7ed0
nccl-test-worker-1:153679:153679 [0] NCCL INFO Send: 131072 Bytes -> Algo Unknown proto LL channel{Lo..Hi}={0..1} comm 0x55f30eed7ed0
nccl-test-worker-1:153679:153679 [0] NCCL INFO Recv: 131072 Bytes -> Algo Unknown proto LL channel{Lo..Hi}={0..1} comm 0x55f30eed7ed0
nccl-test-worker-1:153679:153679 [0] NCCL INFO Send: 131072 Bytes -> Algo Unknown proto LL channel{Lo..Hi}={0..1} comm 0x55f30eed7ed0
nccl-test-worker-1:153679:153679 [0] NCCL INFO Recv: 131072 Bytes -> Algo Unknown proto LL channel{Lo..Hi}={0..1} comm 0x55f30eed7ed0
nccl-test-worker-1:153679:153679 [0] NCCL INFO Send: 131072 Bytes -> Algo Unknown proto LL channel{Lo..Hi}={0..1} comm 0x55f30eed7ed0
nccl-test-worker-1:153679:153679 [0] NCCL INFO Recv: 131072 Bytes -> Algo Unknown proto SIMPLE channel{Lo..Hi}={0..1} comm 0x55f30eed7ed0
nccl-test-worker-1:153679:153679 [0] NCCL INFO Send: 131072 Bytes -> Algo Unknown proto SIMPLE channel{Lo..Hi}={0..1} comm 0x55f30eed7ed0
nccl-test-worker-1:153679:153679 [0] NCCL INFO Recv: 131072 Bytes -> Algo Unknown proto LL channel{Lo..Hi}={0..1} comm 0x55f30eed7ed0
nccl-test-worker-1:153679:153679 [0] NCCL INFO Send: 131072 Bytes -> Algo Unknown proto LL channel{Lo..Hi}={0..1} comm 0x55f30eed7ed0
nccl-test-worker-1:153679:153679 [0] NCCL INFO Recv: 131072 Bytes -> Algo Unknown proto LL channel{Lo..Hi}={0..1} comm 0x55f30eed7ed0
nccl-test-worker-1:153679:153679 [0] NCCL INFO Send: 131072 Bytes -> Algo Unknown proto LL channel{Lo..Hi}={0..1} comm 0x55f30eed7ed0
nccl-test-worker-1:153679:153679 [0] NCCL INFO Recv: 131072 Bytes -> Algo Unknown proto LL channel{Lo..Hi}={0..1} comm 0x55f30eed7ed0
nccl-test-worker-1:153679:153679 [0] NCCL INFO Send: 131072 Bytes -> Algo Unknown proto LL channel{Lo..Hi}={0..1} comm 0x55f30eed7ed0
nccl-test-worker-1:153679:153679 [0] NCCL INFO Recv: 131072 Bytes -> Algo Unknown proto LL channel{Lo..Hi}={0..1} comm 0x55f30eed7ed0
nccl-test-worker-1:153679:153679 [0] NCCL INFO Send: 131072 Bytes -> Algo Unknown proto LL channel{Lo..Hi}={0..1} comm 0x55f30eed7ed0
nccl-test-worker-1:153679:153679 [0] NCCL INFO Recv: 131072 Bytes -> Algo Unknown proto LL channel{Lo..Hi}={0..1} comm 0x55f30eed7ed0
nccl-test-worker-1:153679:153679 [0] NCCL INFO Send: 131072 Bytes -> Algo Unknown proto LL channel{Lo..Hi}={0..1} comm 0x55f30eed7ed0
nccl-test-worker-1:153679:153679 [0] NCCL INFO Recv: 131072 Bytes -> Algo Unknown proto LL channel{Lo..Hi}={0..1} comm 0x55f30eed7ed0
nccl-test-worker-1:153679:153679 [0] NCCL INFO Send: 131072 Bytes -> Algo Unknown proto LL channel{Lo..Hi}={0..1} comm 0x55f30eed7ed0
nccl-test-worker-1:153679:153679 [0] NCCL INFO Recv: 131072 Bytes -> Algo Unknown proto LL channel{Lo..Hi}={0..1} comm 0x55f30eed7ed0
nccl-test-worker-1:153679:153679 [0] NCCL INFO Send: 131072 Bytes -> Algo Unknown proto LL channel{Lo..Hi}={0..1} comm 0x55f30eed7ed0
nccl-test-worker-1:153679:153679 [0] NCCL INFO Recv: 131072 Bytes -> Algo Unknown proto LL channel{Lo..Hi}={0..1} comm 0x55f30eed7ed0
nccl-test-worker-1:153679:153679 [0] NCCL INFO Send: 131072 Bytes -> Algo Unknown proto LL channel{Lo..Hi}={0..1} comm 0x55f30eed7ed0
nccl-test-worker-1:153679:153679 [0] NCCL INFO Recv: 131072 Bytes -> Algo Unknown proto LL channel{Lo..Hi}={0..1} comm 0x55f30eed7ed0
nccl-test-worker-1:153679:153679 [0] NCCL INFO Send: 131072 Bytes -> Algo Unknown proto LL channel{Lo..Hi}={0..1} comm 0x55f30eed7ed0
nccl-test-worker-1:153679:153679 [0] NCCL INFO Recv: 131072 Bytes -> Algo Unknown proto LL channel{Lo..Hi}={0..1} comm 0x55f30eed7ed0
nccl-test-worker-1:153679:153679 [0] NCCL INFO Send: 131072 Bytes -> Algo Unknown proto LL channel{Lo..Hi}={0..1} comm 0x55f30eed7ed0
nccl-test-worker-1:153679:153679 [0] NCCL INFO Recv: 131072 Bytes -> Algo Unknown proto LL channel{Lo..Hi}={0..1} comm 0x55f30eed7ed0
nccl-test-worker-1:153679:153679 [0] NCCL INFO Send: 131072 Bytes -> Algo Unknown proto LL channel{Lo..Hi}={0..1} comm 0x55f30eed7ed0
nccl-test-worker-1:153679:153679 [0] NCCL INFO Recv: 131072 Bytes -> Algo Unknown proto LL channel{Lo..Hi}={0..1} comm 0x55f30eed7ed0
nccl-test-worker-1:153679:153679 [0] NCCL INFO Send: 131072 Bytes -> Algo Unknown proto LL channel{Lo..Hi}={0..1} comm 0x55f30eed7ed0
nccl-test-worker-1:153679:153679 [0] NCCL INFO Recv: 131072 Bytes -> Algo Unknown proto LL channel{Lo..Hi}={0..1} comm 0x55f30eed7ed0
nccl-test-worker-1:153679:153679 [0] NCCL INFO Send: 131072 Bytes -> Algo Unknown proto LL channel{Lo..Hi}={0..1} comm 0x55f30eed7ed0
nccl-test-worker-1:153679:153679 [0] NCCL INFO Recv: 131072 Bytes -> Algo Unknown proto LL channel{Lo..Hi}={0..1} comm 0x55f30eed7ed0
nccl-test-worker-1:153679:153679 [0] NCCL INFO Send: 131072 Bytes -> Algo Unknown proto LL channel{Lo..Hi}={0..1} comm 0x55f30eed7ed0
nccl-test-worker-1:153679:153679 [0] NCCL INFO Recv: 131072 Bytes -> Algo Unknown proto LL channel{Lo..Hi}={0..1} comm 0x55f30eed7ed0
nccl-test-worker-1:153679:153679 [0] NCCL INFO Send: 131072 Bytes -> Algo Unknown proto LL channel{Lo..Hi}={0..1} comm 0x55f30eed7ed0
nccl-test-worker-1:153679:153679 [0] NCCL INFO Recv: 131072 Bytes -> Algo Unknown proto LL channel{Lo..Hi}={0..1} comm 0x55f30eed7ed0
nccl-test-worker-1:153679:153679 [0] NCCL INFO Send: 131072 Bytes -> Algo Unknown proto LL channel{Lo..Hi}={0..1} comm 0x55f30eed7ed0
nccl-test-worker-1:153679:153679 [0] NCCL INFO Recv: 131072 Bytes -> Algo Unknown proto LL channel{Lo..Hi}={0..1} comm 0x55f30eed7ed0
nccl-test-worker-1:153679:153679 [0] NCCL INFO Send: 131072 Bytes -> Algo Unknown proto LL channel{Lo..Hi}={0..1} comm 0x55f30eed7ed0
nccl-test-worker-1:153679:153679 [0] NCCL INFO Recv: 131072 Bytes -> Algo Unknown proto LL channel{Lo..Hi}={0..1} comm 0x55f30eed7ed0
nccl-test-worker-1:153679:153679 [0] NCCL INFO Send: 131072 Bytes -> Algo Unknown proto LL channel{Lo..Hi}={0..1} comm 0x55f30eed7ed0
nccl-test-worker-1:153679:153679 [0] NCCL INFO Recv: 131072 Bytes -> Algo Unknown proto LL channel{Lo..Hi}={0..1} comm 0x55f30eed7ed0
nccl-test-worker-1:153679:153679 [0] NCCL INFO Send: 131072 Bytes -> Algo Unknown proto LL channel{Lo..Hi}={0..1} comm 0x55f30eed7ed0
nccl-test-worker-1:153679:153679 [0] NCCL INFO Recv: 131072 Bytes -> Algo Unknown proto LL channel{Lo..Hi}={0..1} comm 0x55f30eed7ed0
nccl-test-worker-1:153679:153679 [0] NCCL INFO Send: 131072 Bytes -> Algo Unknown proto LL channel{Lo..Hi}={0..1} comm 0x55f30eed7ed0
nccl-test-worker-1:153679:153679 [0] NCCL INFO Recv: 131072 Bytes -> Algo Unknown proto LL channel{Lo..Hi}={0..1} comm 0x55f30eed7ed0
nccl-test-worker-1:153679:153679 [0] NCCL INFO Send: 131072 Bytes -> Algo Unknown proto LL channel{Lo..Hi}={0..1} comm 0x55f30eed7ed0
nccl-test-worker-1:153679:153679 [0] NCCL INFO Recv: 131072 Bytes -> Algo Unknown proto LL channel{Lo..Hi}={0..1} comm 0x55f30eed7ed0
nccl-test-worker-1:153679:153679 [0] NCCL INFO Send: 131072 Bytes -> Algo Unknown proto LL channel{Lo..Hi}={0..1} comm 0x55f30eed7ed0
nccl-test-worker-1:153679:153679 [0] NCCL INFO Recv: 131072 Bytes -> Algo Unknown proto LL channel{Lo..Hi}={0..1} comm 0x55f30eed7ed0
nccl-test-worker-1:153679:153679 [0] NCCL INFO Send: 131072 Bytes -> Algo Unknown proto LL channel{Lo..Hi}={0..1} comm 0x55f30eed7ed0
nccl-test-worker-1:153679:153679 [0] NCCL INFO Recv: 131072 Bytes -> Algo Unknown proto LL channel{Lo..Hi}={0..1} comm 0x55f30eed7ed0
nccl-test-worker-1:153679:153679 [0] NCCL INFO Send: 131072 Bytes -> Algo Unknown proto LL channel{Lo..Hi}={0..1} comm 0x55f30eed7ed0
nccl-test-worker-1:153679:153679 [0] NCCL INFO Recv: 131072 Bytes -> Algo Unknown proto LL channel{Lo..Hi}={0..1} comm 0x55f30eed7ed0
nccl-test-worker-1:153679:153679 [0] NCCL INFO Send: 131072 Bytes -> Algo Unknown proto LL channel{Lo..Hi}={0..1} comm 0x55f30eed7ed0
nccl-test-worker-1:153679:153679 [0] NCCL INFO Recv: 131072 Bytes -> Algo Unknown proto LL channel{Lo..Hi}={0..1} comm 0x55f30eed7ed0
nccl-test-worker-1:153679:153679 [0] NCCL INFO Send: 131072 Bytes -> Algo Unknown proto LL channel{Lo..Hi}={0..1} comm 0x55f30eed7ed0
nccl-test-worker-1:153679:153679 [0] NCCL INFO Recv: 131072 Bytes -> Algo Unknown proto LL channel{Lo..Hi}={0..1} comm 0x55f30eed7ed0
nccl-test-worker-1:153679:153679 [0] NCCL INFO Send: 131072 Bytes -> Algo Unknown proto LL channel{Lo..Hi}={0..1} comm 0x55f30eed7ed0
nccl-test-worker-1:153679:153679 [0] NCCL INFO Recv: 131072 Bytes -> Algo Unknown proto LL channel{Lo..Hi}={0..1} comm 0x55f30eed7ed0
nccl-test-worker-1:153679:153679 [0] NCCL INFO Send: 131072 Bytes -> Algo Unknown proto LL channel{Lo..Hi}={0..1} comm 0x55f30eed7ed0
nccl-test-worker-1:153679:153679 [0] NCCL INFO Recv: 262144 Bytes -> Algo Unknown proto SIMPLE channel{Lo..Hi}={0..1} comm 0x55f30eed7ed0
nccl-test-worker-1:153679:153679 [0] NCCL INFO Send: 262144 Bytes -> Algo Unknown proto SIMPLE channel{Lo..Hi}={0..1} comm 0x55f30eed7ed0
nccl-test-worker-1:153679:153679 [0] NCCL INFO Recv: 262144 Bytes -> Algo Unknown proto LL channel{Lo..Hi}={0..1} comm 0x55f30eed7ed0
nccl-test-worker-1:153679:153679 [0] NCCL INFO Send: 262144 Bytes -> Algo Unknown proto LL channel{Lo..Hi}={0..1} comm 0x55f30eed7ed0
nccl-test-worker-1:153679:153679 [0] NCCL INFO Recv: 262144 Bytes -> Algo Unknown proto LL channel{Lo..Hi}={0..1} comm 0x55f30eed7ed0
nccl-test-worker-1:153679:153679 [0] NCCL INFO Send: 262144 Bytes -> Algo Unknown proto LL channel{Lo..Hi}={0..1} comm 0x55f30eed7ed0
nccl-test-worker-1:153679:153679 [0] NCCL INFO Recv: 262144 Bytes -> Algo Unknown proto LL channel{Lo..Hi}={0..1} comm 0x55f30eed7ed0
nccl-test-worker-1:153679:153679 [0] NCCL INFO Send: 262144 Bytes -> Algo Unknown proto LL channel{Lo..Hi}={0..1} comm 0x55f30eed7ed0
nccl-test-worker-1:153679:153679 [0] NCCL INFO Recv: 262144 Bytes -> Algo Unknown proto LL channel{Lo..Hi}={0..1} comm 0x55f30eed7ed0
nccl-test-worker-1:153679:153679 [0] NCCL INFO Send: 262144 Bytes -> Algo Unknown proto LL channel{Lo..Hi}={0..1} comm 0x55f30eed7ed0
nccl-test-worker-1:153679:153679 [0] NCCL INFO Recv: 262144 Bytes -> Algo Unknown proto LL channel{Lo..Hi}={0..1} comm 0x55f30eed7ed0
nccl-test-worker-1:153679:153679 [0] NCCL INFO Send: 262144 Bytes -> Algo Unknown proto LL channel{Lo..Hi}={0..1} comm 0x55f30eed7ed0
nccl-test-worker-1:153679:153679 [0] NCCL INFO Recv: 262144 Bytes -> Algo Unknown proto LL channel{Lo..Hi}={0..1} comm 0x55f30eed7ed0
nccl-test-worker-1:153679:153679 [0] NCCL INFO Send: 262144 Bytes -> Algo Unknown proto LL channel{Lo..Hi}={0..1} comm 0x55f30eed7ed0
nccl-test-worker-1:153679:153679 [0] NCCL INFO Recv: 262144 Bytes -> Algo Unknown proto LL channel{Lo..Hi}={0..1} comm 0x55f30eed7ed0
nccl-test-worker-1:153679:153679 [0] NCCL INFO Send: 262144 Bytes -> Algo Unknown proto LL channel{Lo..Hi}={0..1} comm 0x55f30eed7ed0
nccl-test-worker-1:153679:153679 [0] NCCL INFO Recv: 262144 Bytes -> Algo Unknown proto SIMPLE channel{Lo..Hi}={0..1} comm 0x55f30eed7ed0
nccl-test-worker-1:153679:153679 [0] NCCL INFO Send: 262144 Bytes -> Algo Unknown proto SIMPLE channel{Lo..Hi}={0..1} comm 0x55f30eed7ed0
nccl-test-worker-1:153679:153679 [0] NCCL INFO Recv: 262144 Bytes -> Algo Unknown proto LL channel{Lo..Hi}={0..1} comm 0x55f30eed7ed0
nccl-test-worker-1:153679:153679 [0] NCCL INFO Send: 262144 Bytes -> Algo Unknown proto LL channel{Lo..Hi}={0..1} comm 0x55f30eed7ed0
nccl-test-worker-1:153679:153679 [0] NCCL INFO Recv: 262144 Bytes -> Algo Unknown proto LL channel{Lo..Hi}={0..1} comm 0x55f30eed7ed0
nccl-test-worker-1:153679:153679 [0] NCCL INFO Send: 262144 Bytes -> Algo Unknown proto LL channel{Lo..Hi}={0..1} comm 0x55f30eed7ed0
nccl-test-worker-1:153679:153679 [0] NCCL INFO Recv: 262144 Bytes -> Algo Unknown proto LL channel{Lo..Hi}={0..1} comm 0x55f30eed7ed0
nccl-test-worker-1:153679:153679 [0] NCCL INFO Send: 262144 Bytes -> Algo Unknown proto LL channel{Lo..Hi}={0..1} comm 0x55f30eed7ed0
nccl-test-worker-1:153679:153679 [0] NCCL INFO Recv: 262144 Bytes -> Algo Unknown proto LL channel{Lo..Hi}={0..1} comm 0x55f30eed7ed0
nccl-test-worker-1:153679:153679 [0] NCCL INFO Send: 262144 Bytes -> Algo Unknown proto LL channel{Lo..Hi}={0..1} comm 0x55f30eed7ed0
nccl-test-worker-1:153679:153679 [0] NCCL INFO Recv: 262144 Bytes -> Algo Unknown proto LL channel{Lo..Hi}={0..1} comm 0x55f30eed7ed0
nccl-test-worker-1:153679:153679 [0] NCCL INFO Send: 262144 Bytes -> Algo Unknown proto LL channel{Lo..Hi}={0..1} comm 0x55f30eed7ed0
nccl-test-worker-1:153679:153679 [0] NCCL INFO Recv: 262144 Bytes -> Algo Unknown proto LL channel{Lo..Hi}={0..1} comm 0x55f30eed7ed0
nccl-test-worker-1:153679:153679 [0] NCCL INFO Send: 262144 Bytes -> Algo Unknown proto LL channel{Lo..Hi}={0..1} comm 0x55f30eed7ed0
nccl-test-worker-1:153679:153679 [0] NCCL INFO Recv: 262144 Bytes -> Algo Unknown proto LL channel{Lo..Hi}={0..1} comm 0x55f30eed7ed0
nccl-test-worker-1:153679:153679 [0] NCCL INFO Send: 262144 Bytes -> Algo Unknown proto LL channel{Lo..Hi}={0..1} comm 0x55f30eed7ed0
nccl-test-worker-1:153679:153679 [0] NCCL INFO Recv: 262144 Bytes -> Algo Unknown proto SIMPLE channel{Lo..Hi}={0..1} comm 0x55f30eed7ed0
nccl-test-worker-1:153679:153679 [0] NCCL INFO Send: 262144 Bytes -> Algo Unknown proto SIMPLE channel{Lo..Hi}={0..1} comm 0x55f30eed7ed0
nccl-test-worker-1:153679:153679 [0] NCCL INFO Recv: 262144 Bytes -> Algo Unknown proto LL channel{Lo..Hi}={0..1} comm 0x55f30eed7ed0
nccl-test-worker-1:153679:153679 [0] NCCL INFO Send: 262144 Bytes -> Algo Unknown proto LL channel{Lo..Hi}={0..1} comm 0x55f30eed7ed0
nccl-test-worker-1:153679:153679 [0] NCCL INFO Recv: 262144 Bytes -> Algo Unknown proto LL channel{Lo..Hi}={0..1} comm 0x55f30eed7ed0
nccl-test-worker-1:153679:153679 [0] NCCL INFO Send: 262144 Bytes -> Algo Unknown proto LL channel{Lo..Hi}={0..1} comm 0x55f30eed7ed0
nccl-test-worker-1:153679:153679 [0] NCCL INFO Recv: 262144 Bytes -> Algo Unknown proto LL channel{Lo..Hi}={0..1} comm 0x55f30eed7ed0
nccl-test-worker-1:153679:153679 [0] NCCL INFO Send: 262144 Bytes -> Algo Unknown proto LL channel{Lo..Hi}={0..1} comm 0x55f30eed7ed0
nccl-test-worker-1:153679:153679 [0] NCCL INFO Recv: 262144 Bytes -> Algo Unknown proto LL channel{Lo..Hi}={0..1} comm 0x55f30eed7ed0
nccl-test-worker-1:153679:153679 [0] NCCL INFO Send: 262144 Bytes -> Algo Unknown proto LL channel{Lo..Hi}={0..1} comm 0x55f30eed7ed0
nccl-test-worker-1:153679:153679 [0] NCCL INFO Recv: 262144 Bytes -> Algo Unknown proto LL channel{Lo..Hi}={0..1} comm 0x55f30eed7ed0
nccl-test-worker-1:153679:153679 [0] NCCL INFO Send: 262144 Bytes -> Algo Unknown proto LL channel{Lo..Hi}={0..1} comm 0x55f30eed7ed0
nccl-test-worker-1:153679:153679 [0] NCCL INFO Recv: 262144 Bytes -> Algo Unknown proto LL channel{Lo..Hi}={0..1} comm 0x55f30eed7ed0
nccl-test-worker-1:153679:153679 [0] NCCL INFO Send: 262144 Bytes -> Algo Unknown proto LL channel{Lo..Hi}={0..1} comm 0x55f30eed7ed0
nccl-test-worker-1:153679:153679 [0] NCCL INFO Recv: 262144 Bytes -> Algo Unknown proto LL channel{Lo..Hi}={0..1} comm 0x55f30eed7ed0
nccl-test-worker-1:153679:153679 [0] NCCL INFO Send: 262144 Bytes -> Algo Unknown proto LL channel{Lo..Hi}={0..1} comm 0x55f30eed7ed0
nccl-test-worker-1:153679:153679 [0] NCCL INFO Recv: 262144 Bytes -> Algo Unknown proto LL channel{Lo..Hi}={0..1} comm 0x55f30eed7ed0
nccl-test-worker-1:153679:153679 [0] NCCL INFO Send: 262144 Bytes -> Algo Unknown proto LL channel{Lo..Hi}={0..1} comm 0x55f30eed7ed0
nccl-test-worker-1:153679:153679 [0] NCCL INFO Recv: 262144 Bytes -> Algo Unknown proto LL channel{Lo..Hi}={0..1} comm 0x55f30eed7ed0
nccl-test-worker-1:153679:153679 [0] NCCL INFO Send: 262144 Bytes -> Algo Unknown proto LL channel{Lo..Hi}={0..1} comm 0x55f30eed7ed0
nccl-test-worker-1:153679:153679 [0] NCCL INFO Recv: 262144 Bytes -> Algo Unknown proto LL channel{Lo..Hi}={0..1} comm 0x55f30eed7ed0
nccl-test-worker-1:153679:153679 [0] NCCL INFO Send: 262144 Bytes -> Algo Unknown proto LL channel{Lo..Hi}={0..1} comm 0x55f30eed7ed0
nccl-test-worker-1:153679:153679 [0] NCCL INFO Recv: 262144 Bytes -> Algo Unknown proto LL channel{Lo..Hi}={0..1} comm 0x55f30eed7ed0
nccl-test-worker-1:153679:153679 [0] NCCL INFO Send: 262144 Bytes -> Algo Unknown proto LL channel{Lo..Hi}={0..1} comm 0x55f30eed7ed0
nccl-test-worker-1:153679:153679 [0] NCCL INFO Recv: 262144 Bytes -> Algo Unknown proto LL channel{Lo..Hi}={0..1} comm 0x55f30eed7ed0
nccl-test-worker-1:153679:153679 [0] NCCL INFO Send: 262144 Bytes -> Algo Unknown proto LL channel{Lo..Hi}={0..1} comm 0x55f30eed7ed0
nccl-test-worker-1:153679:153679 [0] NCCL INFO Recv: 262144 Bytes -> Algo Unknown proto LL channel{Lo..Hi}={0..1} comm 0x55f30eed7ed0
nccl-test-worker-1:153679:153679 [0] NCCL INFO Send: 262144 Bytes -> Algo Unknown proto LL channel{Lo..Hi}={0..1} comm 0x55f30eed7ed0
nccl-test-worker-1:153679:153679 [0] NCCL INFO Recv: 262144 Bytes -> Algo Unknown proto LL channel{Lo..Hi}={0..1} comm 0x55f30eed7ed0
nccl-test-worker-1:153679:153679 [0] NCCL INFO Send: 262144 Bytes -> Algo Unknown proto LL channel{Lo..Hi}={0..1} comm 0x55f30eed7ed0
nccl-test-worker-1:153679:153679 [0] NCCL INFO Recv: 262144 Bytes -> Algo Unknown proto LL channel{Lo..Hi}={0..1} comm 0x55f30eed7ed0
nccl-test-worker-1:153679:153679 [0] NCCL INFO Send: 262144 Bytes -> Algo Unknown proto LL channel{Lo..Hi}={0..1} comm 0x55f30eed7ed0
nccl-test-worker-1:153679:153679 [0] NCCL INFO Recv: 262144 Bytes -> Algo Unknown proto LL channel{Lo..Hi}={0..1} comm 0x55f30eed7ed0
nccl-test-worker-1:153679:153679 [0] NCCL INFO Send: 262144 Bytes -> Algo Unknown proto LL channel{Lo..Hi}={0..1} comm 0x55f30eed7ed0
nccl-test-worker-1:153679:153679 [0] NCCL INFO Recv: 262144 Bytes -> Algo Unknown proto LL channel{Lo..Hi}={0..1} comm 0x55f30eed7ed0
nccl-test-worker-1:153679:153679 [0] NCCL INFO Send: 262144 Bytes -> Algo Unknown proto LL channel{Lo..Hi}={0..1} comm 0x55f30eed7ed0
nccl-test-worker-1:153679:153679 [0] NCCL INFO Recv: 262144 Bytes -> Algo Unknown proto LL channel{Lo..Hi}={0..1} comm 0x55f30eed7ed0
nccl-test-worker-1:153679:153679 [0] NCCL INFO Send: 262144 Bytes -> Algo Unknown proto LL channel{Lo..Hi}={0..1} comm 0x55f30eed7ed0
nccl-test-worker-1:153679:153679 [0] NCCL INFO Recv: 262144 Bytes -> Algo Unknown proto LL channel{Lo..Hi}={0..1} comm 0x55f30eed7ed0
nccl-test-worker-1:153679:153679 [0] NCCL INFO Send: 262144 Bytes -> Algo Unknown proto LL channel{Lo..Hi}={0..1} comm 0x55f30eed7ed0
nccl-test-worker-1:153679:153679 [0] NCCL INFO Recv: 262144 Bytes -> Algo Unknown proto LL channel{Lo..Hi}={0..1} comm 0x55f30eed7ed0
nccl-test-worker-1:153679:153679 [0] NCCL INFO Send: 262144 Bytes -> Algo Unknown proto LL channel{Lo..Hi}={0..1} comm 0x55f30eed7ed0
nccl-test-worker-1:153679:153679 [0] NCCL INFO Recv: 262144 Bytes -> Algo Unknown proto LL channel{Lo..Hi}={0..1} comm 0x55f30eed7ed0
nccl-test-worker-1:153679:153679 [0] NCCL INFO Send: 262144 Bytes -> Algo Unknown proto LL channel{Lo..Hi}={0..1} comm 0x55f30eed7ed0
nccl-test-worker-1:153679:153679 [0] NCCL INFO Recv: 262144 Bytes -> Algo Unknown proto LL channel{Lo..Hi}={0..1} comm 0x55f30eed7ed0
nccl-test-worker-1:153679:153679 [0] NCCL INFO Send: 262144 Bytes -> Algo Unknown proto LL channel{Lo..Hi}={0..1} comm 0x55f30eed7ed0
nccl-test-worker-1:153679:153679 [0] NCCL INFO Recv: 262144 Bytes -> Algo Unknown proto LL channel{Lo..Hi}={0..1} comm 0x55f30eed7ed0
nccl-test-worker-1:153679:153679 [0] NCCL INFO Send: 262144 Bytes -> Algo Unknown proto LL channel{Lo..Hi}={0..1} comm 0x55f30eed7ed0
nccl-test-worker-1:153679:153679 [0] NCCL INFO Recv: 262144 Bytes -> Algo Unknown proto LL channel{Lo..Hi}={0..1} comm 0x55f30eed7ed0
nccl-test-worker-1:153679:153679 [0] NCCL INFO Send: 262144 Bytes -> Algo Unknown proto LL channel{Lo..Hi}={0..1} comm 0x55f30eed7ed0
nccl-test-worker-1:153679:153679 [0] NCCL INFO Recv: 262144 Bytes -> Algo Unknown proto LL channel{Lo..Hi}={0..1} comm 0x55f30eed7ed0
nccl-test-worker-1:153679:153679 [0] NCCL INFO Send: 262144 Bytes -> Algo Unknown proto LL channel{Lo..Hi}={0..1} comm 0x55f30eed7ed0
nccl-test-worker-1:153679:153679 [0] NCCL INFO Recv: 262144 Bytes -> Algo Unknown proto LL channel{Lo..Hi}={0..1} comm 0x55f30eed7ed0
nccl-test-worker-1:153679:153679 [0] NCCL INFO Send: 262144 Bytes -> Algo Unknown proto LL channel{Lo..Hi}={0..1} comm 0x55f30eed7ed0
nccl-test-worker-1:153679:153679 [0] NCCL INFO Recv: 262144 Bytes -> Algo Unknown proto LL channel{Lo..Hi}={0..1} comm 0x55f30eed7ed0
nccl-test-worker-1:153679:153679 [0] NCCL INFO Send: 262144 Bytes -> Algo Unknown proto LL channel{Lo..Hi}={0..1} comm 0x55f30eed7ed0
nccl-test-worker-1:153679:153679 [0] NCCL INFO Recv: 262144 Bytes -> Algo Unknown proto LL channel{Lo..Hi}={0..1} comm 0x55f30eed7ed0
nccl-test-worker-1:153679:153679 [0] NCCL INFO Send: 262144 Bytes -> Algo Unknown proto LL channel{Lo..Hi}={0..1} comm 0x55f30eed7ed0
nccl-test-worker-1:153679:153679 [0] NCCL INFO Recv: 524288 Bytes -> Algo Unknown proto SIMPLE channel{Lo..Hi}={0..1} comm 0x55f30eed7ed0
nccl-test-worker-1:153679:153679 [0] NCCL INFO Send: 524288 Bytes -> Algo Unknown proto SIMPLE channel{Lo..Hi}={0..1} comm 0x55f30eed7ed0
nccl-test-worker-1:153679:153679 [0] NCCL INFO Recv: 524288 Bytes -> Algo Unknown proto SIMPLE channel{Lo..Hi}={0..1} comm 0x55f30eed7ed0
nccl-test-worker-1:153679:153679 [0] NCCL INFO Send: 524288 Bytes -> Algo Unknown proto SIMPLE channel{Lo..Hi}={0..1} comm 0x55f30eed7ed0
nccl-test-worker-1:153679:153679 [0] NCCL INFO Recv: 524288 Bytes -> Algo Unknown proto SIMPLE channel{Lo..Hi}={0..1} comm 0x55f30eed7ed0
nccl-test-worker-1:153679:153679 [0] NCCL INFO Send: 524288 Bytes -> Algo Unknown proto SIMPLE channel{Lo..Hi}={0..1} comm 0x55f30eed7ed0
nccl-test-worker-1:153679:153679 [0] NCCL INFO Recv: 524288 Bytes -> Algo Unknown proto SIMPLE channel{Lo..Hi}={0..1} comm 0x55f30eed7ed0
nccl-test-worker-1:153679:153679 [0] NCCL INFO Send: 524288 Bytes -> Algo Unknown proto SIMPLE channel{Lo..Hi}={0..1} comm 0x55f30eed7ed0
nccl-test-worker-1:153679:153679 [0] NCCL INFO Recv: 524288 Bytes -> Algo Unknown proto SIMPLE channel{Lo..Hi}={0..1} comm 0x55f30eed7ed0
nccl-test-worker-1:153679:153679 [0] NCCL INFO Send: 524288 Bytes -> Algo Unknown proto SIMPLE channel{Lo..Hi}={0..1} comm 0x55f30eed7ed0
nccl-test-worker-1:153679:153679 [0] NCCL INFO Recv: 524288 Bytes -> Algo Unknown proto SIMPLE channel{Lo..Hi}={0..1} comm 0x55f30eed7ed0
nccl-test-worker-1:153679:153679 [0] NCCL INFO Send: 524288 Bytes -> Algo Unknown proto SIMPLE channel{Lo..Hi}={0..1} comm 0x55f30eed7ed0
nccl-test-worker-1:153679:153679 [0] NCCL INFO Recv: 524288 Bytes -> Algo Unknown proto SIMPLE channel{Lo..Hi}={0..1} comm 0x55f30eed7ed0
nccl-test-worker-1:153679:153679 [0] NCCL INFO Send: 524288 Bytes -> Algo Unknown proto SIMPLE channel{Lo..Hi}={0..1} comm 0x55f30eed7ed0
nccl-test-worker-1:153679:153679 [0] NCCL INFO Recv: 524288 Bytes -> Algo Unknown proto SIMPLE channel{Lo..Hi}={0..1} comm 0x55f30eed7ed0
nccl-test-worker-1:153679:153679 [0] NCCL INFO Send: 524288 Bytes -> Algo Unknown proto SIMPLE channel{Lo..Hi}={0..1} comm 0x55f30eed7ed0
nccl-test-worker-1:153679:153679 [0] NCCL INFO Recv: 524288 Bytes -> Algo Unknown proto SIMPLE channel{Lo..Hi}={0..1} comm 0x55f30eed7ed0
nccl-test-worker-1:153679:153679 [0] NCCL INFO Send: 524288 Bytes -> Algo Unknown proto SIMPLE channel{Lo..Hi}={0..1} comm 0x55f30eed7ed0
nccl-test-worker-1:153679:153679 [0] NCCL INFO Recv: 524288 Bytes -> Algo Unknown proto SIMPLE channel{Lo..Hi}={0..1} comm 0x55f30eed7ed0
nccl-test-worker-1:153679:153679 [0] NCCL INFO Send: 524288 Bytes -> Algo Unknown proto SIMPLE channel{Lo..Hi}={0..1} comm 0x55f30eed7ed0
nccl-test-worker-1:153679:153679 [0] NCCL INFO Recv: 524288 Bytes -> Algo Unknown proto SIMPLE channel{Lo..Hi}={0..1} comm 0x55f30eed7ed0
nccl-test-worker-1:153679:153679 [0] NCCL INFO Send: 524288 Bytes -> Algo Unknown proto SIMPLE channel{Lo..Hi}={0..1} comm 0x55f30eed7ed0
nccl-test-worker-1:153679:153679 [0] NCCL INFO Recv: 524288 Bytes -> Algo Unknown proto SIMPLE channel{Lo..Hi}={0..1} comm 0x55f30eed7ed0
nccl-test-worker-1:153679:153679 [0] NCCL INFO Send: 524288 Bytes -> Algo Unknown proto SIMPLE channel{Lo..Hi}={0..1} comm 0x55f30eed7ed0
nccl-test-worker-1:153679:153679 [0] NCCL INFO Recv: 524288 Bytes -> Algo Unknown proto SIMPLE channel{Lo..Hi}={0..1} comm 0x55f30eed7ed0
nccl-test-worker-1:153679:153679 [0] NCCL INFO Send: 524288 Bytes -> Algo Unknown proto SIMPLE channel{Lo..Hi}={0..1} comm 0x55f30eed7ed0
nccl-test-worker-1:153679:153679 [0] NCCL INFO Recv: 524288 Bytes -> Algo Unknown proto SIMPLE channel{Lo..Hi}={0..1} comm 0x55f30eed7ed0
nccl-test-worker-1:153679:153679 [0] NCCL INFO Send: 524288 Bytes -> Algo Unknown proto SIMPLE channel{Lo..Hi}={0..1} comm 0x55f30eed7ed0
nccl-test-worker-1:153679:153679 [0] NCCL INFO Recv: 524288 Bytes -> Algo Unknown proto SIMPLE channel{Lo..Hi}={0..1} comm 0x55f30eed7ed0
nccl-test-worker-1:153679:153679 [0] NCCL INFO Send: 524288 Bytes -> Algo Unknown proto SIMPLE channel{Lo..Hi}={0..1} comm 0x55f30eed7ed0
nccl-test-worker-1:153679:153679 [0] NCCL INFO Recv: 524288 Bytes -> Algo Unknown proto SIMPLE channel{Lo..Hi}={0..1} comm 0x55f30eed7ed0
nccl-test-worker-1:153679:153679 [0] NCCL INFO Send: 524288 Bytes -> Algo Unknown proto SIMPLE channel{Lo..Hi}={0..1} comm 0x55f30eed7ed0
nccl-test-worker-1:153679:153679 [0] NCCL INFO Recv: 524288 Bytes -> Algo Unknown proto SIMPLE channel{Lo..Hi}={0..1} comm 0x55f30eed7ed0
nccl-test-worker-1:153679:153679 [0] NCCL INFO Send: 524288 Bytes -> Algo Unknown proto SIMPLE channel{Lo..Hi}={0..1} comm 0x55f30eed7ed0
nccl-test-worker-1:153679:153679 [0] NCCL INFO Recv: 524288 Bytes -> Algo Unknown proto SIMPLE channel{Lo..Hi}={0..1} comm 0x55f30eed7ed0
nccl-test-worker-1:153679:153679 [0] NCCL INFO Send: 524288 Bytes -> Algo Unknown proto SIMPLE channel{Lo..Hi}={0..1} comm 0x55f30eed7ed0
nccl-test-worker-1:153679:153679 [0] NCCL INFO Recv: 524288 Bytes -> Algo Unknown proto SIMPLE channel{Lo..Hi}={0..1} comm 0x55f30eed7ed0
nccl-test-worker-1:153679:153679 [0] NCCL INFO Send: 524288 Bytes -> Algo Unknown proto SIMPLE channel{Lo..Hi}={0..1} comm 0x55f30eed7ed0
nccl-test-worker-1:153679:153679 [0] NCCL INFO Recv: 524288 Bytes -> Algo Unknown proto SIMPLE channel{Lo..Hi}={0..1} comm 0x55f30eed7ed0
nccl-test-worker-1:153679:153679 [0] NCCL INFO Send: 524288 Bytes -> Algo Unknown proto SIMPLE channel{Lo..Hi}={0..1} comm 0x55f30eed7ed0
nccl-test-worker-1:153679:153679 [0] NCCL INFO Recv: 524288 Bytes -> Algo Unknown proto SIMPLE channel{Lo..Hi}={0..1} comm 0x55f30eed7ed0
nccl-test-worker-1:153679:153679 [0] NCCL INFO Send: 524288 Bytes -> Algo Unknown proto SIMPLE channel{Lo..Hi}={0..1} comm 0x55f30eed7ed0
nccl-test-worker-1:153679:153679 [0] NCCL INFO Recv: 524288 Bytes -> Algo Unknown proto SIMPLE channel{Lo..Hi}={0..1} comm 0x55f30eed7ed0
nccl-test-worker-1:153679:153679 [0] NCCL INFO Send: 524288 Bytes -> Algo Unknown proto SIMPLE channel{Lo..Hi}={0..1} comm 0x55f30eed7ed0
nccl-test-worker-1:153679:153679 [0] NCCL INFO Recv: 524288 Bytes -> Algo Unknown proto SIMPLE channel{Lo..Hi}={0..1} comm 0x55f30eed7ed0
nccl-test-worker-1:153679:153679 [0] NCCL INFO Send: 524288 Bytes -> Algo Unknown proto SIMPLE channel{Lo..Hi}={0..1} comm 0x55f30eed7ed0
nccl-test-worker-1:153679:153679 [0] NCCL INFO Recv: 524288 Bytes -> Algo Unknown proto SIMPLE channel{Lo..Hi}={0..1} comm 0x55f30eed7ed0
nccl-test-worker-1:153679:153679 [0] NCCL INFO Send: 524288 Bytes -> Algo Unknown proto SIMPLE channel{Lo..Hi}={0..1} comm 0x55f30eed7ed0
nccl-test-worker-1:153679:153679 [0] NCCL INFO Recv: 524288 Bytes -> Algo Unknown proto SIMPLE channel{Lo..Hi}={0..1} comm 0x55f30eed7ed0
nccl-test-worker-1:153679:153679 [0] NCCL INFO Send: 524288 Bytes -> Algo Unknown proto SIMPLE channel{Lo..Hi}={0..1} comm 0x55f30eed7ed0
nccl-test-worker-1:153679:153679 [0] NCCL INFO Recv: 524288 Bytes -> Algo Unknown proto SIMPLE channel{Lo..Hi}={0..1} comm 0x55f30eed7ed0
nccl-test-worker-1:153679:153679 [0] NCCL INFO Send: 524288 Bytes -> Algo Unknown proto SIMPLE channel{Lo..Hi}={0..1} comm 0x55f30eed7ed0
nccl-test-worker-1:153679:153679 [0] NCCL INFO Recv: 524288 Bytes -> Algo Unknown proto SIMPLE channel{Lo..Hi}={0..1} comm 0x55f30eed7ed0
nccl-test-worker-1:153679:153679 [0] NCCL INFO Send: 524288 Bytes -> Algo Unknown proto SIMPLE channel{Lo..Hi}={0..1} comm 0x55f30eed7ed0
nccl-test-worker-1:153679:153679 [0] NCCL INFO Recv: 524288 Bytes -> Algo Unknown proto SIMPLE channel{Lo..Hi}={0..1} comm 0x55f30eed7ed0
nccl-test-worker-1:153679:153679 [0] NCCL INFO Send: 524288 Bytes -> Algo Unknown proto SIMPLE channel{Lo..Hi}={0..1} comm 0x55f30eed7ed0
nccl-test-worker-1:153679:153679 [0] NCCL INFO Recv: 524288 Bytes -> Algo Unknown proto SIMPLE channel{Lo..Hi}={0..1} comm 0x55f30eed7ed0
nccl-test-worker-1:153679:153679 [0] NCCL INFO Send: 524288 Bytes -> Algo Unknown proto SIMPLE channel{Lo..Hi}={0..1} comm 0x55f30eed7ed0
nccl-test-worker-1:153679:153679 [0] NCCL INFO Recv: 524288 Bytes -> Algo Unknown proto SIMPLE channel{Lo..Hi}={0..1} comm 0x55f30eed7ed0
nccl-test-worker-1:153679:153679 [0] NCCL INFO Send: 524288 Bytes -> Algo Unknown proto SIMPLE channel{Lo..Hi}={0..1} comm 0x55f30eed7ed0
nccl-test-worker-1:153679:153679 [0] NCCL INFO Recv: 524288 Bytes -> Algo Unknown proto SIMPLE channel{Lo..Hi}={0..1} comm 0x55f30eed7ed0
nccl-test-worker-1:153679:153679 [0] NCCL INFO Send: 524288 Bytes -> Algo Unknown proto SIMPLE channel{Lo..Hi}={0..1} comm 0x55f30eed7ed0
nccl-test-worker-1:153679:153679 [0] NCCL INFO Recv: 524288 Bytes -> Algo Unknown proto SIMPLE channel{Lo..Hi}={0..1} comm 0x55f30eed7ed0
nccl-test-worker-1:153679:153679 [0] NCCL INFO Send: 524288 Bytes -> Algo Unknown proto SIMPLE channel{Lo..Hi}={0..1} comm 0x55f30eed7ed0
nccl-test-worker-1:153679:153679 [0] NCCL INFO Recv: 524288 Bytes -> Algo Unknown proto SIMPLE channel{Lo..Hi}={0..1} comm 0x55f30eed7ed0
nccl-test-worker-1:153679:153679 [0] NCCL INFO Send: 524288 Bytes -> Algo Unknown proto SIMPLE channel{Lo..Hi}={0..1} comm 0x55f30eed7ed0
nccl-test-worker-1:153679:153679 [0] NCCL INFO Recv: 524288 Bytes -> Algo Unknown proto SIMPLE channel{Lo..Hi}={0..1} comm 0x55f30eed7ed0
nccl-test-worker-1:153679:153679 [0] NCCL INFO Send: 524288 Bytes -> Algo Unknown proto SIMPLE channel{Lo..Hi}={0..1} comm 0x55f30eed7ed0
nccl-test-worker-1:153679:153679 [0] NCCL INFO Recv: 524288 Bytes -> Algo Unknown proto SIMPLE channel{Lo..Hi}={0..1} comm 0x55f30eed7ed0
nccl-test-worker-1:153679:153679 [0] NCCL INFO Send: 524288 Bytes -> Algo Unknown proto SIMPLE channel{Lo..Hi}={0..1} comm 0x55f30eed7ed0
nccl-test-worker-1:153679:153679 [0] NCCL INFO Recv: 524288 Bytes -> Algo Unknown proto SIMPLE channel{Lo..Hi}={0..1} comm 0x55f30eed7ed0
nccl-test-worker-1:153679:153679 [0] NCCL INFO Send: 524288 Bytes -> Algo Unknown proto SIMPLE channel{Lo..Hi}={0..1} comm 0x55f30eed7ed0
nccl-test-worker-1:153679:153679 [0] NCCL INFO Recv: 524288 Bytes -> Algo Unknown proto SIMPLE channel{Lo..Hi}={0..1} comm 0x55f30eed7ed0
nccl-test-worker-1:153679:153679 [0] NCCL INFO Send: 524288 Bytes -> Algo Unknown proto SIMPLE channel{Lo..Hi}={0..1} comm 0x55f30eed7ed0
nccl-test-worker-1:153679:153679 [0] NCCL INFO Recv: 524288 Bytes -> Algo Unknown proto SIMPLE channel{Lo..Hi}={0..1} comm 0x55f30eed7ed0
nccl-test-worker-1:153679:153679 [0] NCCL INFO Send: 524288 Bytes -> Algo Unknown proto SIMPLE channel{Lo..Hi}={0..1} comm 0x55f30eed7ed0
nccl-test-worker-1:153679:153679 [0] NCCL INFO Recv: 524288 Bytes -> Algo Unknown proto SIMPLE channel{Lo..Hi}={0..1} comm 0x55f30eed7ed0
nccl-test-worker-1:153679:153679 [0] NCCL INFO Send: 524288 Bytes -> Algo Unknown proto SIMPLE channel{Lo..Hi}={0..1} comm 0x55f30eed7ed0
nccl-test-worker-1:153679:153679 [0] NCCL INFO Recv: 524288 Bytes -> Algo Unknown proto SIMPLE channel{Lo..Hi}={0..1} comm 0x55f30eed7ed0
nccl-test-worker-1:153679:153679 [0] NCCL INFO Send: 524288 Bytes -> Algo Unknown proto SIMPLE channel{Lo..Hi}={0..1} comm 0x55f30eed7ed0
nccl-test-worker-1:153679:153679 [0] NCCL INFO Recv: 524288 Bytes -> Algo Unknown proto SIMPLE channel{Lo..Hi}={0..1} comm 0x55f30eed7ed0
nccl-test-worker-1:153679:153679 [0] NCCL INFO Send: 524288 Bytes -> Algo Unknown proto SIMPLE channel{Lo..Hi}={0..1} comm 0x55f30eed7ed0
nccl-test-worker-1:153679:153679 [0] NCCL INFO Recv: 524288 Bytes -> Algo Unknown proto SIMPLE channel{Lo..Hi}={0..1} comm 0x55f30eed7ed0
nccl-test-worker-1:153679:153679 [0] NCCL INFO Send: 524288 Bytes -> Algo Unknown proto SIMPLE channel{Lo..Hi}={0..1} comm 0x55f30eed7ed0
nccl-test-worker-1:153679:153679 [0] NCCL INFO Recv: 524288 Bytes -> Algo Unknown proto SIMPLE channel{Lo..Hi}={0..1} comm 0x55f30eed7ed0
nccl-test-worker-1:153679:153679 [0] NCCL INFO Send: 524288 Bytes -> Algo Unknown proto SIMPLE channel{Lo..Hi}={0..1} comm 0x55f30eed7ed0
nccl-test-worker-1:153679:153679 [0] NCCL INFO Recv: 524288 Bytes -> Algo Unknown proto SIMPLE channel{Lo..Hi}={0..1} comm 0x55f30eed7ed0
nccl-test-worker-1:153679:153679 [0] NCCL INFO Send: 524288 Bytes -> Algo Unknown proto SIMPLE channel{Lo..Hi}={0..1} comm 0x55f30eed7ed0
nccl-test-worker-1:153679:153679 [0] NCCL INFO Recv: 524288 Bytes -> Algo Unknown proto SIMPLE channel{Lo..Hi}={0..1} comm 0x55f30eed7ed0
nccl-test-worker-1:153679:153679 [0] NCCL INFO Send: 524288 Bytes -> Algo Unknown proto SIMPLE channel{Lo..Hi}={0..1} comm 0x55f30eed7ed0
nccl-test-worker-1:153679:153679 [0] NCCL INFO Recv: 1048576 Bytes -> Algo Unknown proto SIMPLE channel{Lo..Hi}={0..1} comm 0x55f30eed7ed0
nccl-test-worker-1:153679:153679 [0] NCCL INFO Send: 1048576 Bytes -> Algo Unknown proto SIMPLE channel{Lo..Hi}={0..1} comm 0x55f30eed7ed0
nccl-test-worker-1:153679:153679 [0] NCCL INFO Recv: 1048576 Bytes -> Algo Unknown proto SIMPLE channel{Lo..Hi}={0..1} comm 0x55f30eed7ed0
nccl-test-worker-1:153679:153679 [0] NCCL INFO Send: 1048576 Bytes -> Algo Unknown proto SIMPLE channel{Lo..Hi}={0..1} comm 0x55f30eed7ed0
nccl-test-worker-1:153679:153679 [0] NCCL INFO Recv: 1048576 Bytes -> Algo Unknown proto SIMPLE channel{Lo..Hi}={0..1} comm 0x55f30eed7ed0
nccl-test-worker-1:153679:153679 [0] NCCL INFO Send: 1048576 Bytes -> Algo Unknown proto SIMPLE channel{Lo..Hi}={0..1} comm 0x55f30eed7ed0
nccl-test-worker-1:153679:153679 [0] NCCL INFO Recv: 1048576 Bytes -> Algo Unknown proto SIMPLE channel{Lo..Hi}={0..1} comm 0x55f30eed7ed0
nccl-test-worker-1:153679:153679 [0] NCCL INFO Send: 1048576 Bytes -> Algo Unknown proto SIMPLE channel{Lo..Hi}={0..1} comm 0x55f30eed7ed0
nccl-test-worker-1:153679:153679 [0] NCCL INFO Recv: 1048576 Bytes -> Algo Unknown proto SIMPLE channel{Lo..Hi}={0..1} comm 0x55f30eed7ed0
nccl-test-worker-1:153679:153679 [0] NCCL INFO Send: 1048576 Bytes -> Algo Unknown proto SIMPLE channel{Lo..Hi}={0..1} comm 0x55f30eed7ed0
nccl-test-worker-1:153679:153679 [0] NCCL INFO Recv: 1048576 Bytes -> Algo Unknown proto SIMPLE channel{Lo..Hi}={0..1} comm 0x55f30eed7ed0
nccl-test-worker-1:153679:153679 [0] NCCL INFO Send: 1048576 Bytes -> Algo Unknown proto SIMPLE channel{Lo..Hi}={0..1} comm 0x55f30eed7ed0
nccl-test-worker-1:153679:153679 [0] NCCL INFO Recv: 1048576 Bytes -> Algo Unknown proto SIMPLE channel{Lo..Hi}={0..1} comm 0x55f30eed7ed0
nccl-test-worker-1:153679:153679 [0] NCCL INFO Send: 1048576 Bytes -> Algo Unknown proto SIMPLE channel{Lo..Hi}={0..1} comm 0x55f30eed7ed0
nccl-test-worker-1:153679:153679 [0] NCCL INFO Recv: 1048576 Bytes -> Algo Unknown proto SIMPLE channel{Lo..Hi}={0..1} comm 0x55f30eed7ed0
nccl-test-worker-1:153679:153679 [0] NCCL INFO Send: 1048576 Bytes -> Algo Unknown proto SIMPLE channel{Lo..Hi}={0..1} comm 0x55f30eed7ed0
nccl-test-worker-1:153679:153679 [0] NCCL INFO Recv: 1048576 Bytes -> Algo Unknown proto SIMPLE channel{Lo..Hi}={0..1} comm 0x55f30eed7ed0
nccl-test-worker-1:153679:153679 [0] NCCL INFO Send: 1048576 Bytes -> Algo Unknown proto SIMPLE channel{Lo..Hi}={0..1} comm 0x55f30eed7ed0
nccl-test-worker-1:153679:153679 [0] NCCL INFO Recv: 1048576 Bytes -> Algo Unknown proto SIMPLE channel{Lo..Hi}={0..1} comm 0x55f30eed7ed0
nccl-test-worker-1:153679:153679 [0] NCCL INFO Send: 1048576 Bytes -> Algo Unknown proto SIMPLE channel{Lo..Hi}={0..1} comm 0x55f30eed7ed0
nccl-test-worker-1:153679:153679 [0] NCCL INFO Recv: 1048576 Bytes -> Algo Unknown proto SIMPLE channel{Lo..Hi}={0..1} comm 0x55f30eed7ed0
nccl-test-worker-1:153679:153679 [0] NCCL INFO Send: 1048576 Bytes -> Algo Unknown proto SIMPLE channel{Lo..Hi}={0..1} comm 0x55f30eed7ed0
nccl-test-worker-1:153679:153679 [0] NCCL INFO Recv: 1048576 Bytes -> Algo Unknown proto SIMPLE channel{Lo..Hi}={0..1} comm 0x55f30eed7ed0
nccl-test-worker-1:153679:153679 [0] NCCL INFO Send: 1048576 Bytes -> Algo Unknown proto SIMPLE channel{Lo..Hi}={0..1} comm 0x55f30eed7ed0
nccl-test-worker-1:153679:153679 [0] NCCL INFO Recv: 1048576 Bytes -> Algo Unknown proto SIMPLE channel{Lo..Hi}={0..1} comm 0x55f30eed7ed0
nccl-test-worker-1:153679:153679 [0] NCCL INFO Send: 1048576 Bytes -> Algo Unknown proto SIMPLE channel{Lo..Hi}={0..1} comm 0x55f30eed7ed0
nccl-test-worker-1:153679:153679 [0] NCCL INFO Recv: 1048576 Bytes -> Algo Unknown proto SIMPLE channel{Lo..Hi}={0..1} comm 0x55f30eed7ed0
nccl-test-worker-1:153679:153679 [0] NCCL INFO Send: 1048576 Bytes -> Algo Unknown proto SIMPLE channel{Lo..Hi}={0..1} comm 0x55f30eed7ed0
nccl-test-worker-1:153679:153679 [0] NCCL INFO Recv: 1048576 Bytes -> Algo Unknown proto SIMPLE channel{Lo..Hi}={0..1} comm 0x55f30eed7ed0
nccl-test-worker-1:153679:153679 [0] NCCL INFO Send: 1048576 Bytes -> Algo Unknown proto SIMPLE channel{Lo..Hi}={0..1} comm 0x55f30eed7ed0
nccl-test-worker-1:153679:153679 [0] NCCL INFO Recv: 1048576 Bytes -> Algo Unknown proto SIMPLE channel{Lo..Hi}={0..1} comm 0x55f30eed7ed0
nccl-test-worker-1:153679:153679 [0] NCCL INFO Send: 1048576 Bytes -> Algo Unknown proto SIMPLE channel{Lo..Hi}={0..1} comm 0x55f30eed7ed0
nccl-test-worker-1:153679:153679 [0] NCCL INFO Recv: 1048576 Bytes -> Algo Unknown proto SIMPLE channel{Lo..Hi}={0..1} comm 0x55f30eed7ed0
nccl-test-worker-1:153679:153679 [0] NCCL INFO Send: 1048576 Bytes -> Algo Unknown proto SIMPLE channel{Lo..Hi}={0..1} comm 0x55f30eed7ed0
nccl-test-worker-1:153679:153679 [0] NCCL INFO Recv: 1048576 Bytes -> Algo Unknown proto SIMPLE channel{Lo..Hi}={0..1} comm 0x55f30eed7ed0
nccl-test-worker-1:153679:153679 [0] NCCL INFO Send: 1048576 Bytes -> Algo Unknown proto SIMPLE channel{Lo..Hi}={0..1} comm 0x55f30eed7ed0
nccl-test-worker-1:153679:153679 [0] NCCL INFO Recv: 1048576 Bytes -> Algo Unknown proto SIMPLE channel{Lo..Hi}={0..1} comm 0x55f30eed7ed0
nccl-test-worker-1:153679:153679 [0] NCCL INFO Send: 1048576 Bytes -> Algo Unknown proto SIMPLE channel{Lo..Hi}={0..1} comm 0x55f30eed7ed0
nccl-test-worker-1:153679:153679 [0] NCCL INFO Recv: 1048576 Bytes -> Algo Unknown proto SIMPLE channel{Lo..Hi}={0..1} comm 0x55f30eed7ed0
nccl-test-worker-1:153679:153679 [0] NCCL INFO Send: 1048576 Bytes -> Algo Unknown proto SIMPLE channel{Lo..Hi}={0..1} comm 0x55f30eed7ed0
nccl-test-worker-1:153679:153679 [0] NCCL INFO Recv: 1048576 Bytes -> Algo Unknown proto SIMPLE channel{Lo..Hi}={0..1} comm 0x55f30eed7ed0
nccl-test-worker-1:153679:153679 [0] NCCL INFO Send: 1048576 Bytes -> Algo Unknown proto SIMPLE channel{Lo..Hi}={0..1} comm 0x55f30eed7ed0
nccl-test-worker-1:153679:153679 [0] NCCL INFO Recv: 1048576 Bytes -> Algo Unknown proto SIMPLE channel{Lo..Hi}={0..1} comm 0x55f30eed7ed0
nccl-test-worker-1:153679:153679 [0] NCCL INFO Send: 1048576 Bytes -> Algo Unknown proto SIMPLE channel{Lo..Hi}={0..1} comm 0x55f30eed7ed0
nccl-test-worker-1:153679:153679 [0] NCCL INFO Recv: 1048576 Bytes -> Algo Unknown proto SIMPLE channel{Lo..Hi}={0..1} comm 0x55f30eed7ed0
nccl-test-worker-1:153679:153679 [0] NCCL INFO Send: 1048576 Bytes -> Algo Unknown proto SIMPLE channel{Lo..Hi}={0..1} comm 0x55f30eed7ed0
nccl-test-worker-1:153679:153679 [0] NCCL INFO Recv: 1048576 Bytes -> Algo Unknown proto SIMPLE channel{Lo..Hi}={0..1} comm 0x55f30eed7ed0
nccl-test-worker-1:153679:153679 [0] NCCL INFO Send: 1048576 Bytes -> Algo Unknown proto SIMPLE channel{Lo..Hi}={0..1} comm 0x55f30eed7ed0
nccl-test-worker-1:153679:153679 [0] NCCL INFO Recv: 1048576 Bytes -> Algo Unknown proto SIMPLE channel{Lo..Hi}={0..1} comm 0x55f30eed7ed0
nccl-test-worker-1:153679:153679 [0] NCCL INFO Send: 1048576 Bytes -> Algo Unknown proto SIMPLE channel{Lo..Hi}={0..1} comm 0x55f30eed7ed0
nccl-test-worker-1:153679:153679 [0] NCCL INFO Recv: 1048576 Bytes -> Algo Unknown proto SIMPLE channel{Lo..Hi}={0..1} comm 0x55f30eed7ed0
nccl-test-worker-1:153679:153679 [0] NCCL INFO Send: 1048576 Bytes -> Algo Unknown proto SIMPLE channel{Lo..Hi}={0..1} comm 0x55f30eed7ed0
nccl-test-worker-1:153679:153679 [0] NCCL INFO Recv: 1048576 Bytes -> Algo Unknown proto SIMPLE channel{Lo..Hi}={0..1} comm 0x55f30eed7ed0
nccl-test-worker-1:153679:153679 [0] NCCL INFO Send: 1048576 Bytes -> Algo Unknown proto SIMPLE channel{Lo..Hi}={0..1} comm 0x55f30eed7ed0
nccl-test-worker-1:153679:153679 [0] NCCL INFO Recv: 1048576 Bytes -> Algo Unknown proto SIMPLE channel{Lo..Hi}={0..1} comm 0x55f30eed7ed0
nccl-test-worker-1:153679:153679 [0] NCCL INFO Send: 1048576 Bytes -> Algo Unknown proto SIMPLE channel{Lo..Hi}={0..1} comm 0x55f30eed7ed0
nccl-test-worker-1:153679:153679 [0] NCCL INFO Recv: 1048576 Bytes -> Algo Unknown proto SIMPLE channel{Lo..Hi}={0..1} comm 0x55f30eed7ed0
nccl-test-worker-1:153679:153679 [0] NCCL INFO Send: 1048576 Bytes -> Algo Unknown proto SIMPLE channel{Lo..Hi}={0..1} comm 0x55f30eed7ed0
nccl-test-worker-1:153679:153679 [0] NCCL INFO Recv: 1048576 Bytes -> Algo Unknown proto SIMPLE channel{Lo..Hi}={0..1} comm 0x55f30eed7ed0
nccl-test-worker-1:153679:153679 [0] NCCL INFO Send: 1048576 Bytes -> Algo Unknown proto SIMPLE channel{Lo..Hi}={0..1} comm 0x55f30eed7ed0
nccl-test-worker-1:153679:153679 [0] NCCL INFO Recv: 1048576 Bytes -> Algo Unknown proto SIMPLE channel{Lo..Hi}={0..1} comm 0x55f30eed7ed0
nccl-test-worker-1:153679:153679 [0] NCCL INFO Send: 1048576 Bytes -> Algo Unknown proto SIMPLE channel{Lo..Hi}={0..1} comm 0x55f30eed7ed0
nccl-test-worker-1:153679:153679 [0] NCCL INFO Recv: 1048576 Bytes -> Algo Unknown proto SIMPLE channel{Lo..Hi}={0..1} comm 0x55f30eed7ed0
nccl-test-worker-1:153679:153679 [0] NCCL INFO Send: 1048576 Bytes -> Algo Unknown proto SIMPLE channel{Lo..Hi}={0..1} comm 0x55f30eed7ed0
nccl-test-worker-1:153679:153679 [0] NCCL INFO Recv: 1048576 Bytes -> Algo Unknown proto SIMPLE channel{Lo..Hi}={0..1} comm 0x55f30eed7ed0
nccl-test-worker-1:153679:153679 [0] NCCL INFO Send: 1048576 Bytes -> Algo Unknown proto SIMPLE channel{Lo..Hi}={0..1} comm 0x55f30eed7ed0
nccl-test-worker-1:153679:153679 [0] NCCL INFO Recv: 1048576 Bytes -> Algo Unknown proto SIMPLE channel{Lo..Hi}={0..1} comm 0x55f30eed7ed0
nccl-test-worker-1:153679:153679 [0] NCCL INFO Send: 1048576 Bytes -> Algo Unknown proto SIMPLE channel{Lo..Hi}={0..1} comm 0x55f30eed7ed0
nccl-test-worker-1:153679:153679 [0] NCCL INFO Recv: 1048576 Bytes -> Algo Unknown proto SIMPLE channel{Lo..Hi}={0..1} comm 0x55f30eed7ed0
nccl-test-worker-1:153679:153679 [0] NCCL INFO Send: 1048576 Bytes -> Algo Unknown proto SIMPLE channel{Lo..Hi}={0..1} comm 0x55f30eed7ed0
nccl-test-worker-1:153679:153679 [0] NCCL INFO Recv: 1048576 Bytes -> Algo Unknown proto SIMPLE channel{Lo..Hi}={0..1} comm 0x55f30eed7ed0
nccl-test-worker-1:153679:153679 [0] NCCL INFO Send: 1048576 Bytes -> Algo Unknown proto SIMPLE channel{Lo..Hi}={0..1} comm 0x55f30eed7ed0
nccl-test-worker-1:153679:153679 [0] NCCL INFO Recv: 1048576 Bytes -> Algo Unknown proto SIMPLE channel{Lo..Hi}={0..1} comm 0x55f30eed7ed0
nccl-test-worker-1:153679:153679 [0] NCCL INFO Send: 1048576 Bytes -> Algo Unknown proto SIMPLE channel{Lo..Hi}={0..1} comm 0x55f30eed7ed0
nccl-test-worker-1:153679:153679 [0] NCCL INFO Recv: 1048576 Bytes -> Algo Unknown proto SIMPLE channel{Lo..Hi}={0..1} comm 0x55f30eed7ed0
nccl-test-worker-1:153679:153679 [0] NCCL INFO Send: 1048576 Bytes -> Algo Unknown proto SIMPLE channel{Lo..Hi}={0..1} comm 0x55f30eed7ed0
nccl-test-worker-1:153679:153679 [0] NCCL INFO Recv: 1048576 Bytes -> Algo Unknown proto SIMPLE channel{Lo..Hi}={0..1} comm 0x55f30eed7ed0
nccl-test-worker-1:153679:153679 [0] NCCL INFO Send: 1048576 Bytes -> Algo Unknown proto SIMPLE channel{Lo..Hi}={0..1} comm 0x55f30eed7ed0
nccl-test-worker-1:153679:153679 [0] NCCL INFO Recv: 1048576 Bytes -> Algo Unknown proto SIMPLE channel{Lo..Hi}={0..1} comm 0x55f30eed7ed0
nccl-test-worker-1:153679:153679 [0] NCCL INFO Send: 1048576 Bytes -> Algo Unknown proto SIMPLE channel{Lo..Hi}={0..1} comm 0x55f30eed7ed0
nccl-test-worker-1:153679:153679 [0] NCCL INFO Recv: 1048576 Bytes -> Algo Unknown proto SIMPLE channel{Lo..Hi}={0..1} comm 0x55f30eed7ed0
nccl-test-worker-1:153679:153679 [0] NCCL INFO Send: 1048576 Bytes -> Algo Unknown proto SIMPLE channel{Lo..Hi}={0..1} comm 0x55f30eed7ed0
nccl-test-worker-1:153679:153679 [0] NCCL INFO Recv: 1048576 Bytes -> Algo Unknown proto SIMPLE channel{Lo..Hi}={0..1} comm 0x55f30eed7ed0
nccl-test-worker-1:153679:153679 [0] NCCL INFO Send: 1048576 Bytes -> Algo Unknown proto SIMPLE channel{Lo..Hi}={0..1} comm 0x55f30eed7ed0
nccl-test-worker-1:153679:153679 [0] NCCL INFO Recv: 1048576 Bytes -> Algo Unknown proto SIMPLE channel{Lo..Hi}={0..1} comm 0x55f30eed7ed0
nccl-test-worker-1:153679:153679 [0] NCCL INFO Send: 1048576 Bytes -> Algo Unknown proto SIMPLE channel{Lo..Hi}={0..1} comm 0x55f30eed7ed0
nccl-test-worker-1:153679:153679 [0] NCCL INFO Recv: 1048576 Bytes -> Algo Unknown proto SIMPLE channel{Lo..Hi}={0..1} comm 0x55f30eed7ed0
nccl-test-worker-1:153679:153679 [0] NCCL INFO Send: 1048576 Bytes -> Algo Unknown proto SIMPLE channel{Lo..Hi}={0..1} comm 0x55f30eed7ed0
nccl-test-worker-1:153679:153679 [0] NCCL INFO Recv: 1048576 Bytes -> Algo Unknown proto SIMPLE channel{Lo..Hi}={0..1} comm 0x55f30eed7ed0
nccl-test-worker-1:153679:153679 [0] NCCL INFO Send: 1048576 Bytes -> Algo Unknown proto SIMPLE channel{Lo..Hi}={0..1} comm 0x55f30eed7ed0
nccl-test-worker-1:153679:153679 [0] NCCL INFO Recv: 2097152 Bytes -> Algo Unknown proto SIMPLE channel{Lo..Hi}={0..1} comm 0x55f30eed7ed0
nccl-test-worker-1:153679:153679 [0] NCCL INFO Send: 2097152 Bytes -> Algo Unknown proto SIMPLE channel{Lo..Hi}={0..1} comm 0x55f30eed7ed0
nccl-test-worker-1:153679:153679 [0] NCCL INFO Recv: 2097152 Bytes -> Algo Unknown proto SIMPLE channel{Lo..Hi}={0..1} comm 0x55f30eed7ed0
nccl-test-worker-1:153679:153679 [0] NCCL INFO Send: 2097152 Bytes -> Algo Unknown proto SIMPLE channel{Lo..Hi}={0..1} comm 0x55f30eed7ed0
nccl-test-worker-1:153679:153679 [0] NCCL INFO Recv: 2097152 Bytes -> Algo Unknown proto SIMPLE channel{Lo..Hi}={0..1} comm 0x55f30eed7ed0
nccl-test-worker-1:153679:153679 [0] NCCL INFO Send: 2097152 Bytes -> Algo Unknown proto SIMPLE channel{Lo..Hi}={0..1} comm 0x55f30eed7ed0
nccl-test-worker-1:153679:153679 [0] NCCL INFO Recv: 2097152 Bytes -> Algo Unknown proto SIMPLE channel{Lo..Hi}={0..1} comm 0x55f30eed7ed0
nccl-test-worker-1:153679:153679 [0] NCCL INFO Send: 2097152 Bytes -> Algo Unknown proto SIMPLE channel{Lo..Hi}={0..1} comm 0x55f30eed7ed0
nccl-test-worker-1:153679:153679 [0] NCCL INFO Recv: 2097152 Bytes -> Algo Unknown proto SIMPLE channel{Lo..Hi}={0..1} comm 0x55f30eed7ed0
nccl-test-worker-1:153679:153679 [0] NCCL INFO Send: 2097152 Bytes -> Algo Unknown proto SIMPLE channel{Lo..Hi}={0..1} comm 0x55f30eed7ed0
nccl-test-worker-1:153679:153679 [0] NCCL INFO Recv: 2097152 Bytes -> Algo Unknown proto SIMPLE channel{Lo..Hi}={0..1} comm 0x55f30eed7ed0
nccl-test-worker-1:153679:153679 [0] NCCL INFO Send: 2097152 Bytes -> Algo Unknown proto SIMPLE channel{Lo..Hi}={0..1} comm 0x55f30eed7ed0
nccl-test-worker-1:153679:153679 [0] NCCL INFO Recv: 2097152 Bytes -> Algo Unknown proto SIMPLE channel{Lo..Hi}={0..1} comm 0x55f30eed7ed0
nccl-test-worker-1:153679:153679 [0] NCCL INFO Send: 2097152 Bytes -> Algo Unknown proto SIMPLE channel{Lo..Hi}={0..1} comm 0x55f30eed7ed0
nccl-test-worker-1:153679:153679 [0] NCCL INFO Recv: 2097152 Bytes -> Algo Unknown proto SIMPLE channel{Lo..Hi}={0..1} comm 0x55f30eed7ed0
nccl-test-worker-1:153679:153679 [0] NCCL INFO Send: 2097152 Bytes -> Algo Unknown proto SIMPLE channel{Lo..Hi}={0..1} comm 0x55f30eed7ed0
nccl-test-worker-1:153679:153679 [0] NCCL INFO Recv: 2097152 Bytes -> Algo Unknown proto SIMPLE channel{Lo..Hi}={0..1} comm 0x55f30eed7ed0
nccl-test-worker-1:153679:153679 [0] NCCL INFO Send: 2097152 Bytes -> Algo Unknown proto SIMPLE channel{Lo..Hi}={0..1} comm 0x55f30eed7ed0
nccl-test-worker-1:153679:153679 [0] NCCL INFO Recv: 2097152 Bytes -> Algo Unknown proto SIMPLE channel{Lo..Hi}={0..1} comm 0x55f30eed7ed0
nccl-test-worker-1:153679:153679 [0] NCCL INFO Send: 2097152 Bytes -> Algo Unknown proto SIMPLE channel{Lo..Hi}={0..1} comm 0x55f30eed7ed0
nccl-test-worker-1:153679:153679 [0] NCCL INFO Recv: 2097152 Bytes -> Algo Unknown proto SIMPLE channel{Lo..Hi}={0..1} comm 0x55f30eed7ed0
nccl-test-worker-1:153679:153679 [0] NCCL INFO Send: 2097152 Bytes -> Algo Unknown proto SIMPLE channel{Lo..Hi}={0..1} comm 0x55f30eed7ed0
nccl-test-worker-1:153679:153679 [0] NCCL INFO Recv: 2097152 Bytes -> Algo Unknown proto SIMPLE channel{Lo..Hi}={0..1} comm 0x55f30eed7ed0
nccl-test-worker-1:153679:153679 [0] NCCL INFO Send: 2097152 Bytes -> Algo Unknown proto SIMPLE channel{Lo..Hi}={0..1} comm 0x55f30eed7ed0
nccl-test-worker-1:153679:153679 [0] NCCL INFO Recv: 2097152 Bytes -> Algo Unknown proto SIMPLE channel{Lo..Hi}={0..1} comm 0x55f30eed7ed0
nccl-test-worker-1:153679:153679 [0] NCCL INFO Send: 2097152 Bytes -> Algo Unknown proto SIMPLE channel{Lo..Hi}={0..1} comm 0x55f30eed7ed0
nccl-test-worker-1:153679:153679 [0] NCCL INFO Recv: 2097152 Bytes -> Algo Unknown proto SIMPLE channel{Lo..Hi}={0..1} comm 0x55f30eed7ed0
nccl-test-worker-1:153679:153679 [0] NCCL INFO Send: 2097152 Bytes -> Algo Unknown proto SIMPLE channel{Lo..Hi}={0..1} comm 0x55f30eed7ed0
nccl-test-worker-1:153679:153679 [0] NCCL INFO Recv: 2097152 Bytes -> Algo Unknown proto SIMPLE channel{Lo..Hi}={0..1} comm 0x55f30eed7ed0
nccl-test-worker-1:153679:153679 [0] NCCL INFO Send: 2097152 Bytes -> Algo Unknown proto SIMPLE channel{Lo..Hi}={0..1} comm 0x55f30eed7ed0
nccl-test-worker-1:153679:153679 [0] NCCL INFO Recv: 2097152 Bytes -> Algo Unknown proto SIMPLE channel{Lo..Hi}={0..1} comm 0x55f30eed7ed0
nccl-test-worker-1:153679:153679 [0] NCCL INFO Send: 2097152 Bytes -> Algo Unknown proto SIMPLE channel{Lo..Hi}={0..1} comm 0x55f30eed7ed0
nccl-test-worker-1:153679:153679 [0] NCCL INFO Recv: 2097152 Bytes -> Algo Unknown proto SIMPLE channel{Lo..Hi}={0..1} comm 0x55f30eed7ed0
nccl-test-worker-1:153679:153679 [0] NCCL INFO Send: 2097152 Bytes -> Algo Unknown proto SIMPLE channel{Lo..Hi}={0..1} comm 0x55f30eed7ed0
nccl-test-worker-1:153679:153679 [0] NCCL INFO Recv: 2097152 Bytes -> Algo Unknown proto SIMPLE channel{Lo..Hi}={0..1} comm 0x55f30eed7ed0
nccl-test-worker-1:153679:153679 [0] NCCL INFO Send: 2097152 Bytes -> Algo Unknown proto SIMPLE channel{Lo..Hi}={0..1} comm 0x55f30eed7ed0
nccl-test-worker-1:153679:153679 [0] NCCL INFO Recv: 2097152 Bytes -> Algo Unknown proto SIMPLE channel{Lo..Hi}={0..1} comm 0x55f30eed7ed0
nccl-test-worker-1:153679:153679 [0] NCCL INFO Send: 2097152 Bytes -> Algo Unknown proto SIMPLE channel{Lo..Hi}={0..1} comm 0x55f30eed7ed0
nccl-test-worker-1:153679:153679 [0] NCCL INFO Recv: 2097152 Bytes -> Algo Unknown proto SIMPLE channel{Lo..Hi}={0..1} comm 0x55f30eed7ed0
nccl-test-worker-1:153679:153679 [0] NCCL INFO Send: 2097152 Bytes -> Algo Unknown proto SIMPLE channel{Lo..Hi}={0..1} comm 0x55f30eed7ed0
nccl-test-worker-1:153679:153679 [0] NCCL INFO Recv: 2097152 Bytes -> Algo Unknown proto SIMPLE channel{Lo..Hi}={0..1} comm 0x55f30eed7ed0
nccl-test-worker-1:153679:153679 [0] NCCL INFO Send: 2097152 Bytes -> Algo Unknown proto SIMPLE channel{Lo..Hi}={0..1} comm 0x55f30eed7ed0
nccl-test-worker-1:153679:153679 [0] NCCL INFO Recv: 2097152 Bytes -> Algo Unknown proto SIMPLE channel{Lo..Hi}={0..1} comm 0x55f30eed7ed0
nccl-test-worker-1:153679:153679 [0] NCCL INFO Send: 2097152 Bytes -> Algo Unknown proto SIMPLE channel{Lo..Hi}={0..1} comm 0x55f30eed7ed0
nccl-test-worker-1:153679:153679 [0] NCCL INFO Recv: 2097152 Bytes -> Algo Unknown proto SIMPLE channel{Lo..Hi}={0..1} comm 0x55f30eed7ed0
nccl-test-worker-1:153679:153679 [0] NCCL INFO Send: 2097152 Bytes -> Algo Unknown proto SIMPLE channel{Lo..Hi}={0..1} comm 0x55f30eed7ed0
nccl-test-worker-1:153679:153679 [0] NCCL INFO Recv: 2097152 Bytes -> Algo Unknown proto SIMPLE channel{Lo..Hi}={0..1} comm 0x55f30eed7ed0
nccl-test-worker-1:153679:153679 [0] NCCL INFO Send: 2097152 Bytes -> Algo Unknown proto SIMPLE channel{Lo..Hi}={0..1} comm 0x55f30eed7ed0
nccl-test-worker-1:153679:153679 [0] NCCL INFO Recv: 2097152 Bytes -> Algo Unknown proto SIMPLE channel{Lo..Hi}={0..1} comm 0x55f30eed7ed0
nccl-test-worker-1:153679:153679 [0] NCCL INFO Send: 2097152 Bytes -> Algo Unknown proto SIMPLE channel{Lo..Hi}={0..1} comm 0x55f30eed7ed0
nccl-test-worker-1:153679:153679 [0] NCCL INFO Recv: 2097152 Bytes -> Algo Unknown proto SIMPLE channel{Lo..Hi}={0..1} comm 0x55f30eed7ed0
nccl-test-worker-1:153679:153679 [0] NCCL INFO Send: 2097152 Bytes -> Algo Unknown proto SIMPLE channel{Lo..Hi}={0..1} comm 0x55f30eed7ed0
nccl-test-worker-1:153679:153679 [0] NCCL INFO Recv: 2097152 Bytes -> Algo Unknown proto SIMPLE channel{Lo..Hi}={0..1} comm 0x55f30eed7ed0
nccl-test-worker-1:153679:153679 [0] NCCL INFO Send: 2097152 Bytes -> Algo Unknown proto SIMPLE channel{Lo..Hi}={0..1} comm 0x55f30eed7ed0
nccl-test-worker-1:153679:153679 [0] NCCL INFO Recv: 2097152 Bytes -> Algo Unknown proto SIMPLE channel{Lo..Hi}={0..1} comm 0x55f30eed7ed0
nccl-test-worker-1:153679:153679 [0] NCCL INFO Send: 2097152 Bytes -> Algo Unknown proto SIMPLE channel{Lo..Hi}={0..1} comm 0x55f30eed7ed0
nccl-test-worker-1:153679:153679 [0] NCCL INFO Recv: 2097152 Bytes -> Algo Unknown proto SIMPLE channel{Lo..Hi}={0..1} comm 0x55f30eed7ed0
nccl-test-worker-1:153679:153679 [0] NCCL INFO Send: 2097152 Bytes -> Algo Unknown proto SIMPLE channel{Lo..Hi}={0..1} comm 0x55f30eed7ed0
nccl-test-worker-1:153679:153679 [0] NCCL INFO Recv: 2097152 Bytes -> Algo Unknown proto SIMPLE channel{Lo..Hi}={0..1} comm 0x55f30eed7ed0
nccl-test-worker-1:153679:153679 [0] NCCL INFO Send: 2097152 Bytes -> Algo Unknown proto SIMPLE channel{Lo..Hi}={0..1} comm 0x55f30eed7ed0
nccl-test-worker-1:153679:153679 [0] NCCL INFO Recv: 2097152 Bytes -> Algo Unknown proto SIMPLE channel{Lo..Hi}={0..1} comm 0x55f30eed7ed0
nccl-test-worker-1:153679:153679 [0] NCCL INFO Send: 2097152 Bytes -> Algo Unknown proto SIMPLE channel{Lo..Hi}={0..1} comm 0x55f30eed7ed0
nccl-test-worker-1:153679:153679 [0] NCCL INFO Recv: 2097152 Bytes -> Algo Unknown proto SIMPLE channel{Lo..Hi}={0..1} comm 0x55f30eed7ed0
nccl-test-worker-1:153679:153679 [0] NCCL INFO Send: 2097152 Bytes -> Algo Unknown proto SIMPLE channel{Lo..Hi}={0..1} comm 0x55f30eed7ed0
nccl-test-worker-1:153679:153679 [0] NCCL INFO Recv: 2097152 Bytes -> Algo Unknown proto SIMPLE channel{Lo..Hi}={0..1} comm 0x55f30eed7ed0
nccl-test-worker-1:153679:153679 [0] NCCL INFO Send: 2097152 Bytes -> Algo Unknown proto SIMPLE channel{Lo..Hi}={0..1} comm 0x55f30eed7ed0
nccl-test-worker-1:153679:153679 [0] NCCL INFO Recv: 2097152 Bytes -> Algo Unknown proto SIMPLE channel{Lo..Hi}={0..1} comm 0x55f30eed7ed0
nccl-test-worker-1:153679:153679 [0] NCCL INFO Send: 2097152 Bytes -> Algo Unknown proto SIMPLE channel{Lo..Hi}={0..1} comm 0x55f30eed7ed0
nccl-test-worker-1:153679:153679 [0] NCCL INFO Recv: 2097152 Bytes -> Algo Unknown proto SIMPLE channel{Lo..Hi}={0..1} comm 0x55f30eed7ed0
nccl-test-worker-1:153679:153679 [0] NCCL INFO Send: 2097152 Bytes -> Algo Unknown proto SIMPLE channel{Lo..Hi}={0..1} comm 0x55f30eed7ed0
nccl-test-worker-1:153679:153679 [0] NCCL INFO Recv: 2097152 Bytes -> Algo Unknown proto SIMPLE channel{Lo..Hi}={0..1} comm 0x55f30eed7ed0
nccl-test-worker-1:153679:153679 [0] NCCL INFO Send: 2097152 Bytes -> Algo Unknown proto SIMPLE channel{Lo..Hi}={0..1} comm 0x55f30eed7ed0
nccl-test-worker-1:153679:153679 [0] NCCL INFO Recv: 2097152 Bytes -> Algo Unknown proto SIMPLE channel{Lo..Hi}={0..1} comm 0x55f30eed7ed0
nccl-test-worker-1:153679:153679 [0] NCCL INFO Send: 2097152 Bytes -> Algo Unknown proto SIMPLE channel{Lo..Hi}={0..1} comm 0x55f30eed7ed0
nccl-test-worker-1:153679:153679 [0] NCCL INFO Recv: 2097152 Bytes -> Algo Unknown proto SIMPLE channel{Lo..Hi}={0..1} comm 0x55f30eed7ed0
nccl-test-worker-1:153679:153679 [0] NCCL INFO Send: 2097152 Bytes -> Algo Unknown proto SIMPLE channel{Lo..Hi}={0..1} comm 0x55f30eed7ed0
nccl-test-worker-1:153679:153679 [0] NCCL INFO Recv: 2097152 Bytes -> Algo Unknown proto SIMPLE channel{Lo..Hi}={0..1} comm 0x55f30eed7ed0
nccl-test-worker-1:153679:153679 [0] NCCL INFO Send: 2097152 Bytes -> Algo Unknown proto SIMPLE channel{Lo..Hi}={0..1} comm 0x55f30eed7ed0
nccl-test-worker-1:153679:153679 [0] NCCL INFO Recv: 2097152 Bytes -> Algo Unknown proto SIMPLE channel{Lo..Hi}={0..1} comm 0x55f30eed7ed0
nccl-test-worker-1:153679:153679 [0] NCCL INFO Send: 2097152 Bytes -> Algo Unknown proto SIMPLE channel{Lo..Hi}={0..1} comm 0x55f30eed7ed0
nccl-test-worker-1:153679:153679 [0] NCCL INFO Recv: 2097152 Bytes -> Algo Unknown proto SIMPLE channel{Lo..Hi}={0..1} comm 0x55f30eed7ed0
nccl-test-worker-1:153679:153679 [0] NCCL INFO Send: 2097152 Bytes -> Algo Unknown proto SIMPLE channel{Lo..Hi}={0..1} comm 0x55f30eed7ed0
nccl-test-worker-1:153679:153679 [0] NCCL INFO Recv: 2097152 Bytes -> Algo Unknown proto SIMPLE channel{Lo..Hi}={0..1} comm 0x55f30eed7ed0
nccl-test-worker-1:153679:153679 [0] NCCL INFO Send: 2097152 Bytes -> Algo Unknown proto SIMPLE channel{Lo..Hi}={0..1} comm 0x55f30eed7ed0
nccl-test-worker-1:153679:153679 [0] NCCL INFO Recv: 2097152 Bytes -> Algo Unknown proto SIMPLE channel{Lo..Hi}={0..1} comm 0x55f30eed7ed0
nccl-test-worker-1:153679:153679 [0] NCCL INFO Send: 2097152 Bytes -> Algo Unknown proto SIMPLE channel{Lo..Hi}={0..1} comm 0x55f30eed7ed0
nccl-test-worker-1:153679:153679 [0] NCCL INFO Recv: 2097152 Bytes -> Algo Unknown proto SIMPLE channel{Lo..Hi}={0..1} comm 0x55f30eed7ed0
nccl-test-worker-1:153679:153679 [0] NCCL INFO Send: 2097152 Bytes -> Algo Unknown proto SIMPLE channel{Lo..Hi}={0..1} comm 0x55f30eed7ed0
nccl-test-worker-1:153679:153679 [0] NCCL INFO Recv: 2097152 Bytes -> Algo Unknown proto SIMPLE channel{Lo..Hi}={0..1} comm 0x55f30eed7ed0
nccl-test-worker-1:153679:153679 [0] NCCL INFO Send: 2097152 Bytes -> Algo Unknown proto SIMPLE channel{Lo..Hi}={0..1} comm 0x55f30eed7ed0
nccl-test-worker-1:153679:153679 [0] NCCL INFO Recv: 4194304 Bytes -> Algo Unknown proto SIMPLE channel{Lo..Hi}={0..1} comm 0x55f30eed7ed0
nccl-test-worker-1:153679:153679 [0] NCCL INFO Send: 4194304 Bytes -> Algo Unknown proto SIMPLE channel{Lo..Hi}={0..1} comm 0x55f30eed7ed0
nccl-test-worker-1:153679:153679 [0] NCCL INFO Recv: 4194304 Bytes -> Algo Unknown proto SIMPLE channel{Lo..Hi}={0..1} comm 0x55f30eed7ed0
nccl-test-worker-1:153679:153679 [0] NCCL INFO Send: 4194304 Bytes -> Algo Unknown proto SIMPLE channel{Lo..Hi}={0..1} comm 0x55f30eed7ed0
nccl-test-worker-1:153679:153679 [0] NCCL INFO Recv: 4194304 Bytes -> Algo Unknown proto SIMPLE channel{Lo..Hi}={0..1} comm 0x55f30eed7ed0
nccl-test-worker-1:153679:153679 [0] NCCL INFO Send: 4194304 Bytes -> Algo Unknown proto SIMPLE channel{Lo..Hi}={0..1} comm 0x55f30eed7ed0
nccl-test-worker-1:153679:153679 [0] NCCL INFO Recv: 4194304 Bytes -> Algo Unknown proto SIMPLE channel{Lo..Hi}={0..1} comm 0x55f30eed7ed0
nccl-test-worker-1:153679:153679 [0] NCCL INFO Send: 4194304 Bytes -> Algo Unknown proto SIMPLE channel{Lo..Hi}={0..1} comm 0x55f30eed7ed0
nccl-test-worker-1:153679:153679 [0] NCCL INFO Recv: 4194304 Bytes -> Algo Unknown proto SIMPLE channel{Lo..Hi}={0..1} comm 0x55f30eed7ed0
nccl-test-worker-1:153679:153679 [0] NCCL INFO Send: 4194304 Bytes -> Algo Unknown proto SIMPLE channel{Lo..Hi}={0..1} comm 0x55f30eed7ed0
nccl-test-worker-1:153679:153679 [0] NCCL INFO Recv: 4194304 Bytes -> Algo Unknown proto SIMPLE channel{Lo..Hi}={0..1} comm 0x55f30eed7ed0
nccl-test-worker-1:153679:153679 [0] NCCL INFO Send: 4194304 Bytes -> Algo Unknown proto SIMPLE channel{Lo..Hi}={0..1} comm 0x55f30eed7ed0
nccl-test-worker-1:153679:153679 [0] NCCL INFO Recv: 4194304 Bytes -> Algo Unknown proto SIMPLE channel{Lo..Hi}={0..1} comm 0x55f30eed7ed0
nccl-test-worker-1:153679:153679 [0] NCCL INFO Send: 4194304 Bytes -> Algo Unknown proto SIMPLE channel{Lo..Hi}={0..1} comm 0x55f30eed7ed0
nccl-test-worker-1:153679:153679 [0] NCCL INFO Recv: 4194304 Bytes -> Algo Unknown proto SIMPLE channel{Lo..Hi}={0..1} comm 0x55f30eed7ed0
nccl-test-worker-1:153679:153679 [0] NCCL INFO Send: 4194304 Bytes -> Algo Unknown proto SIMPLE channel{Lo..Hi}={0..1} comm 0x55f30eed7ed0
nccl-test-worker-1:153679:153679 [0] NCCL INFO Recv: 4194304 Bytes -> Algo Unknown proto SIMPLE channel{Lo..Hi}={0..1} comm 0x55f30eed7ed0
nccl-test-worker-1:153679:153679 [0] NCCL INFO Send: 4194304 Bytes -> Algo Unknown proto SIMPLE channel{Lo..Hi}={0..1} comm 0x55f30eed7ed0
nccl-test-worker-1:153679:153679 [0] NCCL INFO Recv: 4194304 Bytes -> Algo Unknown proto SIMPLE channel{Lo..Hi}={0..1} comm 0x55f30eed7ed0
nccl-test-worker-1:153679:153679 [0] NCCL INFO Send: 4194304 Bytes -> Algo Unknown proto SIMPLE channel{Lo..Hi}={0..1} comm 0x55f30eed7ed0
nccl-test-worker-1:153679:153679 [0] NCCL INFO Recv: 4194304 Bytes -> Algo Unknown proto SIMPLE channel{Lo..Hi}={0..1} comm 0x55f30eed7ed0
nccl-test-worker-1:153679:153679 [0] NCCL INFO Send: 4194304 Bytes -> Algo Unknown proto SIMPLE channel{Lo..Hi}={0..1} comm 0x55f30eed7ed0
nccl-test-worker-1:153679:153679 [0] NCCL INFO Recv: 4194304 Bytes -> Algo Unknown proto SIMPLE channel{Lo..Hi}={0..1} comm 0x55f30eed7ed0
nccl-test-worker-1:153679:153679 [0] NCCL INFO Send: 4194304 Bytes -> Algo Unknown proto SIMPLE channel{Lo..Hi}={0..1} comm 0x55f30eed7ed0
nccl-test-worker-1:153679:153679 [0] NCCL INFO Recv: 4194304 Bytes -> Algo Unknown proto SIMPLE channel{Lo..Hi}={0..1} comm 0x55f30eed7ed0
nccl-test-worker-1:153679:153679 [0] NCCL INFO Send: 4194304 Bytes -> Algo Unknown proto SIMPLE channel{Lo..Hi}={0..1} comm 0x55f30eed7ed0
nccl-test-worker-1:153679:153679 [0] NCCL INFO Recv: 4194304 Bytes -> Algo Unknown proto SIMPLE channel{Lo..Hi}={0..1} comm 0x55f30eed7ed0
nccl-test-worker-1:153679:153679 [0] NCCL INFO Send: 4194304 Bytes -> Algo Unknown proto SIMPLE channel{Lo..Hi}={0..1} comm 0x55f30eed7ed0
nccl-test-worker-1:153679:153679 [0] NCCL INFO Recv: 4194304 Bytes -> Algo Unknown proto SIMPLE channel{Lo..Hi}={0..1} comm 0x55f30eed7ed0
nccl-test-worker-1:153679:153679 [0] NCCL INFO Send: 4194304 Bytes -> Algo Unknown proto SIMPLE channel{Lo..Hi}={0..1} comm 0x55f30eed7ed0
nccl-test-worker-1:153679:153679 [0] NCCL INFO Recv: 4194304 Bytes -> Algo Unknown proto SIMPLE channel{Lo..Hi}={0..1} comm 0x55f30eed7ed0
nccl-test-worker-1:153679:153679 [0] NCCL INFO Send: 4194304 Bytes -> Algo Unknown proto SIMPLE channel{Lo..Hi}={0..1} comm 0x55f30eed7ed0
nccl-test-worker-1:153679:153679 [0] NCCL INFO Recv: 4194304 Bytes -> Algo Unknown proto SIMPLE channel{Lo..Hi}={0..1} comm 0x55f30eed7ed0
nccl-test-worker-1:153679:153679 [0] NCCL INFO Send: 4194304 Bytes -> Algo Unknown proto SIMPLE channel{Lo..Hi}={0..1} comm 0x55f30eed7ed0
nccl-test-worker-1:153679:153679 [0] NCCL INFO Recv: 4194304 Bytes -> Algo Unknown proto SIMPLE channel{Lo..Hi}={0..1} comm 0x55f30eed7ed0
nccl-test-worker-1:153679:153679 [0] NCCL INFO Send: 4194304 Bytes -> Algo Unknown proto SIMPLE channel{Lo..Hi}={0..1} comm 0x55f30eed7ed0
nccl-test-worker-1:153679:153679 [0] NCCL INFO Recv: 4194304 Bytes -> Algo Unknown proto SIMPLE channel{Lo..Hi}={0..1} comm 0x55f30eed7ed0
nccl-test-worker-1:153679:153679 [0] NCCL INFO Send: 4194304 Bytes -> Algo Unknown proto SIMPLE channel{Lo..Hi}={0..1} comm 0x55f30eed7ed0
nccl-test-worker-1:153679:153679 [0] NCCL INFO Recv: 4194304 Bytes -> Algo Unknown proto SIMPLE channel{Lo..Hi}={0..1} comm 0x55f30eed7ed0
nccl-test-worker-1:153679:153679 [0] NCCL INFO Send: 4194304 Bytes -> Algo Unknown proto SIMPLE channel{Lo..Hi}={0..1} comm 0x55f30eed7ed0
nccl-test-worker-1:153679:153679 [0] NCCL INFO Recv: 4194304 Bytes -> Algo Unknown proto SIMPLE channel{Lo..Hi}={0..1} comm 0x55f30eed7ed0
nccl-test-worker-1:153679:153679 [0] NCCL INFO Send: 4194304 Bytes -> Algo Unknown proto SIMPLE channel{Lo..Hi}={0..1} comm 0x55f30eed7ed0
nccl-test-worker-1:153679:153679 [0] NCCL INFO Recv: 4194304 Bytes -> Algo Unknown proto SIMPLE channel{Lo..Hi}={0..1} comm 0x55f30eed7ed0
nccl-test-worker-1:153679:153679 [0] NCCL INFO Send: 4194304 Bytes -> Algo Unknown proto SIMPLE channel{Lo..Hi}={0..1} comm 0x55f30eed7ed0
nccl-test-worker-1:153679:153679 [0] NCCL INFO Recv: 4194304 Bytes -> Algo Unknown proto SIMPLE channel{Lo..Hi}={0..1} comm 0x55f30eed7ed0
nccl-test-worker-1:153679:153679 [0] NCCL INFO Send: 4194304 Bytes -> Algo Unknown proto SIMPLE channel{Lo..Hi}={0..1} comm 0x55f30eed7ed0
nccl-test-worker-1:153679:153679 [0] NCCL INFO Recv: 4194304 Bytes -> Algo Unknown proto SIMPLE channel{Lo..Hi}={0..1} comm 0x55f30eed7ed0
nccl-test-worker-1:153679:153679 [0] NCCL INFO Send: 4194304 Bytes -> Algo Unknown proto SIMPLE channel{Lo..Hi}={0..1} comm 0x55f30eed7ed0
nccl-test-worker-1:153679:153679 [0] NCCL INFO Recv: 4194304 Bytes -> Algo Unknown proto SIMPLE channel{Lo..Hi}={0..1} comm 0x55f30eed7ed0
nccl-test-worker-1:153679:153679 [0] NCCL INFO Send: 4194304 Bytes -> Algo Unknown proto SIMPLE channel{Lo..Hi}={0..1} comm 0x55f30eed7ed0
nccl-test-worker-1:153679:153679 [0] NCCL INFO Recv: 4194304 Bytes -> Algo Unknown proto SIMPLE channel{Lo..Hi}={0..1} comm 0x55f30eed7ed0
nccl-test-worker-1:153679:153679 [0] NCCL INFO Send: 4194304 Bytes -> Algo Unknown proto SIMPLE channel{Lo..Hi}={0..1} comm 0x55f30eed7ed0
nccl-test-worker-1:153679:153679 [0] NCCL INFO Recv: 4194304 Bytes -> Algo Unknown proto SIMPLE channel{Lo..Hi}={0..1} comm 0x55f30eed7ed0
nccl-test-worker-1:153679:153679 [0] NCCL INFO Send: 4194304 Bytes -> Algo Unknown proto SIMPLE channel{Lo..Hi}={0..1} comm 0x55f30eed7ed0
nccl-test-worker-1:153679:153679 [0] NCCL INFO Recv: 4194304 Bytes -> Algo Unknown proto SIMPLE channel{Lo..Hi}={0..1} comm 0x55f30eed7ed0
nccl-test-worker-1:153679:153679 [0] NCCL INFO Send: 4194304 Bytes -> Algo Unknown proto SIMPLE channel{Lo..Hi}={0..1} comm 0x55f30eed7ed0
nccl-test-worker-1:153679:153679 [0] NCCL INFO Recv: 4194304 Bytes -> Algo Unknown proto SIMPLE channel{Lo..Hi}={0..1} comm 0x55f30eed7ed0
nccl-test-worker-1:153679:153679 [0] NCCL INFO Send: 4194304 Bytes -> Algo Unknown proto SIMPLE channel{Lo..Hi}={0..1} comm 0x55f30eed7ed0
nccl-test-worker-1:153679:153679 [0] NCCL INFO Recv: 4194304 Bytes -> Algo Unknown proto SIMPLE channel{Lo..Hi}={0..1} comm 0x55f30eed7ed0
nccl-test-worker-1:153679:153679 [0] NCCL INFO Send: 4194304 Bytes -> Algo Unknown proto SIMPLE channel{Lo..Hi}={0..1} comm 0x55f30eed7ed0
nccl-test-worker-1:153679:153679 [0] NCCL INFO Recv: 4194304 Bytes -> Algo Unknown proto SIMPLE channel{Lo..Hi}={0..1} comm 0x55f30eed7ed0
nccl-test-worker-1:153679:153679 [0] NCCL INFO Send: 4194304 Bytes -> Algo Unknown proto SIMPLE channel{Lo..Hi}={0..1} comm 0x55f30eed7ed0
nccl-test-worker-1:153679:153679 [0] NCCL INFO Recv: 4194304 Bytes -> Algo Unknown proto SIMPLE channel{Lo..Hi}={0..1} comm 0x55f30eed7ed0
nccl-test-worker-1:153679:153679 [0] NCCL INFO Send: 4194304 Bytes -> Algo Unknown proto SIMPLE channel{Lo..Hi}={0..1} comm 0x55f30eed7ed0
nccl-test-worker-1:153679:153679 [0] NCCL INFO Recv: 4194304 Bytes -> Algo Unknown proto SIMPLE channel{Lo..Hi}={0..1} comm 0x55f30eed7ed0
nccl-test-worker-1:153679:153679 [0] NCCL INFO Send: 4194304 Bytes -> Algo Unknown proto SIMPLE channel{Lo..Hi}={0..1} comm 0x55f30eed7ed0
nccl-test-worker-1:153679:153679 [0] NCCL INFO Recv: 4194304 Bytes -> Algo Unknown proto SIMPLE channel{Lo..Hi}={0..1} comm 0x55f30eed7ed0
nccl-test-worker-1:153679:153679 [0] NCCL INFO Send: 4194304 Bytes -> Algo Unknown proto SIMPLE channel{Lo..Hi}={0..1} comm 0x55f30eed7ed0
nccl-test-worker-1:153679:153679 [0] NCCL INFO Recv: 4194304 Bytes -> Algo Unknown proto SIMPLE channel{Lo..Hi}={0..1} comm 0x55f30eed7ed0
nccl-test-worker-1:153679:153679 [0] NCCL INFO Send: 4194304 Bytes -> Algo Unknown proto SIMPLE channel{Lo..Hi}={0..1} comm 0x55f30eed7ed0
nccl-test-worker-1:153679:153679 [0] NCCL INFO Recv: 4194304 Bytes -> Algo Unknown proto SIMPLE channel{Lo..Hi}={0..1} comm 0x55f30eed7ed0
nccl-test-worker-1:153679:153679 [0] NCCL INFO Send: 4194304 Bytes -> Algo Unknown proto SIMPLE channel{Lo..Hi}={0..1} comm 0x55f30eed7ed0
nccl-test-worker-1:153679:153679 [0] NCCL INFO Recv: 4194304 Bytes -> Algo Unknown proto SIMPLE channel{Lo..Hi}={0..1} comm 0x55f30eed7ed0
nccl-test-worker-1:153679:153679 [0] NCCL INFO Send: 4194304 Bytes -> Algo Unknown proto SIMPLE channel{Lo..Hi}={0..1} comm 0x55f30eed7ed0
nccl-test-worker-1:153679:153679 [0] NCCL INFO Recv: 4194304 Bytes -> Algo Unknown proto SIMPLE channel{Lo..Hi}={0..1} comm 0x55f30eed7ed0
nccl-test-worker-1:153679:153679 [0] NCCL INFO Send: 4194304 Bytes -> Algo Unknown proto SIMPLE channel{Lo..Hi}={0..1} comm 0x55f30eed7ed0
nccl-test-worker-1:153679:153679 [0] NCCL INFO Recv: 4194304 Bytes -> Algo Unknown proto SIMPLE channel{Lo..Hi}={0..1} comm 0x55f30eed7ed0
nccl-test-worker-1:153679:153679 [0] NCCL INFO Send: 4194304 Bytes -> Algo Unknown proto SIMPLE channel{Lo..Hi}={0..1} comm 0x55f30eed7ed0
nccl-test-worker-1:153679:153679 [0] NCCL INFO Recv: 4194304 Bytes -> Algo Unknown proto SIMPLE channel{Lo..Hi}={0..1} comm 0x55f30eed7ed0
nccl-test-worker-1:153679:153679 [0] NCCL INFO Send: 4194304 Bytes -> Algo Unknown proto SIMPLE channel{Lo..Hi}={0..1} comm 0x55f30eed7ed0
nccl-test-worker-1:153679:153679 [0] NCCL INFO Recv: 4194304 Bytes -> Algo Unknown proto SIMPLE channel{Lo..Hi}={0..1} comm 0x55f30eed7ed0
nccl-test-worker-1:153679:153679 [0] NCCL INFO Send: 4194304 Bytes -> Algo Unknown proto SIMPLE channel{Lo..Hi}={0..1} comm 0x55f30eed7ed0
nccl-test-worker-1:153679:153679 [0] NCCL INFO Recv: 4194304 Bytes -> Algo Unknown proto SIMPLE channel{Lo..Hi}={0..1} comm 0x55f30eed7ed0
nccl-test-worker-1:153679:153679 [0] NCCL INFO Send: 4194304 Bytes -> Algo Unknown proto SIMPLE channel{Lo..Hi}={0..1} comm 0x55f30eed7ed0
nccl-test-worker-1:153679:153679 [0] NCCL INFO Recv: 4194304 Bytes -> Algo Unknown proto SIMPLE channel{Lo..Hi}={0..1} comm 0x55f30eed7ed0
nccl-test-worker-1:153679:153679 [0] NCCL INFO Send: 4194304 Bytes -> Algo Unknown proto SIMPLE channel{Lo..Hi}={0..1} comm 0x55f30eed7ed0
nccl-test-worker-1:153679:153679 [0] NCCL INFO Recv: 4194304 Bytes -> Algo Unknown proto SIMPLE channel{Lo..Hi}={0..1} comm 0x55f30eed7ed0
nccl-test-worker-1:153679:153679 [0] NCCL INFO Send: 4194304 Bytes -> Algo Unknown proto SIMPLE channel{Lo..Hi}={0..1} comm 0x55f30eed7ed0
nccl-test-worker-1:153679:153679 [0] NCCL INFO Recv: 4194304 Bytes -> Algo Unknown proto SIMPLE channel{Lo..Hi}={0..1} comm 0x55f30eed7ed0
nccl-test-worker-1:153679:153679 [0] NCCL INFO Send: 4194304 Bytes -> Algo Unknown proto SIMPLE channel{Lo..Hi}={0..1} comm 0x55f30eed7ed0
nccl-test-worker-1:153679:153679 [0] NCCL INFO Recv: 8388608 Bytes -> Algo Unknown proto SIMPLE channel{Lo..Hi}={0..1} comm 0x55f30eed7ed0
nccl-test-worker-1:153679:153679 [0] NCCL INFO Send: 8388608 Bytes -> Algo Unknown proto SIMPLE channel{Lo..Hi}={0..1} comm 0x55f30eed7ed0
nccl-test-worker-1:153679:153679 [0] NCCL INFO Recv: 8388608 Bytes -> Algo Unknown proto SIMPLE channel{Lo..Hi}={0..1} comm 0x55f30eed7ed0
nccl-test-worker-1:153679:153679 [0] NCCL INFO Send: 8388608 Bytes -> Algo Unknown proto SIMPLE channel{Lo..Hi}={0..1} comm 0x55f30eed7ed0
nccl-test-worker-1:153679:153679 [0] NCCL INFO Recv: 8388608 Bytes -> Algo Unknown proto SIMPLE channel{Lo..Hi}={0..1} comm 0x55f30eed7ed0
nccl-test-worker-1:153679:153679 [0] NCCL INFO Send: 8388608 Bytes -> Algo Unknown proto SIMPLE channel{Lo..Hi}={0..1} comm 0x55f30eed7ed0
nccl-test-worker-1:153679:153679 [0] NCCL INFO Recv: 8388608 Bytes -> Algo Unknown proto SIMPLE channel{Lo..Hi}={0..1} comm 0x55f30eed7ed0
nccl-test-worker-1:153679:153679 [0] NCCL INFO Send: 8388608 Bytes -> Algo Unknown proto SIMPLE channel{Lo..Hi}={0..1} comm 0x55f30eed7ed0
nccl-test-worker-1:153679:153679 [0] NCCL INFO Recv: 8388608 Bytes -> Algo Unknown proto SIMPLE channel{Lo..Hi}={0..1} comm 0x55f30eed7ed0
nccl-test-worker-1:153679:153679 [0] NCCL INFO Send: 8388608 Bytes -> Algo Unknown proto SIMPLE channel{Lo..Hi}={0..1} comm 0x55f30eed7ed0
nccl-test-worker-1:153679:153679 [0] NCCL INFO Recv: 8388608 Bytes -> Algo Unknown proto SIMPLE channel{Lo..Hi}={0..1} comm 0x55f30eed7ed0
nccl-test-worker-1:153679:153679 [0] NCCL INFO Send: 8388608 Bytes -> Algo Unknown proto SIMPLE channel{Lo..Hi}={0..1} comm 0x55f30eed7ed0
nccl-test-worker-1:153679:153679 [0] NCCL INFO Recv: 8388608 Bytes -> Algo Unknown proto SIMPLE channel{Lo..Hi}={0..1} comm 0x55f30eed7ed0
nccl-test-worker-1:153679:153679 [0] NCCL INFO Send: 8388608 Bytes -> Algo Unknown proto SIMPLE channel{Lo..Hi}={0..1} comm 0x55f30eed7ed0
nccl-test-worker-1:153679:153679 [0] NCCL INFO Recv: 8388608 Bytes -> Algo Unknown proto SIMPLE channel{Lo..Hi}={0..1} comm 0x55f30eed7ed0
nccl-test-worker-1:153679:153679 [0] NCCL INFO Send: 8388608 Bytes -> Algo Unknown proto SIMPLE channel{Lo..Hi}={0..1} comm 0x55f30eed7ed0
nccl-test-worker-1:153679:153679 [0] NCCL INFO Recv: 8388608 Bytes -> Algo Unknown proto SIMPLE channel{Lo..Hi}={0..1} comm 0x55f30eed7ed0
nccl-test-worker-1:153679:153679 [0] NCCL INFO Send: 8388608 Bytes -> Algo Unknown proto SIMPLE channel{Lo..Hi}={0..1} comm 0x55f30eed7ed0
nccl-test-worker-1:153679:153679 [0] NCCL INFO Recv: 8388608 Bytes -> Algo Unknown proto SIMPLE channel{Lo..Hi}={0..1} comm 0x55f30eed7ed0
nccl-test-worker-1:153679:153679 [0] NCCL INFO Send: 8388608 Bytes -> Algo Unknown proto SIMPLE channel{Lo..Hi}={0..1} comm 0x55f30eed7ed0
nccl-test-worker-1:153679:153679 [0] NCCL INFO Recv: 8388608 Bytes -> Algo Unknown proto SIMPLE channel{Lo..Hi}={0..1} comm 0x55f30eed7ed0
nccl-test-worker-1:153679:153679 [0] NCCL INFO Send: 8388608 Bytes -> Algo Unknown proto SIMPLE channel{Lo..Hi}={0..1} comm 0x55f30eed7ed0
nccl-test-worker-1:153679:153679 [0] NCCL INFO Recv: 8388608 Bytes -> Algo Unknown proto SIMPLE channel{Lo..Hi}={0..1} comm 0x55f30eed7ed0
nccl-test-worker-1:153679:153679 [0] NCCL INFO Send: 8388608 Bytes -> Algo Unknown proto SIMPLE channel{Lo..Hi}={0..1} comm 0x55f30eed7ed0
nccl-test-worker-1:153679:153679 [0] NCCL INFO Recv: 8388608 Bytes -> Algo Unknown proto SIMPLE channel{Lo..Hi}={0..1} comm 0x55f30eed7ed0
nccl-test-worker-1:153679:153679 [0] NCCL INFO Send: 8388608 Bytes -> Algo Unknown proto SIMPLE channel{Lo..Hi}={0..1} comm 0x55f30eed7ed0
nccl-test-worker-1:153679:153679 [0] NCCL INFO Recv: 8388608 Bytes -> Algo Unknown proto SIMPLE channel{Lo..Hi}={0..1} comm 0x55f30eed7ed0
nccl-test-worker-1:153679:153679 [0] NCCL INFO Send: 8388608 Bytes -> Algo Unknown proto SIMPLE channel{Lo..Hi}={0..1} comm 0x55f30eed7ed0
nccl-test-worker-1:153679:153679 [0] NCCL INFO Recv: 8388608 Bytes -> Algo Unknown proto SIMPLE channel{Lo..Hi}={0..1} comm 0x55f30eed7ed0
nccl-test-worker-1:153679:153679 [0] NCCL INFO Send: 8388608 Bytes -> Algo Unknown proto SIMPLE channel{Lo..Hi}={0..1} comm 0x55f30eed7ed0
nccl-test-worker-1:153679:153679 [0] NCCL INFO Recv: 8388608 Bytes -> Algo Unknown proto SIMPLE channel{Lo..Hi}={0..1} comm 0x55f30eed7ed0
nccl-test-worker-1:153679:153679 [0] NCCL INFO Send: 8388608 Bytes -> Algo Unknown proto SIMPLE channel{Lo..Hi}={0..1} comm 0x55f30eed7ed0
nccl-test-worker-1:153679:153679 [0] NCCL INFO Recv: 8388608 Bytes -> Algo Unknown proto SIMPLE channel{Lo..Hi}={0..1} comm 0x55f30eed7ed0
nccl-test-worker-1:153679:153679 [0] NCCL INFO Send: 8388608 Bytes -> Algo Unknown proto SIMPLE channel{Lo..Hi}={0..1} comm 0x55f30eed7ed0
nccl-test-worker-1:153679:153679 [0] NCCL INFO Recv: 8388608 Bytes -> Algo Unknown proto SIMPLE channel{Lo..Hi}={0..1} comm 0x55f30eed7ed0
nccl-test-worker-1:153679:153679 [0] NCCL INFO Send: 8388608 Bytes -> Algo Unknown proto SIMPLE channel{Lo..Hi}={0..1} comm 0x55f30eed7ed0
nccl-test-worker-1:153679:153679 [0] NCCL INFO Recv: 8388608 Bytes -> Algo Unknown proto SIMPLE channel{Lo..Hi}={0..1} comm 0x55f30eed7ed0
nccl-test-worker-1:153679:153679 [0] NCCL INFO Send: 8388608 Bytes -> Algo Unknown proto SIMPLE channel{Lo..Hi}={0..1} comm 0x55f30eed7ed0
nccl-test-worker-1:153679:153679 [0] NCCL INFO Recv: 8388608 Bytes -> Algo Unknown proto SIMPLE channel{Lo..Hi}={0..1} comm 0x55f30eed7ed0
nccl-test-worker-1:153679:153679 [0] NCCL INFO Send: 8388608 Bytes -> Algo Unknown proto SIMPLE channel{Lo..Hi}={0..1} comm 0x55f30eed7ed0
nccl-test-worker-1:153679:153679 [0] NCCL INFO Recv: 8388608 Bytes -> Algo Unknown proto SIMPLE channel{Lo..Hi}={0..1} comm 0x55f30eed7ed0
nccl-test-worker-1:153679:153679 [0] NCCL INFO Send: 8388608 Bytes -> Algo Unknown proto SIMPLE channel{Lo..Hi}={0..1} comm 0x55f30eed7ed0
nccl-test-worker-1:153679:153679 [0] NCCL INFO Recv: 8388608 Bytes -> Algo Unknown proto SIMPLE channel{Lo..Hi}={0..1} comm 0x55f30eed7ed0
nccl-test-worker-1:153679:153679 [0] NCCL INFO Send: 8388608 Bytes -> Algo Unknown proto SIMPLE channel{Lo..Hi}={0..1} comm 0x55f30eed7ed0
nccl-test-worker-1:153679:153679 [0] NCCL INFO Recv: 8388608 Bytes -> Algo Unknown proto SIMPLE channel{Lo..Hi}={0..1} comm 0x55f30eed7ed0
nccl-test-worker-1:153679:153679 [0] NCCL INFO Send: 8388608 Bytes -> Algo Unknown proto SIMPLE channel{Lo..Hi}={0..1} comm 0x55f30eed7ed0
nccl-test-worker-1:153679:153679 [0] NCCL INFO Recv: 8388608 Bytes -> Algo Unknown proto SIMPLE channel{Lo..Hi}={0..1} comm 0x55f30eed7ed0
nccl-test-worker-1:153679:153679 [0] NCCL INFO Send: 8388608 Bytes -> Algo Unknown proto SIMPLE channel{Lo..Hi}={0..1} comm 0x55f30eed7ed0
nccl-test-worker-1:153679:153679 [0] NCCL INFO Recv: 8388608 Bytes -> Algo Unknown proto SIMPLE channel{Lo..Hi}={0..1} comm 0x55f30eed7ed0
nccl-test-worker-1:153679:153679 [0] NCCL INFO Send: 8388608 Bytes -> Algo Unknown proto SIMPLE channel{Lo..Hi}={0..1} comm 0x55f30eed7ed0
nccl-test-worker-1:153679:153679 [0] NCCL INFO Recv: 8388608 Bytes -> Algo Unknown proto SIMPLE channel{Lo..Hi}={0..1} comm 0x55f30eed7ed0
nccl-test-worker-1:153679:153679 [0] NCCL INFO Send: 8388608 Bytes -> Algo Unknown proto SIMPLE channel{Lo..Hi}={0..1} comm 0x55f30eed7ed0
nccl-test-worker-1:153679:153679 [0] NCCL INFO Recv: 8388608 Bytes -> Algo Unknown proto SIMPLE channel{Lo..Hi}={0..1} comm 0x55f30eed7ed0
nccl-test-worker-1:153679:153679 [0] NCCL INFO Send: 8388608 Bytes -> Algo Unknown proto SIMPLE channel{Lo..Hi}={0..1} comm 0x55f30eed7ed0
nccl-test-worker-1:153679:153679 [0] NCCL INFO Recv: 8388608 Bytes -> Algo Unknown proto SIMPLE channel{Lo..Hi}={0..1} comm 0x55f30eed7ed0
nccl-test-worker-1:153679:153679 [0] NCCL INFO Send: 8388608 Bytes -> Algo Unknown proto SIMPLE channel{Lo..Hi}={0..1} comm 0x55f30eed7ed0
nccl-test-worker-1:153679:153679 [0] NCCL INFO Recv: 8388608 Bytes -> Algo Unknown proto SIMPLE channel{Lo..Hi}={0..1} comm 0x55f30eed7ed0
nccl-test-worker-1:153679:153679 [0] NCCL INFO Send: 8388608 Bytes -> Algo Unknown proto SIMPLE channel{Lo..Hi}={0..1} comm 0x55f30eed7ed0
nccl-test-worker-1:153679:153679 [0] NCCL INFO Recv: 8388608 Bytes -> Algo Unknown proto SIMPLE channel{Lo..Hi}={0..1} comm 0x55f30eed7ed0
nccl-test-worker-1:153679:153679 [0] NCCL INFO Send: 8388608 Bytes -> Algo Unknown proto SIMPLE channel{Lo..Hi}={0..1} comm 0x55f30eed7ed0
nccl-test-worker-1:153679:153679 [0] NCCL INFO Recv: 8388608 Bytes -> Algo Unknown proto SIMPLE channel{Lo..Hi}={0..1} comm 0x55f30eed7ed0
nccl-test-worker-1:153679:153679 [0] NCCL INFO Send: 8388608 Bytes -> Algo Unknown proto SIMPLE channel{Lo..Hi}={0..1} comm 0x55f30eed7ed0
nccl-test-worker-1:153679:153679 [0] NCCL INFO Recv: 8388608 Bytes -> Algo Unknown proto SIMPLE channel{Lo..Hi}={0..1} comm 0x55f30eed7ed0
nccl-test-worker-1:153679:153679 [0] NCCL INFO Send: 8388608 Bytes -> Algo Unknown proto SIMPLE channel{Lo..Hi}={0..1} comm 0x55f30eed7ed0
nccl-test-worker-1:153679:153679 [0] NCCL INFO Recv: 8388608 Bytes -> Algo Unknown proto SIMPLE channel{Lo..Hi}={0..1} comm 0x55f30eed7ed0
nccl-test-worker-1:153679:153679 [0] NCCL INFO Send: 8388608 Bytes -> Algo Unknown proto SIMPLE channel{Lo..Hi}={0..1} comm 0x55f30eed7ed0
nccl-test-worker-1:153679:153679 [0] NCCL INFO Recv: 8388608 Bytes -> Algo Unknown proto SIMPLE channel{Lo..Hi}={0..1} comm 0x55f30eed7ed0
nccl-test-worker-1:153679:153679 [0] NCCL INFO Send: 8388608 Bytes -> Algo Unknown proto SIMPLE channel{Lo..Hi}={0..1} comm 0x55f30eed7ed0
nccl-test-worker-1:153679:153679 [0] NCCL INFO Recv: 8388608 Bytes -> Algo Unknown proto SIMPLE channel{Lo..Hi}={0..1} comm 0x55f30eed7ed0
nccl-test-worker-1:153679:153679 [0] NCCL INFO Send: 8388608 Bytes -> Algo Unknown proto SIMPLE channel{Lo..Hi}={0..1} comm 0x55f30eed7ed0
nccl-test-worker-1:153679:153679 [0] NCCL INFO Recv: 8388608 Bytes -> Algo Unknown proto SIMPLE channel{Lo..Hi}={0..1} comm 0x55f30eed7ed0
nccl-test-worker-1:153679:153679 [0] NCCL INFO Send: 8388608 Bytes -> Algo Unknown proto SIMPLE channel{Lo..Hi}={0..1} comm 0x55f30eed7ed0
nccl-test-worker-1:153679:153679 [0] NCCL INFO Recv: 8388608 Bytes -> Algo Unknown proto SIMPLE channel{Lo..Hi}={0..1} comm 0x55f30eed7ed0
nccl-test-worker-1:153679:153679 [0] NCCL INFO Send: 8388608 Bytes -> Algo Unknown proto SIMPLE channel{Lo..Hi}={0..1} comm 0x55f30eed7ed0
nccl-test-worker-1:153679:153679 [0] NCCL INFO Recv: 8388608 Bytes -> Algo Unknown proto SIMPLE channel{Lo..Hi}={0..1} comm 0x55f30eed7ed0
nccl-test-worker-1:153679:153679 [0] NCCL INFO Send: 8388608 Bytes -> Algo Unknown proto SIMPLE channel{Lo..Hi}={0..1} comm 0x55f30eed7ed0
nccl-test-worker-1:153679:153679 [0] NCCL INFO Recv: 8388608 Bytes -> Algo Unknown proto SIMPLE channel{Lo..Hi}={0..1} comm 0x55f30eed7ed0
nccl-test-worker-1:153679:153679 [0] NCCL INFO Send: 8388608 Bytes -> Algo Unknown proto SIMPLE channel{Lo..Hi}={0..1} comm 0x55f30eed7ed0
nccl-test-worker-1:153679:153679 [0] NCCL INFO Recv: 8388608 Bytes -> Algo Unknown proto SIMPLE channel{Lo..Hi}={0..1} comm 0x55f30eed7ed0
nccl-test-worker-1:153679:153679 [0] NCCL INFO Send: 8388608 Bytes -> Algo Unknown proto SIMPLE channel{Lo..Hi}={0..1} comm 0x55f30eed7ed0
nccl-test-worker-1:153679:153679 [0] NCCL INFO Recv: 8388608 Bytes -> Algo Unknown proto SIMPLE channel{Lo..Hi}={0..1} comm 0x55f30eed7ed0
nccl-test-worker-1:153679:153679 [0] NCCL INFO Send: 8388608 Bytes -> Algo Unknown proto SIMPLE channel{Lo..Hi}={0..1} comm 0x55f30eed7ed0
nccl-test-worker-1:153679:153679 [0] NCCL INFO Recv: 8388608 Bytes -> Algo Unknown proto SIMPLE channel{Lo..Hi}={0..1} comm 0x55f30eed7ed0
nccl-test-worker-1:153679:153679 [0] NCCL INFO Send: 8388608 Bytes -> Algo Unknown proto SIMPLE channel{Lo..Hi}={0..1} comm 0x55f30eed7ed0
nccl-test-worker-1:153679:153679 [0] NCCL INFO Recv: 8388608 Bytes -> Algo Unknown proto SIMPLE channel{Lo..Hi}={0..1} comm 0x55f30eed7ed0
nccl-test-worker-1:153679:153679 [0] NCCL INFO Send: 8388608 Bytes -> Algo Unknown proto SIMPLE channel{Lo..Hi}={0..1} comm 0x55f30eed7ed0
nccl-test-worker-1:153679:153679 [0] NCCL INFO Recv: 8388608 Bytes -> Algo Unknown proto SIMPLE channel{Lo..Hi}={0..1} comm 0x55f30eed7ed0
nccl-test-worker-1:153679:153679 [0] NCCL INFO Send: 8388608 Bytes -> Algo Unknown proto SIMPLE channel{Lo..Hi}={0..1} comm 0x55f30eed7ed0
nccl-test-worker-1:153679:153679 [0] NCCL INFO Recv: 8388608 Bytes -> Algo Unknown proto SIMPLE channel{Lo..Hi}={0..1} comm 0x55f30eed7ed0
nccl-test-worker-1:153679:153679 [0] NCCL INFO Send: 8388608 Bytes -> Algo Unknown proto SIMPLE channel{Lo..Hi}={0..1} comm 0x55f30eed7ed0
nccl-test-worker-1:153679:153679 [0] NCCL INFO Recv: 16777216 Bytes -> Algo Unknown proto SIMPLE channel{Lo..Hi}={0..1} comm 0x55f30eed7ed0
nccl-test-worker-1:153679:153679 [0] NCCL INFO Send: 16777216 Bytes -> Algo Unknown proto SIMPLE channel{Lo..Hi}={0..1} comm 0x55f30eed7ed0
nccl-test-worker-1:153679:153679 [0] NCCL INFO Recv: 16777216 Bytes -> Algo Unknown proto SIMPLE channel{Lo..Hi}={0..1} comm 0x55f30eed7ed0
nccl-test-worker-1:153679:153679 [0] NCCL INFO Send: 16777216 Bytes -> Algo Unknown proto SIMPLE channel{Lo..Hi}={0..1} comm 0x55f30eed7ed0
nccl-test-worker-1:153679:153679 [0] NCCL INFO Recv: 16777216 Bytes -> Algo Unknown proto SIMPLE channel{Lo..Hi}={0..1} comm 0x55f30eed7ed0
nccl-test-worker-1:153679:153679 [0] NCCL INFO Send: 16777216 Bytes -> Algo Unknown proto SIMPLE channel{Lo..Hi}={0..1} comm 0x55f30eed7ed0
nccl-test-worker-1:153679:153679 [0] NCCL INFO Recv: 16777216 Bytes -> Algo Unknown proto SIMPLE channel{Lo..Hi}={0..1} comm 0x55f30eed7ed0
nccl-test-worker-1:153679:153679 [0] NCCL INFO Send: 16777216 Bytes -> Algo Unknown proto SIMPLE channel{Lo..Hi}={0..1} comm 0x55f30eed7ed0
nccl-test-worker-1:153679:153679 [0] NCCL INFO Recv: 16777216 Bytes -> Algo Unknown proto SIMPLE channel{Lo..Hi}={0..1} comm 0x55f30eed7ed0
nccl-test-worker-1:153679:153679 [0] NCCL INFO Send: 16777216 Bytes -> Algo Unknown proto SIMPLE channel{Lo..Hi}={0..1} comm 0x55f30eed7ed0
nccl-test-worker-1:153679:153679 [0] NCCL INFO Recv: 16777216 Bytes -> Algo Unknown proto SIMPLE channel{Lo..Hi}={0..1} comm 0x55f30eed7ed0
nccl-test-worker-1:153679:153679 [0] NCCL INFO Send: 16777216 Bytes -> Algo Unknown proto SIMPLE channel{Lo..Hi}={0..1} comm 0x55f30eed7ed0
nccl-test-worker-1:153679:153679 [0] NCCL INFO Recv: 16777216 Bytes -> Algo Unknown proto SIMPLE channel{Lo..Hi}={0..1} comm 0x55f30eed7ed0
nccl-test-worker-1:153679:153679 [0] NCCL INFO Send: 16777216 Bytes -> Algo Unknown proto SIMPLE channel{Lo..Hi}={0..1} comm 0x55f30eed7ed0
nccl-test-worker-1:153679:153679 [0] NCCL INFO Recv: 16777216 Bytes -> Algo Unknown proto SIMPLE channel{Lo..Hi}={0..1} comm 0x55f30eed7ed0
nccl-test-worker-1:153679:153679 [0] NCCL INFO Send: 16777216 Bytes -> Algo Unknown proto SIMPLE channel{Lo..Hi}={0..1} comm 0x55f30eed7ed0
nccl-test-worker-1:153679:153679 [0] NCCL INFO Recv: 16777216 Bytes -> Algo Unknown proto SIMPLE channel{Lo..Hi}={0..1} comm 0x55f30eed7ed0
nccl-test-worker-1:153679:153679 [0] NCCL INFO Send: 16777216 Bytes -> Algo Unknown proto SIMPLE channel{Lo..Hi}={0..1} comm 0x55f30eed7ed0
nccl-test-worker-1:153679:153679 [0] NCCL INFO Recv: 16777216 Bytes -> Algo Unknown proto SIMPLE channel{Lo..Hi}={0..1} comm 0x55f30eed7ed0
nccl-test-worker-1:153679:153679 [0] NCCL INFO Send: 16777216 Bytes -> Algo Unknown proto SIMPLE channel{Lo..Hi}={0..1} comm 0x55f30eed7ed0
nccl-test-worker-1:153679:153679 [0] NCCL INFO Recv: 16777216 Bytes -> Algo Unknown proto SIMPLE channel{Lo..Hi}={0..1} comm 0x55f30eed7ed0
nccl-test-worker-1:153679:153679 [0] NCCL INFO Send: 16777216 Bytes -> Algo Unknown proto SIMPLE channel{Lo..Hi}={0..1} comm 0x55f30eed7ed0
nccl-test-worker-1:153679:153679 [0] NCCL INFO Recv: 16777216 Bytes -> Algo Unknown proto SIMPLE channel{Lo..Hi}={0..1} comm 0x55f30eed7ed0
nccl-test-worker-1:153679:153679 [0] NCCL INFO Send: 16777216 Bytes -> Algo Unknown proto SIMPLE channel{Lo..Hi}={0..1} comm 0x55f30eed7ed0
nccl-test-worker-1:153679:153679 [0] NCCL INFO Recv: 16777216 Bytes -> Algo Unknown proto SIMPLE channel{Lo..Hi}={0..1} comm 0x55f30eed7ed0
nccl-test-worker-1:153679:153679 [0] NCCL INFO Send: 16777216 Bytes -> Algo Unknown proto SIMPLE channel{Lo..Hi}={0..1} comm 0x55f30eed7ed0
nccl-test-worker-1:153679:153679 [0] NCCL INFO Recv: 16777216 Bytes -> Algo Unknown proto SIMPLE channel{Lo..Hi}={0..1} comm 0x55f30eed7ed0
nccl-test-worker-1:153679:153679 [0] NCCL INFO Send: 16777216 Bytes -> Algo Unknown proto SIMPLE channel{Lo..Hi}={0..1} comm 0x55f30eed7ed0
nccl-test-worker-1:153679:153679 [0] NCCL INFO Recv: 16777216 Bytes -> Algo Unknown proto SIMPLE channel{Lo..Hi}={0..1} comm 0x55f30eed7ed0
nccl-test-worker-1:153679:153679 [0] NCCL INFO Send: 16777216 Bytes -> Algo Unknown proto SIMPLE channel{Lo..Hi}={0..1} comm 0x55f30eed7ed0
nccl-test-worker-1:153679:153679 [0] NCCL INFO Recv: 16777216 Bytes -> Algo Unknown proto SIMPLE channel{Lo..Hi}={0..1} comm 0x55f30eed7ed0
nccl-test-worker-1:153679:153679 [0] NCCL INFO Send: 16777216 Bytes -> Algo Unknown proto SIMPLE channel{Lo..Hi}={0..1} comm 0x55f30eed7ed0
nccl-test-worker-1:153679:153679 [0] NCCL INFO Recv: 16777216 Bytes -> Algo Unknown proto SIMPLE channel{Lo..Hi}={0..1} comm 0x55f30eed7ed0
nccl-test-worker-1:153679:153679 [0] NCCL INFO Send: 16777216 Bytes -> Algo Unknown proto SIMPLE channel{Lo..Hi}={0..1} comm 0x55f30eed7ed0
nccl-test-worker-1:153679:153679 [0] NCCL INFO Recv: 16777216 Bytes -> Algo Unknown proto SIMPLE channel{Lo..Hi}={0..1} comm 0x55f30eed7ed0
nccl-test-worker-1:153679:153679 [0] NCCL INFO Send: 16777216 Bytes -> Algo Unknown proto SIMPLE channel{Lo..Hi}={0..1} comm 0x55f30eed7ed0
nccl-test-worker-1:153679:153679 [0] NCCL INFO Recv: 16777216 Bytes -> Algo Unknown proto SIMPLE channel{Lo..Hi}={0..1} comm 0x55f30eed7ed0
nccl-test-worker-1:153679:153679 [0] NCCL INFO Send: 16777216 Bytes -> Algo Unknown proto SIMPLE channel{Lo..Hi}={0..1} comm 0x55f30eed7ed0
nccl-test-worker-1:153679:153679 [0] NCCL INFO Recv: 16777216 Bytes -> Algo Unknown proto SIMPLE channel{Lo..Hi}={0..1} comm 0x55f30eed7ed0
nccl-test-worker-1:153679:153679 [0] NCCL INFO Send: 16777216 Bytes -> Algo Unknown proto SIMPLE channel{Lo..Hi}={0..1} comm 0x55f30eed7ed0
nccl-test-worker-1:153679:153679 [0] NCCL INFO Recv: 16777216 Bytes -> Algo Unknown proto SIMPLE channel{Lo..Hi}={0..1} comm 0x55f30eed7ed0
nccl-test-worker-1:153679:153679 [0] NCCL INFO Send: 16777216 Bytes -> Algo Unknown proto SIMPLE channel{Lo..Hi}={0..1} comm 0x55f30eed7ed0
nccl-test-worker-1:153679:153679 [0] NCCL INFO Recv: 16777216 Bytes -> Algo Unknown proto SIMPLE channel{Lo..Hi}={0..1} comm 0x55f30eed7ed0
nccl-test-worker-1:153679:153679 [0] NCCL INFO Send: 16777216 Bytes -> Algo Unknown proto SIMPLE channel{Lo..Hi}={0..1} comm 0x55f30eed7ed0
nccl-test-worker-1:153679:153679 [0] NCCL INFO Recv: 16777216 Bytes -> Algo Unknown proto SIMPLE channel{Lo..Hi}={0..1} comm 0x55f30eed7ed0
nccl-test-worker-1:153679:153679 [0] NCCL INFO Send: 16777216 Bytes -> Algo Unknown proto SIMPLE channel{Lo..Hi}={0..1} comm 0x55f30eed7ed0
nccl-test-worker-1:153679:153679 [0] NCCL INFO Recv: 16777216 Bytes -> Algo Unknown proto SIMPLE channel{Lo..Hi}={0..1} comm 0x55f30eed7ed0
nccl-test-worker-1:153679:153679 [0] NCCL INFO Send: 16777216 Bytes -> Algo Unknown proto SIMPLE channel{Lo..Hi}={0..1} comm 0x55f30eed7ed0
nccl-test-worker-1:153679:153679 [0] NCCL INFO Recv: 16777216 Bytes -> Algo Unknown proto SIMPLE channel{Lo..Hi}={0..1} comm 0x55f30eed7ed0
nccl-test-worker-1:153679:153679 [0] NCCL INFO Send: 16777216 Bytes -> Algo Unknown proto SIMPLE channel{Lo..Hi}={0..1} comm 0x55f30eed7ed0
nccl-test-worker-1:153679:153679 [0] NCCL INFO Recv: 16777216 Bytes -> Algo Unknown proto SIMPLE channel{Lo..Hi}={0..1} comm 0x55f30eed7ed0
nccl-test-worker-1:153679:153679 [0] NCCL INFO Send: 16777216 Bytes -> Algo Unknown proto SIMPLE channel{Lo..Hi}={0..1} comm 0x55f30eed7ed0
nccl-test-worker-1:153679:153679 [0] NCCL INFO Recv: 16777216 Bytes -> Algo Unknown proto SIMPLE channel{Lo..Hi}={0..1} comm 0x55f30eed7ed0
nccl-test-worker-1:153679:153679 [0] NCCL INFO Send: 16777216 Bytes -> Algo Unknown proto SIMPLE channel{Lo..Hi}={0..1} comm 0x55f30eed7ed0
nccl-test-worker-1:153679:153679 [0] NCCL INFO Recv: 16777216 Bytes -> Algo Unknown proto SIMPLE channel{Lo..Hi}={0..1} comm 0x55f30eed7ed0
nccl-test-worker-1:153679:153679 [0] NCCL INFO Send: 16777216 Bytes -> Algo Unknown proto SIMPLE channel{Lo..Hi}={0..1} comm 0x55f30eed7ed0
nccl-test-worker-1:153679:153679 [0] NCCL INFO Recv: 16777216 Bytes -> Algo Unknown proto SIMPLE channel{Lo..Hi}={0..1} comm 0x55f30eed7ed0
nccl-test-worker-1:153679:153679 [0] NCCL INFO Send: 16777216 Bytes -> Algo Unknown proto SIMPLE channel{Lo..Hi}={0..1} comm 0x55f30eed7ed0
nccl-test-worker-1:153679:153679 [0] NCCL INFO Recv: 16777216 Bytes -> Algo Unknown proto SIMPLE channel{Lo..Hi}={0..1} comm 0x55f30eed7ed0
nccl-test-worker-1:153679:153679 [0] NCCL INFO Send: 16777216 Bytes -> Algo Unknown proto SIMPLE channel{Lo..Hi}={0..1} comm 0x55f30eed7ed0
nccl-test-worker-1:153679:153679 [0] NCCL INFO Recv: 16777216 Bytes -> Algo Unknown proto SIMPLE channel{Lo..Hi}={0..1} comm 0x55f30eed7ed0
nccl-test-worker-1:153679:153679 [0] NCCL INFO Send: 16777216 Bytes -> Algo Unknown proto SIMPLE channel{Lo..Hi}={0..1} comm 0x55f30eed7ed0
nccl-test-worker-1:153679:153679 [0] NCCL INFO Recv: 16777216 Bytes -> Algo Unknown proto SIMPLE channel{Lo..Hi}={0..1} comm 0x55f30eed7ed0
nccl-test-worker-1:153679:153679 [0] NCCL INFO Send: 16777216 Bytes -> Algo Unknown proto SIMPLE channel{Lo..Hi}={0..1} comm 0x55f30eed7ed0
nccl-test-worker-1:153679:153679 [0] NCCL INFO Recv: 16777216 Bytes -> Algo Unknown proto SIMPLE channel{Lo..Hi}={0..1} comm 0x55f30eed7ed0
nccl-test-worker-1:153679:153679 [0] NCCL INFO Send: 16777216 Bytes -> Algo Unknown proto SIMPLE channel{Lo..Hi}={0..1} comm 0x55f30eed7ed0
nccl-test-worker-1:153679:153679 [0] NCCL INFO Recv: 16777216 Bytes -> Algo Unknown proto SIMPLE channel{Lo..Hi}={0..1} comm 0x55f30eed7ed0
nccl-test-worker-1:153679:153679 [0] NCCL INFO Send: 16777216 Bytes -> Algo Unknown proto SIMPLE channel{Lo..Hi}={0..1} comm 0x55f30eed7ed0
nccl-test-worker-1:153679:153679 [0] NCCL INFO Recv: 16777216 Bytes -> Algo Unknown proto SIMPLE channel{Lo..Hi}={0..1} comm 0x55f30eed7ed0
nccl-test-worker-1:153679:153679 [0] NCCL INFO Send: 16777216 Bytes -> Algo Unknown proto SIMPLE channel{Lo..Hi}={0..1} comm 0x55f30eed7ed0
nccl-test-worker-1:153679:153679 [0] NCCL INFO Recv: 16777216 Bytes -> Algo Unknown proto SIMPLE channel{Lo..Hi}={0..1} comm 0x55f30eed7ed0
nccl-test-worker-1:153679:153679 [0] NCCL INFO Send: 16777216 Bytes -> Algo Unknown proto SIMPLE channel{Lo..Hi}={0..1} comm 0x55f30eed7ed0
nccl-test-worker-1:153679:153679 [0] NCCL INFO Recv: 16777216 Bytes -> Algo Unknown proto SIMPLE channel{Lo..Hi}={0..1} comm 0x55f30eed7ed0
nccl-test-worker-1:153679:153679 [0] NCCL INFO Send: 16777216 Bytes -> Algo Unknown proto SIMPLE channel{Lo..Hi}={0..1} comm 0x55f30eed7ed0
nccl-test-worker-1:153679:153679 [0] NCCL INFO Recv: 16777216 Bytes -> Algo Unknown proto SIMPLE channel{Lo..Hi}={0..1} comm 0x55f30eed7ed0
nccl-test-worker-1:153679:153679 [0] NCCL INFO Send: 16777216 Bytes -> Algo Unknown proto SIMPLE channel{Lo..Hi}={0..1} comm 0x55f30eed7ed0
nccl-test-worker-1:153679:153679 [0] NCCL INFO Recv: 16777216 Bytes -> Algo Unknown proto SIMPLE channel{Lo..Hi}={0..1} comm 0x55f30eed7ed0
nccl-test-worker-1:153679:153679 [0] NCCL INFO Send: 16777216 Bytes -> Algo Unknown proto SIMPLE channel{Lo..Hi}={0..1} comm 0x55f30eed7ed0
nccl-test-worker-1:153679:153679 [0] NCCL INFO Recv: 16777216 Bytes -> Algo Unknown proto SIMPLE channel{Lo..Hi}={0..1} comm 0x55f30eed7ed0
nccl-test-worker-1:153679:153679 [0] NCCL INFO Send: 16777216 Bytes -> Algo Unknown proto SIMPLE channel{Lo..Hi}={0..1} comm 0x55f30eed7ed0
nccl-test-worker-1:153679:153679 [0] NCCL INFO Recv: 16777216 Bytes -> Algo Unknown proto SIMPLE channel{Lo..Hi}={0..1} comm 0x55f30eed7ed0
nccl-test-worker-1:153679:153679 [0] NCCL INFO Send: 16777216 Bytes -> Algo Unknown proto SIMPLE channel{Lo..Hi}={0..1} comm 0x55f30eed7ed0
nccl-test-worker-1:153679:153679 [0] NCCL INFO Recv: 16777216 Bytes -> Algo Unknown proto SIMPLE channel{Lo..Hi}={0..1} comm 0x55f30eed7ed0
nccl-test-worker-1:153679:153679 [0] NCCL INFO Send: 16777216 Bytes -> Algo Unknown proto SIMPLE channel{Lo..Hi}={0..1} comm 0x55f30eed7ed0
nccl-test-worker-1:153679:153679 [0] NCCL INFO Recv: 16777216 Bytes -> Algo Unknown proto SIMPLE channel{Lo..Hi}={0..1} comm 0x55f30eed7ed0
nccl-test-worker-1:153679:153679 [0] NCCL INFO Send: 16777216 Bytes -> Algo Unknown proto SIMPLE channel{Lo..Hi}={0..1} comm 0x55f30eed7ed0
nccl-test-worker-1:153679:153679 [0] NCCL INFO Recv: 16777216 Bytes -> Algo Unknown proto SIMPLE channel{Lo..Hi}={0..1} comm 0x55f30eed7ed0
nccl-test-worker-1:153679:153679 [0] NCCL INFO Send: 16777216 Bytes -> Algo Unknown proto SIMPLE channel{Lo..Hi}={0..1} comm 0x55f30eed7ed0
nccl-test-worker-1:153679:153679 [0] NCCL INFO Recv: 16777216 Bytes -> Algo Unknown proto SIMPLE channel{Lo..Hi}={0..1} comm 0x55f30eed7ed0
nccl-test-worker-1:153679:153679 [0] NCCL INFO Send: 16777216 Bytes -> Algo Unknown proto SIMPLE channel{Lo..Hi}={0..1} comm 0x55f30eed7ed0
nccl-test-worker-1:153679:153679 [0] NCCL INFO Recv: 33554432 Bytes -> Algo Unknown proto SIMPLE channel{Lo..Hi}={0..1} comm 0x55f30eed7ed0
nccl-test-worker-1:153679:153679 [0] NCCL INFO Send: 33554432 Bytes -> Algo Unknown proto SIMPLE channel{Lo..Hi}={0..1} comm 0x55f30eed7ed0
nccl-test-worker-1:153679:153679 [0] NCCL INFO Recv: 33554432 Bytes -> Algo Unknown proto SIMPLE channel{Lo..Hi}={0..1} comm 0x55f30eed7ed0
nccl-test-worker-1:153679:153679 [0] NCCL INFO Send: 33554432 Bytes -> Algo Unknown proto SIMPLE channel{Lo..Hi}={0..1} comm 0x55f30eed7ed0
nccl-test-worker-1:153679:153679 [0] NCCL INFO Recv: 33554432 Bytes -> Algo Unknown proto SIMPLE channel{Lo..Hi}={0..1} comm 0x55f30eed7ed0
nccl-test-worker-1:153679:153679 [0] NCCL INFO Send: 33554432 Bytes -> Algo Unknown proto SIMPLE channel{Lo..Hi}={0..1} comm 0x55f30eed7ed0
nccl-test-worker-1:153679:153679 [0] NCCL INFO Recv: 33554432 Bytes -> Algo Unknown proto SIMPLE channel{Lo..Hi}={0..1} comm 0x55f30eed7ed0
nccl-test-worker-1:153679:153679 [0] NCCL INFO Send: 33554432 Bytes -> Algo Unknown proto SIMPLE channel{Lo..Hi}={0..1} comm 0x55f30eed7ed0
nccl-test-worker-1:153679:153679 [0] NCCL INFO Recv: 33554432 Bytes -> Algo Unknown proto SIMPLE channel{Lo..Hi}={0..1} comm 0x55f30eed7ed0
nccl-test-worker-1:153679:153679 [0] NCCL INFO Send: 33554432 Bytes -> Algo Unknown proto SIMPLE channel{Lo..Hi}={0..1} comm 0x55f30eed7ed0
nccl-test-worker-1:153679:153679 [0] NCCL INFO Recv: 33554432 Bytes -> Algo Unknown proto SIMPLE channel{Lo..Hi}={0..1} comm 0x55f30eed7ed0
nccl-test-worker-1:153679:153679 [0] NCCL INFO Send: 33554432 Bytes -> Algo Unknown proto SIMPLE channel{Lo..Hi}={0..1} comm 0x55f30eed7ed0
nccl-test-worker-1:153679:153679 [0] NCCL INFO Recv: 33554432 Bytes -> Algo Unknown proto SIMPLE channel{Lo..Hi}={0..1} comm 0x55f30eed7ed0
nccl-test-worker-1:153679:153679 [0] NCCL INFO Send: 33554432 Bytes -> Algo Unknown proto SIMPLE channel{Lo..Hi}={0..1} comm 0x55f30eed7ed0
nccl-test-worker-1:153679:153679 [0] NCCL INFO Recv: 33554432 Bytes -> Algo Unknown proto SIMPLE channel{Lo..Hi}={0..1} comm 0x55f30eed7ed0
nccl-test-worker-1:153679:153679 [0] NCCL INFO Send: 33554432 Bytes -> Algo Unknown proto SIMPLE channel{Lo..Hi}={0..1} comm 0x55f30eed7ed0
nccl-test-worker-1:153679:153679 [0] NCCL INFO Recv: 33554432 Bytes -> Algo Unknown proto SIMPLE channel{Lo..Hi}={0..1} comm 0x55f30eed7ed0
nccl-test-worker-1:153679:153679 [0] NCCL INFO Send: 33554432 Bytes -> Algo Unknown proto SIMPLE channel{Lo..Hi}={0..1} comm 0x55f30eed7ed0
nccl-test-worker-1:153679:153679 [0] NCCL INFO Recv: 33554432 Bytes -> Algo Unknown proto SIMPLE channel{Lo..Hi}={0..1} comm 0x55f30eed7ed0
nccl-test-worker-1:153679:153679 [0] NCCL INFO Send: 33554432 Bytes -> Algo Unknown proto SIMPLE channel{Lo..Hi}={0..1} comm 0x55f30eed7ed0
nccl-test-worker-1:153679:153679 [0] NCCL INFO Recv: 33554432 Bytes -> Algo Unknown proto SIMPLE channel{Lo..Hi}={0..1} comm 0x55f30eed7ed0
nccl-test-worker-1:153679:153679 [0] NCCL INFO Send: 33554432 Bytes -> Algo Unknown proto SIMPLE channel{Lo..Hi}={0..1} comm 0x55f30eed7ed0
nccl-test-worker-1:153679:153679 [0] NCCL INFO Recv: 33554432 Bytes -> Algo Unknown proto SIMPLE channel{Lo..Hi}={0..1} comm 0x55f30eed7ed0
nccl-test-worker-1:153679:153679 [0] NCCL INFO Send: 33554432 Bytes -> Algo Unknown proto SIMPLE channel{Lo..Hi}={0..1} comm 0x55f30eed7ed0
nccl-test-worker-1:153679:153679 [0] NCCL INFO Recv: 33554432 Bytes -> Algo Unknown proto SIMPLE channel{Lo..Hi}={0..1} comm 0x55f30eed7ed0
nccl-test-worker-1:153679:153679 [0] NCCL INFO Send: 33554432 Bytes -> Algo Unknown proto SIMPLE channel{Lo..Hi}={0..1} comm 0x55f30eed7ed0
nccl-test-worker-1:153679:153679 [0] NCCL INFO Recv: 33554432 Bytes -> Algo Unknown proto SIMPLE channel{Lo..Hi}={0..1} comm 0x55f30eed7ed0
nccl-test-worker-1:153679:153679 [0] NCCL INFO Send: 33554432 Bytes -> Algo Unknown proto SIMPLE channel{Lo..Hi}={0..1} comm 0x55f30eed7ed0
nccl-test-worker-1:153679:153679 [0] NCCL INFO Recv: 33554432 Bytes -> Algo Unknown proto SIMPLE channel{Lo..Hi}={0..1} comm 0x55f30eed7ed0
nccl-test-worker-1:153679:153679 [0] NCCL INFO Send: 33554432 Bytes -> Algo Unknown proto SIMPLE channel{Lo..Hi}={0..1} comm 0x55f30eed7ed0
nccl-test-worker-1:153679:153679 [0] NCCL INFO Recv: 33554432 Bytes -> Algo Unknown proto SIMPLE channel{Lo..Hi}={0..1} comm 0x55f30eed7ed0
nccl-test-worker-1:153679:153679 [0] NCCL INFO Send: 33554432 Bytes -> Algo Unknown proto SIMPLE channel{Lo..Hi}={0..1} comm 0x55f30eed7ed0
nccl-test-worker-1:153679:153679 [0] NCCL INFO Recv: 33554432 Bytes -> Algo Unknown proto SIMPLE channel{Lo..Hi}={0..1} comm 0x55f30eed7ed0
nccl-test-worker-1:153679:153679 [0] NCCL INFO Send: 33554432 Bytes -> Algo Unknown proto SIMPLE channel{Lo..Hi}={0..1} comm 0x55f30eed7ed0
nccl-test-worker-1:153679:153679 [0] NCCL INFO Recv: 33554432 Bytes -> Algo Unknown proto SIMPLE channel{Lo..Hi}={0..1} comm 0x55f30eed7ed0
nccl-test-worker-1:153679:153679 [0] NCCL INFO Send: 33554432 Bytes -> Algo Unknown proto SIMPLE channel{Lo..Hi}={0..1} comm 0x55f30eed7ed0
nccl-test-worker-1:153679:153679 [0] NCCL INFO Recv: 33554432 Bytes -> Algo Unknown proto SIMPLE channel{Lo..Hi}={0..1} comm 0x55f30eed7ed0
nccl-test-worker-1:153679:153679 [0] NCCL INFO Send: 33554432 Bytes -> Algo Unknown proto SIMPLE channel{Lo..Hi}={0..1} comm 0x55f30eed7ed0
nccl-test-worker-1:153679:153679 [0] NCCL INFO Recv: 33554432 Bytes -> Algo Unknown proto SIMPLE channel{Lo..Hi}={0..1} comm 0x55f30eed7ed0
nccl-test-worker-1:153679:153679 [0] NCCL INFO Send: 33554432 Bytes -> Algo Unknown proto SIMPLE channel{Lo..Hi}={0..1} comm 0x55f30eed7ed0
nccl-test-worker-1:153679:153679 [0] NCCL INFO Recv: 33554432 Bytes -> Algo Unknown proto SIMPLE channel{Lo..Hi}={0..1} comm 0x55f30eed7ed0
nccl-test-worker-1:153679:153679 [0] NCCL INFO Send: 33554432 Bytes -> Algo Unknown proto SIMPLE channel{Lo..Hi}={0..1} comm 0x55f30eed7ed0
nccl-test-worker-1:153679:153679 [0] NCCL INFO Recv: 33554432 Bytes -> Algo Unknown proto SIMPLE channel{Lo..Hi}={0..1} comm 0x55f30eed7ed0
nccl-test-worker-1:153679:153679 [0] NCCL INFO Send: 33554432 Bytes -> Algo Unknown proto SIMPLE channel{Lo..Hi}={0..1} comm 0x55f30eed7ed0
nccl-test-worker-1:153679:153679 [0] NCCL INFO Recv: 33554432 Bytes -> Algo Unknown proto SIMPLE channel{Lo..Hi}={0..1} comm 0x55f30eed7ed0
nccl-test-worker-1:153679:153679 [0] NCCL INFO Send: 33554432 Bytes -> Algo Unknown proto SIMPLE channel{Lo..Hi}={0..1} comm 0x55f30eed7ed0
nccl-test-worker-1:153679:153679 [0] NCCL INFO Recv: 33554432 Bytes -> Algo Unknown proto SIMPLE channel{Lo..Hi}={0..1} comm 0x55f30eed7ed0
nccl-test-worker-1:153679:153679 [0] NCCL INFO Send: 33554432 Bytes -> Algo Unknown proto SIMPLE channel{Lo..Hi}={0..1} comm 0x55f30eed7ed0
nccl-test-worker-1:153679:153679 [0] NCCL INFO Recv: 33554432 Bytes -> Algo Unknown proto SIMPLE channel{Lo..Hi}={0..1} comm 0x55f30eed7ed0
nccl-test-worker-1:153679:153679 [0] NCCL INFO Send: 33554432 Bytes -> Algo Unknown proto SIMPLE channel{Lo..Hi}={0..1} comm 0x55f30eed7ed0
nccl-test-worker-1:153679:153679 [0] NCCL INFO Recv: 33554432 Bytes -> Algo Unknown proto SIMPLE channel{Lo..Hi}={0..1} comm 0x55f30eed7ed0
nccl-test-worker-1:153679:153679 [0] NCCL INFO Send: 33554432 Bytes -> Algo Unknown proto SIMPLE channel{Lo..Hi}={0..1} comm 0x55f30eed7ed0
nccl-test-worker-1:153679:153679 [0] NCCL INFO Recv: 33554432 Bytes -> Algo Unknown proto SIMPLE channel{Lo..Hi}={0..1} comm 0x55f30eed7ed0
nccl-test-worker-1:153679:153679 [0] NCCL INFO Send: 33554432 Bytes -> Algo Unknown proto SIMPLE channel{Lo..Hi}={0..1} comm 0x55f30eed7ed0
nccl-test-worker-1:153679:153679 [0] NCCL INFO Recv: 33554432 Bytes -> Algo Unknown proto SIMPLE channel{Lo..Hi}={0..1} comm 0x55f30eed7ed0
nccl-test-worker-1:153679:153679 [0] NCCL INFO Send: 33554432 Bytes -> Algo Unknown proto SIMPLE channel{Lo..Hi}={0..1} comm 0x55f30eed7ed0
nccl-test-worker-1:153679:153679 [0] NCCL INFO Recv: 33554432 Bytes -> Algo Unknown proto SIMPLE channel{Lo..Hi}={0..1} comm 0x55f30eed7ed0
nccl-test-worker-1:153679:153679 [0] NCCL INFO Send: 33554432 Bytes -> Algo Unknown proto SIMPLE channel{Lo..Hi}={0..1} comm 0x55f30eed7ed0
nccl-test-worker-1:153679:153679 [0] NCCL INFO Recv: 33554432 Bytes -> Algo Unknown proto SIMPLE channel{Lo..Hi}={0..1} comm 0x55f30eed7ed0
nccl-test-worker-1:153679:153679 [0] NCCL INFO Send: 33554432 Bytes -> Algo Unknown proto SIMPLE channel{Lo..Hi}={0..1} comm 0x55f30eed7ed0
nccl-test-worker-1:153679:153679 [0] NCCL INFO Recv: 33554432 Bytes -> Algo Unknown proto SIMPLE channel{Lo..Hi}={0..1} comm 0x55f30eed7ed0
nccl-test-worker-1:153679:153679 [0] NCCL INFO Send: 33554432 Bytes -> Algo Unknown proto SIMPLE channel{Lo..Hi}={0..1} comm 0x55f30eed7ed0
nccl-test-worker-1:153679:153679 [0] NCCL INFO Recv: 33554432 Bytes -> Algo Unknown proto SIMPLE channel{Lo..Hi}={0..1} comm 0x55f30eed7ed0
nccl-test-worker-1:153679:153679 [0] NCCL INFO Send: 33554432 Bytes -> Algo Unknown proto SIMPLE channel{Lo..Hi}={0..1} comm 0x55f30eed7ed0
nccl-test-worker-1:153679:153679 [0] NCCL INFO Recv: 33554432 Bytes -> Algo Unknown proto SIMPLE channel{Lo..Hi}={0..1} comm 0x55f30eed7ed0
nccl-test-worker-1:153679:153679 [0] NCCL INFO Send: 33554432 Bytes -> Algo Unknown proto SIMPLE channel{Lo..Hi}={0..1} comm 0x55f30eed7ed0
nccl-test-worker-1:153679:153679 [0] NCCL INFO Recv: 33554432 Bytes -> Algo Unknown proto SIMPLE channel{Lo..Hi}={0..1} comm 0x55f30eed7ed0
nccl-test-worker-1:153679:153679 [0] NCCL INFO Send: 33554432 Bytes -> Algo Unknown proto SIMPLE channel{Lo..Hi}={0..1} comm 0x55f30eed7ed0
nccl-test-worker-1:153679:153679 [0] NCCL INFO Recv: 33554432 Bytes -> Algo Unknown proto SIMPLE channel{Lo..Hi}={0..1} comm 0x55f30eed7ed0
nccl-test-worker-1:153679:153679 [0] NCCL INFO Send: 33554432 Bytes -> Algo Unknown proto SIMPLE channel{Lo..Hi}={0..1} comm 0x55f30eed7ed0
nccl-test-worker-1:153679:153679 [0] NCCL INFO Recv: 33554432 Bytes -> Algo Unknown proto SIMPLE channel{Lo..Hi}={0..1} comm 0x55f30eed7ed0
nccl-test-worker-1:153679:153679 [0] NCCL INFO Send: 33554432 Bytes -> Algo Unknown proto SIMPLE channel{Lo..Hi}={0..1} comm 0x55f30eed7ed0
nccl-test-worker-1:153679:153679 [0] NCCL INFO Recv: 33554432 Bytes -> Algo Unknown proto SIMPLE channel{Lo..Hi}={0..1} comm 0x55f30eed7ed0
nccl-test-worker-1:153679:153679 [0] NCCL INFO Send: 33554432 Bytes -> Algo Unknown proto SIMPLE channel{Lo..Hi}={0..1} comm 0x55f30eed7ed0
nccl-test-worker-1:153679:153679 [0] NCCL INFO Recv: 33554432 Bytes -> Algo Unknown proto SIMPLE channel{Lo..Hi}={0..1} comm 0x55f30eed7ed0
nccl-test-worker-1:153679:153679 [0] NCCL INFO Send: 33554432 Bytes -> Algo Unknown proto SIMPLE channel{Lo..Hi}={0..1} comm 0x55f30eed7ed0
nccl-test-worker-1:153679:153679 [0] NCCL INFO Recv: 33554432 Bytes -> Algo Unknown proto SIMPLE channel{Lo..Hi}={0..1} comm 0x55f30eed7ed0
nccl-test-worker-1:153679:153679 [0] NCCL INFO Send: 33554432 Bytes -> Algo Unknown proto SIMPLE channel{Lo..Hi}={0..1} comm 0x55f30eed7ed0
nccl-test-worker-1:153679:153679 [0] NCCL INFO Recv: 33554432 Bytes -> Algo Unknown proto SIMPLE channel{Lo..Hi}={0..1} comm 0x55f30eed7ed0
nccl-test-worker-1:153679:153679 [0] NCCL INFO Send: 33554432 Bytes -> Algo Unknown proto SIMPLE channel{Lo..Hi}={0..1} comm 0x55f30eed7ed0
nccl-test-worker-1:153679:153679 [0] NCCL INFO Recv: 33554432 Bytes -> Algo Unknown proto SIMPLE channel{Lo..Hi}={0..1} comm 0x55f30eed7ed0
nccl-test-worker-1:153679:153679 [0] NCCL INFO Send: 33554432 Bytes -> Algo Unknown proto SIMPLE channel{Lo..Hi}={0..1} comm 0x55f30eed7ed0
nccl-test-worker-1:153679:153679 [0] NCCL INFO Recv: 33554432 Bytes -> Algo Unknown proto SIMPLE channel{Lo..Hi}={0..1} comm 0x55f30eed7ed0
nccl-test-worker-1:153679:153679 [0] NCCL INFO Send: 33554432 Bytes -> Algo Unknown proto SIMPLE channel{Lo..Hi}={0..1} comm 0x55f30eed7ed0
nccl-test-worker-1:153679:153679 [0] NCCL INFO Recv: 33554432 Bytes -> Algo Unknown proto SIMPLE channel{Lo..Hi}={0..1} comm 0x55f30eed7ed0
nccl-test-worker-1:153679:153679 [0] NCCL INFO Send: 33554432 Bytes -> Algo Unknown proto SIMPLE channel{Lo..Hi}={0..1} comm 0x55f30eed7ed0
nccl-test-worker-1:153679:153679 [0] NCCL INFO Recv: 33554432 Bytes -> Algo Unknown proto SIMPLE channel{Lo..Hi}={0..1} comm 0x55f30eed7ed0
nccl-test-worker-1:153679:153679 [0] NCCL INFO Send: 33554432 Bytes -> Algo Unknown proto SIMPLE channel{Lo..Hi}={0..1} comm 0x55f30eed7ed0
nccl-test-worker-1:153679:153679 [0] NCCL INFO Recv: 33554432 Bytes -> Algo Unknown proto SIMPLE channel{Lo..Hi}={0..1} comm 0x55f30eed7ed0
nccl-test-worker-1:153679:153679 [0] NCCL INFO Send: 33554432 Bytes -> Algo Unknown proto SIMPLE channel{Lo..Hi}={0..1} comm 0x55f30eed7ed0
nccl-test-worker-1:153679:153679 [0] NCCL INFO Recv: 67108864 Bytes -> Algo Unknown proto SIMPLE channel{Lo..Hi}={0..3} comm 0x55f30eed7ed0
nccl-test-worker-1:153679:153679 [0] NCCL INFO Send: 67108864 Bytes -> Algo Unknown proto SIMPLE channel{Lo..Hi}={0..3} comm 0x55f30eed7ed0
nccl-test-worker-1:153679:153679 [0] NCCL INFO Recv: 67108864 Bytes -> Algo Unknown proto SIMPLE channel{Lo..Hi}={0..3} comm 0x55f30eed7ed0
nccl-test-worker-1:153679:153679 [0] NCCL INFO Send: 67108864 Bytes -> Algo Unknown proto SIMPLE channel{Lo..Hi}={0..3} comm 0x55f30eed7ed0
nccl-test-worker-1:153679:153679 [0] NCCL INFO Recv: 67108864 Bytes -> Algo Unknown proto SIMPLE channel{Lo..Hi}={0..3} comm 0x55f30eed7ed0
nccl-test-worker-1:153679:153679 [0] NCCL INFO Send: 67108864 Bytes -> Algo Unknown proto SIMPLE channel{Lo..Hi}={0..3} comm 0x55f30eed7ed0
nccl-test-worker-1:153679:153679 [0] NCCL INFO Recv: 67108864 Bytes -> Algo Unknown proto SIMPLE channel{Lo..Hi}={0..3} comm 0x55f30eed7ed0
nccl-test-worker-1:153679:153679 [0] NCCL INFO Send: 67108864 Bytes -> Algo Unknown proto SIMPLE channel{Lo..Hi}={0..3} comm 0x55f30eed7ed0
nccl-test-worker-1:153679:153679 [0] NCCL INFO Recv: 67108864 Bytes -> Algo Unknown proto SIMPLE channel{Lo..Hi}={0..3} comm 0x55f30eed7ed0
nccl-test-worker-1:153679:153679 [0] NCCL INFO Send: 67108864 Bytes -> Algo Unknown proto SIMPLE channel{Lo..Hi}={0..3} comm 0x55f30eed7ed0
nccl-test-worker-1:153679:153679 [0] NCCL INFO Recv: 67108864 Bytes -> Algo Unknown proto SIMPLE channel{Lo..Hi}={0..3} comm 0x55f30eed7ed0
nccl-test-worker-1:153679:153679 [0] NCCL INFO Send: 67108864 Bytes -> Algo Unknown proto SIMPLE channel{Lo..Hi}={0..3} comm 0x55f30eed7ed0
nccl-test-worker-1:153679:153679 [0] NCCL INFO Recv: 67108864 Bytes -> Algo Unknown proto SIMPLE channel{Lo..Hi}={0..3} comm 0x55f30eed7ed0
nccl-test-worker-1:153679:153679 [0] NCCL INFO Send: 67108864 Bytes -> Algo Unknown proto SIMPLE channel{Lo..Hi}={0..3} comm 0x55f30eed7ed0
nccl-test-worker-1:153679:153679 [0] NCCL INFO Recv: 67108864 Bytes -> Algo Unknown proto SIMPLE channel{Lo..Hi}={0..3} comm 0x55f30eed7ed0
nccl-test-worker-1:153679:153679 [0] NCCL INFO Send: 67108864 Bytes -> Algo Unknown proto SIMPLE channel{Lo..Hi}={0..3} comm 0x55f30eed7ed0
nccl-test-worker-1:153679:153679 [0] NCCL INFO Recv: 67108864 Bytes -> Algo Unknown proto SIMPLE channel{Lo..Hi}={0..3} comm 0x55f30eed7ed0
nccl-test-worker-1:153679:153679 [0] NCCL INFO Send: 67108864 Bytes -> Algo Unknown proto SIMPLE channel{Lo..Hi}={0..3} comm 0x55f30eed7ed0
nccl-test-worker-1:153679:153679 [0] NCCL INFO Recv: 67108864 Bytes -> Algo Unknown proto SIMPLE channel{Lo..Hi}={0..3} comm 0x55f30eed7ed0
nccl-test-worker-1:153679:153679 [0] NCCL INFO Send: 67108864 Bytes -> Algo Unknown proto SIMPLE channel{Lo..Hi}={0..3} comm 0x55f30eed7ed0
nccl-test-worker-1:153679:153679 [0] NCCL INFO Recv: 67108864 Bytes -> Algo Unknown proto SIMPLE channel{Lo..Hi}={0..3} comm 0x55f30eed7ed0
nccl-test-worker-1:153679:153679 [0] NCCL INFO Send: 67108864 Bytes -> Algo Unknown proto SIMPLE channel{Lo..Hi}={0..3} comm 0x55f30eed7ed0
nccl-test-worker-1:153679:153679 [0] NCCL INFO Recv: 67108864 Bytes -> Algo Unknown proto SIMPLE channel{Lo..Hi}={0..3} comm 0x55f30eed7ed0
nccl-test-worker-1:153679:153679 [0] NCCL INFO Send: 67108864 Bytes -> Algo Unknown proto SIMPLE channel{Lo..Hi}={0..3} comm 0x55f30eed7ed0
nccl-test-worker-1:153679:153679 [0] NCCL INFO Recv: 67108864 Bytes -> Algo Unknown proto SIMPLE channel{Lo..Hi}={0..3} comm 0x55f30eed7ed0
nccl-test-worker-1:153679:153679 [0] NCCL INFO Send: 67108864 Bytes -> Algo Unknown proto SIMPLE channel{Lo..Hi}={0..3} comm 0x55f30eed7ed0
nccl-test-worker-1:153679:153679 [0] NCCL INFO Recv: 67108864 Bytes -> Algo Unknown proto SIMPLE channel{Lo..Hi}={0..3} comm 0x55f30eed7ed0
nccl-test-worker-1:153679:153679 [0] NCCL INFO Send: 67108864 Bytes -> Algo Unknown proto SIMPLE channel{Lo..Hi}={0..3} comm 0x55f30eed7ed0
nccl-test-worker-1:153679:153679 [0] NCCL INFO Recv: 67108864 Bytes -> Algo Unknown proto SIMPLE channel{Lo..Hi}={0..3} comm 0x55f30eed7ed0
nccl-test-worker-1:153679:153679 [0] NCCL INFO Send: 67108864 Bytes -> Algo Unknown proto SIMPLE channel{Lo..Hi}={0..3} comm 0x55f30eed7ed0
nccl-test-worker-1:153679:153679 [0] NCCL INFO Recv: 67108864 Bytes -> Algo Unknown proto SIMPLE channel{Lo..Hi}={0..3} comm 0x55f30eed7ed0
nccl-test-worker-1:153679:153679 [0] NCCL INFO Send: 67108864 Bytes -> Algo Unknown proto SIMPLE channel{Lo..Hi}={0..3} comm 0x55f30eed7ed0
nccl-test-worker-1:153679:153679 [0] NCCL INFO Recv: 67108864 Bytes -> Algo Unknown proto SIMPLE channel{Lo..Hi}={0..3} comm 0x55f30eed7ed0
nccl-test-worker-1:153679:153679 [0] NCCL INFO Send: 67108864 Bytes -> Algo Unknown proto SIMPLE channel{Lo..Hi}={0..3} comm 0x55f30eed7ed0
nccl-test-worker-1:153679:153679 [0] NCCL INFO Recv: 67108864 Bytes -> Algo Unknown proto SIMPLE channel{Lo..Hi}={0..3} comm 0x55f30eed7ed0
nccl-test-worker-1:153679:153679 [0] NCCL INFO Send: 67108864 Bytes -> Algo Unknown proto SIMPLE channel{Lo..Hi}={0..3} comm 0x55f30eed7ed0
nccl-test-worker-1:153679:153679 [0] NCCL INFO Recv: 67108864 Bytes -> Algo Unknown proto SIMPLE channel{Lo..Hi}={0..3} comm 0x55f30eed7ed0
nccl-test-worker-1:153679:153679 [0] NCCL INFO Send: 67108864 Bytes -> Algo Unknown proto SIMPLE channel{Lo..Hi}={0..3} comm 0x55f30eed7ed0
nccl-test-worker-1:153679:153679 [0] NCCL INFO Recv: 67108864 Bytes -> Algo Unknown proto SIMPLE channel{Lo..Hi}={0..3} comm 0x55f30eed7ed0
nccl-test-worker-1:153679:153679 [0] NCCL INFO Send: 67108864 Bytes -> Algo Unknown proto SIMPLE channel{Lo..Hi}={0..3} comm 0x55f30eed7ed0
nccl-test-worker-1:153679:153679 [0] NCCL INFO Recv: 67108864 Bytes -> Algo Unknown proto SIMPLE channel{Lo..Hi}={0..3} comm 0x55f30eed7ed0
nccl-test-worker-1:153679:153679 [0] NCCL INFO Send: 67108864 Bytes -> Algo Unknown proto SIMPLE channel{Lo..Hi}={0..3} comm 0x55f30eed7ed0
nccl-test-worker-1:153679:153679 [0] NCCL INFO Recv: 67108864 Bytes -> Algo Unknown proto SIMPLE channel{Lo..Hi}={0..3} comm 0x55f30eed7ed0
nccl-test-worker-1:153679:153679 [0] NCCL INFO Send: 67108864 Bytes -> Algo Unknown proto SIMPLE channel{Lo..Hi}={0..3} comm 0x55f30eed7ed0
nccl-test-worker-1:153679:153679 [0] NCCL INFO Recv: 67108864 Bytes -> Algo Unknown proto SIMPLE channel{Lo..Hi}={0..3} comm 0x55f30eed7ed0
nccl-test-worker-1:153679:153679 [0] NCCL INFO Send: 67108864 Bytes -> Algo Unknown proto SIMPLE channel{Lo..Hi}={0..3} comm 0x55f30eed7ed0
nccl-test-worker-1:153679:153679 [0] NCCL INFO Recv: 67108864 Bytes -> Algo Unknown proto SIMPLE channel{Lo..Hi}={0..3} comm 0x55f30eed7ed0
nccl-test-worker-1:153679:153679 [0] NCCL INFO Send: 67108864 Bytes -> Algo Unknown proto SIMPLE channel{Lo..Hi}={0..3} comm 0x55f30eed7ed0
nccl-test-worker-1:153679:153679 [0] NCCL INFO Recv: 67108864 Bytes -> Algo Unknown proto SIMPLE channel{Lo..Hi}={0..3} comm 0x55f30eed7ed0
nccl-test-worker-1:153679:153679 [0] NCCL INFO Send: 67108864 Bytes -> Algo Unknown proto SIMPLE channel{Lo..Hi}={0..3} comm 0x55f30eed7ed0
nccl-test-worker-1:153679:153679 [0] NCCL INFO Recv: 67108864 Bytes -> Algo Unknown proto SIMPLE channel{Lo..Hi}={0..3} comm 0x55f30eed7ed0
nccl-test-worker-1:153679:153679 [0] NCCL INFO Send: 67108864 Bytes -> Algo Unknown proto SIMPLE channel{Lo..Hi}={0..3} comm 0x55f30eed7ed0
nccl-test-worker-1:153679:153679 [0] NCCL INFO Recv: 67108864 Bytes -> Algo Unknown proto SIMPLE channel{Lo..Hi}={0..3} comm 0x55f30eed7ed0
nccl-test-worker-1:153679:153679 [0] NCCL INFO Send: 67108864 Bytes -> Algo Unknown proto SIMPLE channel{Lo..Hi}={0..3} comm 0x55f30eed7ed0
nccl-test-worker-1:153679:153679 [0] NCCL INFO Recv: 67108864 Bytes -> Algo Unknown proto SIMPLE channel{Lo..Hi}={0..3} comm 0x55f30eed7ed0
nccl-test-worker-1:153679:153679 [0] NCCL INFO Send: 67108864 Bytes -> Algo Unknown proto SIMPLE channel{Lo..Hi}={0..3} comm 0x55f30eed7ed0
nccl-test-worker-1:153679:153679 [0] NCCL INFO Recv: 67108864 Bytes -> Algo Unknown proto SIMPLE channel{Lo..Hi}={0..3} comm 0x55f30eed7ed0
nccl-test-worker-1:153679:153679 [0] NCCL INFO Send: 67108864 Bytes -> Algo Unknown proto SIMPLE channel{Lo..Hi}={0..3} comm 0x55f30eed7ed0
nccl-test-worker-1:153679:153679 [0] NCCL INFO Recv: 67108864 Bytes -> Algo Unknown proto SIMPLE channel{Lo..Hi}={0..3} comm 0x55f30eed7ed0
nccl-test-worker-1:153679:153679 [0] NCCL INFO Send: 67108864 Bytes -> Algo Unknown proto SIMPLE channel{Lo..Hi}={0..3} comm 0x55f30eed7ed0
nccl-test-worker-1:153679:153679 [0] NCCL INFO Recv: 67108864 Bytes -> Algo Unknown proto SIMPLE channel{Lo..Hi}={0..3} comm 0x55f30eed7ed0
nccl-test-worker-1:153679:153679 [0] NCCL INFO Send: 67108864 Bytes -> Algo Unknown proto SIMPLE channel{Lo..Hi}={0..3} comm 0x55f30eed7ed0
nccl-test-worker-1:153679:153679 [0] NCCL INFO Recv: 67108864 Bytes -> Algo Unknown proto SIMPLE channel{Lo..Hi}={0..3} comm 0x55f30eed7ed0
nccl-test-worker-1:153679:153679 [0] NCCL INFO Send: 67108864 Bytes -> Algo Unknown proto SIMPLE channel{Lo..Hi}={0..3} comm 0x55f30eed7ed0
nccl-test-worker-1:153679:153679 [0] NCCL INFO Recv: 67108864 Bytes -> Algo Unknown proto SIMPLE channel{Lo..Hi}={0..3} comm 0x55f30eed7ed0
nccl-test-worker-1:153679:153679 [0] NCCL INFO Send: 67108864 Bytes -> Algo Unknown proto SIMPLE channel{Lo..Hi}={0..3} comm 0x55f30eed7ed0
nccl-test-worker-1:153679:153679 [0] NCCL INFO Recv: 67108864 Bytes -> Algo Unknown proto SIMPLE channel{Lo..Hi}={0..3} comm 0x55f30eed7ed0
nccl-test-worker-1:153679:153679 [0] NCCL INFO Send: 67108864 Bytes -> Algo Unknown proto SIMPLE channel{Lo..Hi}={0..3} comm 0x55f30eed7ed0
nccl-test-worker-1:153679:153679 [0] NCCL INFO Recv: 67108864 Bytes -> Algo Unknown proto SIMPLE channel{Lo..Hi}={0..3} comm 0x55f30eed7ed0
nccl-test-worker-1:153679:153679 [0] NCCL INFO Send: 67108864 Bytes -> Algo Unknown proto SIMPLE channel{Lo..Hi}={0..3} comm 0x55f30eed7ed0
nccl-test-worker-1:153679:153679 [0] NCCL INFO Recv: 67108864 Bytes -> Algo Unknown proto SIMPLE channel{Lo..Hi}={0..3} comm 0x55f30eed7ed0
nccl-test-worker-1:153679:153679 [0] NCCL INFO Send: 67108864 Bytes -> Algo Unknown proto SIMPLE channel{Lo..Hi}={0..3} comm 0x55f30eed7ed0
nccl-test-worker-1:153679:153679 [0] NCCL INFO Recv: 67108864 Bytes -> Algo Unknown proto SIMPLE channel{Lo..Hi}={0..3} comm 0x55f30eed7ed0
nccl-test-worker-1:153679:153679 [0] NCCL INFO Send: 67108864 Bytes -> Algo Unknown proto SIMPLE channel{Lo..Hi}={0..3} comm 0x55f30eed7ed0
nccl-test-worker-1:153679:153679 [0] NCCL INFO Recv: 67108864 Bytes -> Algo Unknown proto SIMPLE channel{Lo..Hi}={0..3} comm 0x55f30eed7ed0
nccl-test-worker-1:153679:153679 [0] NCCL INFO Send: 67108864 Bytes -> Algo Unknown proto SIMPLE channel{Lo..Hi}={0..3} comm 0x55f30eed7ed0
nccl-test-worker-1:153679:153679 [0] NCCL INFO Recv: 67108864 Bytes -> Algo Unknown proto SIMPLE channel{Lo..Hi}={0..3} comm 0x55f30eed7ed0
nccl-test-worker-1:153679:153679 [0] NCCL INFO Send: 67108864 Bytes -> Algo Unknown proto SIMPLE channel{Lo..Hi}={0..3} comm 0x55f30eed7ed0
nccl-test-worker-1:153679:153679 [0] NCCL INFO Recv: 67108864 Bytes -> Algo Unknown proto SIMPLE channel{Lo..Hi}={0..3} comm 0x55f30eed7ed0
nccl-test-worker-1:153679:153679 [0] NCCL INFO Send: 67108864 Bytes -> Algo Unknown proto SIMPLE channel{Lo..Hi}={0..3} comm 0x55f30eed7ed0
nccl-test-worker-1:153679:153679 [0] NCCL INFO Recv: 67108864 Bytes -> Algo Unknown proto SIMPLE channel{Lo..Hi}={0..3} comm 0x55f30eed7ed0
nccl-test-worker-1:153679:153679 [0] NCCL INFO Send: 67108864 Bytes -> Algo Unknown proto SIMPLE channel{Lo..Hi}={0..3} comm 0x55f30eed7ed0
nccl-test-worker-1:153679:153679 [0] NCCL INFO Recv: 67108864 Bytes -> Algo Unknown proto SIMPLE channel{Lo..Hi}={0..3} comm 0x55f30eed7ed0
nccl-test-worker-1:153679:153679 [0] NCCL INFO Send: 67108864 Bytes -> Algo Unknown proto SIMPLE channel{Lo..Hi}={0..3} comm 0x55f30eed7ed0
nccl-test-worker-1:153679:153679 [0] NCCL INFO Recv: 67108864 Bytes -> Algo Unknown proto SIMPLE channel{Lo..Hi}={0..3} comm 0x55f30eed7ed0
nccl-test-worker-1:153679:153679 [0] NCCL INFO Send: 67108864 Bytes -> Algo Unknown proto SIMPLE channel{Lo..Hi}={0..3} comm 0x55f30eed7ed0
nccl-test-worker-1:153679:153679 [0] NCCL INFO Recv: 67108864 Bytes -> Algo Unknown proto SIMPLE channel{Lo..Hi}={0..3} comm 0x55f30eed7ed0
nccl-test-worker-1:153679:153679 [0] NCCL INFO Send: 67108864 Bytes -> Algo Unknown proto SIMPLE channel{Lo..Hi}={0..3} comm 0x55f30eed7ed0
nccl-test-worker-1:153679:153679 [0] NCCL INFO Recv: 67108864 Bytes -> Algo Unknown proto SIMPLE channel{Lo..Hi}={0..3} comm 0x55f30eed7ed0
nccl-test-worker-1:153679:153679 [0] NCCL INFO Send: 67108864 Bytes -> Algo Unknown proto SIMPLE channel{Lo..Hi}={0..3} comm 0x55f30eed7ed0
nccl-test-worker-1:153679:153679 [0] NCCL INFO Recv: 134217728 Bytes -> Algo Unknown proto SIMPLE channel{Lo..Hi}={0..7} comm 0x55f30eed7ed0
nccl-test-worker-1:153679:153679 [0] NCCL INFO Send: 134217728 Bytes -> Algo Unknown proto SIMPLE channel{Lo..Hi}={0..7} comm 0x55f30eed7ed0
nccl-test-worker-1:153679:153679 [0] NCCL INFO Recv: 134217728 Bytes -> Algo Unknown proto SIMPLE channel{Lo..Hi}={0..7} comm 0x55f30eed7ed0
nccl-test-worker-1:153679:153679 [0] NCCL INFO Send: 134217728 Bytes -> Algo Unknown proto SIMPLE channel{Lo..Hi}={0..7} comm 0x55f30eed7ed0
nccl-test-worker-1:153679:153679 [0] NCCL INFO Recv: 134217728 Bytes -> Algo Unknown proto SIMPLE channel{Lo..Hi}={0..7} comm 0x55f30eed7ed0
nccl-test-worker-1:153679:153679 [0] NCCL INFO Send: 134217728 Bytes -> Algo Unknown proto SIMPLE channel{Lo..Hi}={0..7} comm 0x55f30eed7ed0
nccl-test-worker-1:153679:153679 [0] NCCL INFO Recv: 134217728 Bytes -> Algo Unknown proto SIMPLE channel{Lo..Hi}={0..7} comm 0x55f30eed7ed0
nccl-test-worker-1:153679:153679 [0] NCCL INFO Send: 134217728 Bytes -> Algo Unknown proto SIMPLE channel{Lo..Hi}={0..7} comm 0x55f30eed7ed0
nccl-test-worker-1:153679:153679 [0] NCCL INFO Recv: 134217728 Bytes -> Algo Unknown proto SIMPLE channel{Lo..Hi}={0..7} comm 0x55f30eed7ed0
nccl-test-worker-1:153679:153679 [0] NCCL INFO Send: 134217728 Bytes -> Algo Unknown proto SIMPLE channel{Lo..Hi}={0..7} comm 0x55f30eed7ed0
nccl-test-worker-1:153679:153679 [0] NCCL INFO Recv: 134217728 Bytes -> Algo Unknown proto SIMPLE channel{Lo..Hi}={0..7} comm 0x55f30eed7ed0
nccl-test-worker-1:153679:153679 [0] NCCL INFO Send: 134217728 Bytes -> Algo Unknown proto SIMPLE channel{Lo..Hi}={0..7} comm 0x55f30eed7ed0
nccl-test-worker-1:153679:153679 [0] NCCL INFO Recv: 134217728 Bytes -> Algo Unknown proto SIMPLE channel{Lo..Hi}={0..7} comm 0x55f30eed7ed0
nccl-test-worker-1:153679:153679 [0] NCCL INFO Send: 134217728 Bytes -> Algo Unknown proto SIMPLE channel{Lo..Hi}={0..7} comm 0x55f30eed7ed0
nccl-test-worker-1:153679:153679 [0] NCCL INFO Recv: 134217728 Bytes -> Algo Unknown proto SIMPLE channel{Lo..Hi}={0..7} comm 0x55f30eed7ed0
nccl-test-worker-1:153679:153679 [0] NCCL INFO Send: 134217728 Bytes -> Algo Unknown proto SIMPLE channel{Lo..Hi}={0..7} comm 0x55f30eed7ed0
nccl-test-worker-1:153679:153679 [0] NCCL INFO Recv: 134217728 Bytes -> Algo Unknown proto SIMPLE channel{Lo..Hi}={0..7} comm 0x55f30eed7ed0
nccl-test-worker-1:153679:153679 [0] NCCL INFO Send: 134217728 Bytes -> Algo Unknown proto SIMPLE channel{Lo..Hi}={0..7} comm 0x55f30eed7ed0
nccl-test-worker-1:153679:153679 [0] NCCL INFO Recv: 134217728 Bytes -> Algo Unknown proto SIMPLE channel{Lo..Hi}={0..7} comm 0x55f30eed7ed0
nccl-test-worker-1:153679:153679 [0] NCCL INFO Send: 134217728 Bytes -> Algo Unknown proto SIMPLE channel{Lo..Hi}={0..7} comm 0x55f30eed7ed0
nccl-test-worker-1:153679:153679 [0] NCCL INFO Recv: 134217728 Bytes -> Algo Unknown proto SIMPLE channel{Lo..Hi}={0..7} comm 0x55f30eed7ed0
nccl-test-worker-1:153679:153679 [0] NCCL INFO Send: 134217728 Bytes -> Algo Unknown proto SIMPLE channel{Lo..Hi}={0..7} comm 0x55f30eed7ed0
nccl-test-worker-1:153679:153679 [0] NCCL INFO Recv: 134217728 Bytes -> Algo Unknown proto SIMPLE channel{Lo..Hi}={0..7} comm 0x55f30eed7ed0
nccl-test-worker-1:153679:153679 [0] NCCL INFO Send: 134217728 Bytes -> Algo Unknown proto SIMPLE channel{Lo..Hi}={0..7} comm 0x55f30eed7ed0
nccl-test-worker-1:153679:153679 [0] NCCL INFO Recv: 134217728 Bytes -> Algo Unknown proto SIMPLE channel{Lo..Hi}={0..7} comm 0x55f30eed7ed0
nccl-test-worker-1:153679:153679 [0] NCCL INFO Send: 134217728 Bytes -> Algo Unknown proto SIMPLE channel{Lo..Hi}={0..7} comm 0x55f30eed7ed0
nccl-test-worker-1:153679:153679 [0] NCCL INFO Recv: 134217728 Bytes -> Algo Unknown proto SIMPLE channel{Lo..Hi}={0..7} comm 0x55f30eed7ed0
nccl-test-worker-1:153679:153679 [0] NCCL INFO Send: 134217728 Bytes -> Algo Unknown proto SIMPLE channel{Lo..Hi}={0..7} comm 0x55f30eed7ed0
nccl-test-worker-1:153679:153679 [0] NCCL INFO Recv: 134217728 Bytes -> Algo Unknown proto SIMPLE channel{Lo..Hi}={0..7} comm 0x55f30eed7ed0
nccl-test-worker-1:153679:153679 [0] NCCL INFO Send: 134217728 Bytes -> Algo Unknown proto SIMPLE channel{Lo..Hi}={0..7} comm 0x55f30eed7ed0
nccl-test-worker-1:153679:153679 [0] NCCL INFO Recv: 134217728 Bytes -> Algo Unknown proto SIMPLE channel{Lo..Hi}={0..7} comm 0x55f30eed7ed0
nccl-test-worker-1:153679:153679 [0] NCCL INFO Send: 134217728 Bytes -> Algo Unknown proto SIMPLE channel{Lo..Hi}={0..7} comm 0x55f30eed7ed0
nccl-test-worker-1:153679:153679 [0] NCCL INFO Recv: 134217728 Bytes -> Algo Unknown proto SIMPLE channel{Lo..Hi}={0..7} comm 0x55f30eed7ed0
nccl-test-worker-1:153679:153679 [0] NCCL INFO Send: 134217728 Bytes -> Algo Unknown proto SIMPLE channel{Lo..Hi}={0..7} comm 0x55f30eed7ed0
nccl-test-worker-1:153679:153679 [0] NCCL INFO Recv: 134217728 Bytes -> Algo Unknown proto SIMPLE channel{Lo..Hi}={0..7} comm 0x55f30eed7ed0
nccl-test-worker-1:153679:153679 [0] NCCL INFO Send: 134217728 Bytes -> Algo Unknown proto SIMPLE channel{Lo..Hi}={0..7} comm 0x55f30eed7ed0
nccl-test-worker-1:153679:153679 [0] NCCL INFO Recv: 134217728 Bytes -> Algo Unknown proto SIMPLE channel{Lo..Hi}={0..7} comm 0x55f30eed7ed0
nccl-test-worker-1:153679:153679 [0] NCCL INFO Send: 134217728 Bytes -> Algo Unknown proto SIMPLE channel{Lo..Hi}={0..7} comm 0x55f30eed7ed0
nccl-test-worker-1:153679:153679 [0] NCCL INFO Recv: 134217728 Bytes -> Algo Unknown proto SIMPLE channel{Lo..Hi}={0..7} comm 0x55f30eed7ed0
nccl-test-worker-1:153679:153679 [0] NCCL INFO Send: 134217728 Bytes -> Algo Unknown proto SIMPLE channel{Lo..Hi}={0..7} comm 0x55f30eed7ed0
nccl-test-worker-1:153679:153679 [0] NCCL INFO Recv: 134217728 Bytes -> Algo Unknown proto SIMPLE channel{Lo..Hi}={0..7} comm 0x55f30eed7ed0
nccl-test-worker-1:153679:153679 [0] NCCL INFO Send: 134217728 Bytes -> Algo Unknown proto SIMPLE channel{Lo..Hi}={0..7} comm 0x55f30eed7ed0
nccl-test-worker-1:153679:153679 [0] NCCL INFO Recv: 134217728 Bytes -> Algo Unknown proto SIMPLE channel{Lo..Hi}={0..7} comm 0x55f30eed7ed0
nccl-test-worker-1:153679:153679 [0] NCCL INFO Send: 134217728 Bytes -> Algo Unknown proto SIMPLE channel{Lo..Hi}={0..7} comm 0x55f30eed7ed0
nccl-test-worker-1:153679:153679 [0] NCCL INFO Recv: 134217728 Bytes -> Algo Unknown proto SIMPLE channel{Lo..Hi}={0..7} comm 0x55f30eed7ed0
nccl-test-worker-1:153679:153679 [0] NCCL INFO Send: 134217728 Bytes -> Algo Unknown proto SIMPLE channel{Lo..Hi}={0..7} comm 0x55f30eed7ed0
nccl-test-worker-1:153679:153679 [0] NCCL INFO Recv: 134217728 Bytes -> Algo Unknown proto SIMPLE channel{Lo..Hi}={0..7} comm 0x55f30eed7ed0
nccl-test-worker-1:153679:153679 [0] NCCL INFO Send: 134217728 Bytes -> Algo Unknown proto SIMPLE channel{Lo..Hi}={0..7} comm 0x55f30eed7ed0
nccl-test-worker-1:153679:153679 [0] NCCL INFO Recv: 134217728 Bytes -> Algo Unknown proto SIMPLE channel{Lo..Hi}={0..7} comm 0x55f30eed7ed0
nccl-test-worker-1:153679:153679 [0] NCCL INFO Send: 134217728 Bytes -> Algo Unknown proto SIMPLE channel{Lo..Hi}={0..7} comm 0x55f30eed7ed0
nccl-test-worker-1:153679:153679 [0] NCCL INFO Recv: 134217728 Bytes -> Algo Unknown proto SIMPLE channel{Lo..Hi}={0..7} comm 0x55f30eed7ed0
nccl-test-worker-1:153679:153679 [0] NCCL INFO Send: 134217728 Bytes -> Algo Unknown proto SIMPLE channel{Lo..Hi}={0..7} comm 0x55f30eed7ed0
nccl-test-worker-1:153679:153679 [0] NCCL INFO Recv: 134217728 Bytes -> Algo Unknown proto SIMPLE channel{Lo..Hi}={0..7} comm 0x55f30eed7ed0
nccl-test-worker-1:153679:153679 [0] NCCL INFO Send: 134217728 Bytes -> Algo Unknown proto SIMPLE channel{Lo..Hi}={0..7} comm 0x55f30eed7ed0
nccl-test-worker-1:153679:153679 [0] NCCL INFO Recv: 134217728 Bytes -> Algo Unknown proto SIMPLE channel{Lo..Hi}={0..7} comm 0x55f30eed7ed0
nccl-test-worker-1:153679:153679 [0] NCCL INFO Send: 134217728 Bytes -> Algo Unknown proto SIMPLE channel{Lo..Hi}={0..7} comm 0x55f30eed7ed0
nccl-test-worker-1:153679:153679 [0] NCCL INFO Recv: 134217728 Bytes -> Algo Unknown proto SIMPLE channel{Lo..Hi}={0..7} comm 0x55f30eed7ed0
nccl-test-worker-1:153679:153679 [0] NCCL INFO Send: 134217728 Bytes -> Algo Unknown proto SIMPLE channel{Lo..Hi}={0..7} comm 0x55f30eed7ed0
nccl-test-worker-1:153679:153679 [0] NCCL INFO Recv: 134217728 Bytes -> Algo Unknown proto SIMPLE channel{Lo..Hi}={0..7} comm 0x55f30eed7ed0
nccl-test-worker-1:153679:153679 [0] NCCL INFO Send: 134217728 Bytes -> Algo Unknown proto SIMPLE channel{Lo..Hi}={0..7} comm 0x55f30eed7ed0
nccl-test-worker-1:153679:153679 [0] NCCL INFO Recv: 134217728 Bytes -> Algo Unknown proto SIMPLE channel{Lo..Hi}={0..7} comm 0x55f30eed7ed0
nccl-test-worker-1:153679:153679 [0] NCCL INFO Send: 134217728 Bytes -> Algo Unknown proto SIMPLE channel{Lo..Hi}={0..7} comm 0x55f30eed7ed0
nccl-test-worker-1:153679:153679 [0] NCCL INFO Recv: 134217728 Bytes -> Algo Unknown proto SIMPLE channel{Lo..Hi}={0..7} comm 0x55f30eed7ed0
nccl-test-worker-1:153679:153679 [0] NCCL INFO Send: 134217728 Bytes -> Algo Unknown proto SIMPLE channel{Lo..Hi}={0..7} comm 0x55f30eed7ed0
nccl-test-worker-1:153679:153679 [0] NCCL INFO Recv: 134217728 Bytes -> Algo Unknown proto SIMPLE channel{Lo..Hi}={0..7} comm 0x55f30eed7ed0
nccl-test-worker-1:153679:153679 [0] NCCL INFO Send: 134217728 Bytes -> Algo Unknown proto SIMPLE channel{Lo..Hi}={0..7} comm 0x55f30eed7ed0
nccl-test-worker-1:153679:153679 [0] NCCL INFO Recv: 134217728 Bytes -> Algo Unknown proto SIMPLE channel{Lo..Hi}={0..7} comm 0x55f30eed7ed0
nccl-test-worker-1:153679:153679 [0] NCCL INFO Send: 134217728 Bytes -> Algo Unknown proto SIMPLE channel{Lo..Hi}={0..7} comm 0x55f30eed7ed0
nccl-test-worker-1:153679:153679 [0] NCCL INFO Recv: 134217728 Bytes -> Algo Unknown proto SIMPLE channel{Lo..Hi}={0..7} comm 0x55f30eed7ed0
nccl-test-worker-1:153679:153679 [0] NCCL INFO Send: 134217728 Bytes -> Algo Unknown proto SIMPLE channel{Lo..Hi}={0..7} comm 0x55f30eed7ed0
nccl-test-worker-1:153679:153679 [0] NCCL INFO Recv: 134217728 Bytes -> Algo Unknown proto SIMPLE channel{Lo..Hi}={0..7} comm 0x55f30eed7ed0
nccl-test-worker-1:153679:153679 [0] NCCL INFO Send: 134217728 Bytes -> Algo Unknown proto SIMPLE channel{Lo..Hi}={0..7} comm 0x55f30eed7ed0
nccl-test-worker-1:153679:153679 [0] NCCL INFO Recv: 134217728 Bytes -> Algo Unknown proto SIMPLE channel{Lo..Hi}={0..7} comm 0x55f30eed7ed0
nccl-test-worker-1:153679:153679 [0] NCCL INFO Send: 134217728 Bytes -> Algo Unknown proto SIMPLE channel{Lo..Hi}={0..7} comm 0x55f30eed7ed0
nccl-test-worker-1:153679:153679 [0] NCCL INFO Recv: 134217728 Bytes -> Algo Unknown proto SIMPLE channel{Lo..Hi}={0..7} comm 0x55f30eed7ed0
nccl-test-worker-1:153679:153679 [0] NCCL INFO Send: 134217728 Bytes -> Algo Unknown proto SIMPLE channel{Lo..Hi}={0..7} comm 0x55f30eed7ed0
nccl-test-worker-1:153679:153679 [0] NCCL INFO Recv: 134217728 Bytes -> Algo Unknown proto SIMPLE channel{Lo..Hi}={0..7} comm 0x55f30eed7ed0
nccl-test-worker-1:153679:153679 [0] NCCL INFO Send: 134217728 Bytes -> Algo Unknown proto SIMPLE channel{Lo..Hi}={0..7} comm 0x55f30eed7ed0
nccl-test-worker-1:153679:153679 [0] NCCL INFO Recv: 134217728 Bytes -> Algo Unknown proto SIMPLE channel{Lo..Hi}={0..7} comm 0x55f30eed7ed0
nccl-test-worker-1:153679:153679 [0] NCCL INFO Send: 134217728 Bytes -> Algo Unknown proto SIMPLE channel{Lo..Hi}={0..7} comm 0x55f30eed7ed0
nccl-test-worker-1:153679:153679 [0] NCCL INFO Recv: 134217728 Bytes -> Algo Unknown proto SIMPLE channel{Lo..Hi}={0..7} comm 0x55f30eed7ed0
nccl-test-worker-1:153679:153679 [0] NCCL INFO Send: 134217728 Bytes -> Algo Unknown proto SIMPLE channel{Lo..Hi}={0..7} comm 0x55f30eed7ed0
nccl-test-worker-1:153679:153679 [0] NCCL INFO Recv: 134217728 Bytes -> Algo Unknown proto SIMPLE channel{Lo..Hi}={0..7} comm 0x55f30eed7ed0
nccl-test-worker-1:153679:153679 [0] NCCL INFO Send: 134217728 Bytes -> Algo Unknown proto SIMPLE channel{Lo..Hi}={0..7} comm 0x55f30eed7ed0
nccl-test-worker-1:153679:153679 [0] NCCL INFO Recv: 134217728 Bytes -> Algo Unknown proto SIMPLE channel{Lo..Hi}={0..7} comm 0x55f30eed7ed0
nccl-test-worker-1:153679:153679 [0] NCCL INFO Send: 134217728 Bytes -> Algo Unknown proto SIMPLE channel{Lo..Hi}={0..7} comm 0x55f30eed7ed0
nccl-test-worker-1:153679:153679 [0] NCCL INFO Recv: 134217728 Bytes -> Algo Unknown proto SIMPLE channel{Lo..Hi}={0..7} comm 0x55f30eed7ed0
nccl-test-worker-1:153679:153679 [0] NCCL INFO Send: 134217728 Bytes -> Algo Unknown proto SIMPLE channel{Lo..Hi}={0..7} comm 0x55f30eed7ed0
nccl-test-worker-1:153679:153679 [0] NCCL INFO Recv: 134217728 Bytes -> Algo Unknown proto SIMPLE channel{Lo..Hi}={0..7} comm 0x55f30eed7ed0
nccl-test-worker-1:153679:153679 [0] NCCL INFO Send: 134217728 Bytes -> Algo Unknown proto SIMPLE channel{Lo..Hi}={0..7} comm 0x55f30eed7ed0
nccl-test-worker-1:153679:153848 [0] NCCL INFO comm 0x55f30eed7ed0 rank 0 nranks 8 cudaDev 0 busId 4b000 - Destroy COMPLETE
